history_id,employee_id,change_date,change_type,old_department_id,old_job_role,old_job_level,old_base_salary
HIS-00001,3929,2011-05-19,Promotion,DPT-005,Senior Engineer,2,9626
HIS-00002,20012,2022-09-22,Promotion,DPT-001,Senior Sales Exec,2,7366
HIS-00003,22363,2022-06-25,Merit Increase,DPT-007,Operations Analyst,2,5833
HIS-00004,9657,2022-09-24,Merit Increase,DPT-007,Operations Asst,1,2462
HIS-00005,11551,2021-05-21,Department Transfer,DPT-002,Sales Manager,4,17444
HIS-00006,21505,2021-09-03,Promotion,DPT-006,Marketing Manager,3,14468
HIS-00007,24213,2022-10-30,Merit Increase,DPT-005,IT Support,1,3462
HIS-00008,4176,2022-01-17,Promotion,DPT-007,Operations Manager,3,11276
HIS-00009,15025,2022-10-05,Promotion,DPT-001,Sales Executive,1,8086
HIS-00010,20166,2022-06-22,Merit Increase,DPT-002,Research Scientist,2,4113
HIS-00011,22462,2020-03-26,Department Transfer,DPT-002,Marketing Specialist,2,6282
HIS-00012,5747,2015-12-14,Merit Increase,DPT-005,Software Engineer,2,3535
HIS-00013,15079,2017-07-24,Promotion,DPT-001,Sales Representative,1,2808
HIS-00014,4899,2021-09-18,Merit Increase,DPT-001,Sales Executive,2,5021
HIS-00015,7655,2020-12-30,Promotion,DPT-006,Marketing Specialist,1,5097
HIS-00016,2202,2018-02-21,Promotion,DPT-001,Sales Executive,1,3661
HIS-00017,6393,2020-05-08,Merit Increase,DPT-006,Marketing Coord,1,3222
HIS-00018,13172,2022-10-26,Department Transfer,DPT-002,HR Generalist,2,4761
HIS-00019,1949,2017-08-14,Merit Increase,DPT-002,R&D Director,5,17313
HIS-00020,4068,2021-10-24,Department Transfer,DPT-004,Operations Asst,1,3126
HIS-00021,16247,2021-11-13,Department Transfer,DPT-004,Research Scientist,2,3954
HIS-00022,12853,2021-11-21,Merit Increase,DPT-007,Operations Analyst,2,5620
HIS-00023,5682,2021-08-30,Promotion,DPT-004,Financial Clerk,1,3197
HIS-00024,11160,2021-09-09,Department Transfer,DPT-006,Senior Engineer,3,7713
HIS-00025,8879,2021-08-03,Merit Increase,DPT-002,Lab Technician,1,2479
HIS-00026,5167,2021-11-07,Merit Increase,DPT-002,Lab Technician,1,2773
HIS-00027,14978,2021-06-27,Promotion,DPT-002,Research Scientist,1,3422
HIS-00028,12630,2021-06-20,Merit Increase,DPT-005,IT Support,1,3713
HIS-00029,11947,2019-04-09,Merit Increase,DPT-002,Lab Technician,1,1861
HIS-00030,4869,2013-11-10,Promotion,DPT-005,Senior Engineer,2,7232
HIS-00031,3561,2020-03-20,Department Transfer,DPT-006,Lab Technician,1,3140
HIS-00032,11693,2020-05-27,Promotion,DPT-006,Marketing Specialist,1,3651
HIS-00033,16522,2018-10-03,Department Transfer,DPT-007,Marketing Specialist,2,5996
HIS-00034,7816,2017-08-19,Merit Increase,DPT-004,Senior Analyst,3,10693
HIS-00035,2386,2019-10-07,Department Transfer,DPT-002,IT Manager,4,15462
HIS-00036,9170,2020-02-12,Promotion,DPT-002,Research Scientist,1,3718
HIS-00037,1259,2020-03-08,Department Transfer,DPT-007,Sales Representative,1,2791
HIS-00038,1821,2021-08-10,Promotion,DPT-002,Research Scientist,1,6749
HIS-00039,12255,2018-10-17,Department Transfer,DPT-007,Marketing Specialist,2,5252
HIS-00040,8362,2020-05-07,Merit Increase,DPT-001,Sales Executive,2,5282
HIS-00041,6614,2000-05-15,Merit Increase,DPT-001,Senior Sales Exec,3,9557
HIS-00042,23281,2019-09-25,Promotion,DPT-002,Lab Technician,1,2459
HIS-00043,1709,2018-02-09,Department Transfer,DPT-001,Senior Engineer,3,7511
HIS-00044,8376,2019-06-25,Promotion,DPT-002,Research Scientist,1,5132
HIS-00045,5607,2022-09-01,Merit Increase,DPT-007,Operations Analyst,2,6062
HIS-00046,24074,2020-10-28,Merit Increase,DPT-001,Sales Representative,1,1941
HIS-00047,12793,2022-10-27,Department Transfer,DPT-007,Marketing Coord,1,2871
HIS-00048,1874,2018-12-10,Promotion,DPT-006,Marketing Specialist,1,5394
HIS-00049,1957,2019-09-22,Merit Increase,DPT-005,Senior Engineer,3,10268
HIS-00050,16107,2022-05-17,Merit Increase,DPT-004,Financial Clerk,1,2181
HIS-00051,7210,2017-10-12,Department Transfer,DPT-005,Senior Marketer,3,11978
HIS-00052,21266,2021-02-20,Department Transfer,DPT-004,Software Engineer,2,5661
HIS-00053,20641,2021-01-06,Department Transfer,DPT-005,Lab Technician,1,3830
HIS-00054,5446,2021-08-24,Promotion,DPT-001,Sales Representative,1,1924
HIS-00055,24228,2019-02-06,Merit Increase,DPT-005,IT Support,1,2201
HIS-00056,12905,2018-10-21,Promotion,DPT-007,Operations Asst,1,2095
HIS-00057,20283,2022-05-11,Merit Increase,DPT-005,IT Support,1,2493
HIS-00058,10801,2022-05-16,Merit Increase,DPT-002,R&D Director,5,17510
HIS-00059,3164,2022-01-18,Promotion,DPT-004,Senior Analyst,2,7366
HIS-00060,754,2021-02-08,Promotion,DPT-002,R&D Director,4,15412
HIS-00061,20055,2011-05-15,Department Transfer,DPT-001,Software Engineer,2,5557
HIS-00062,22135,2021-10-17,Merit Increase,DPT-002,Research Scientist,2,4718
HIS-00063,8834,2022-06-20,Merit Increase,DPT-004,Financial Clerk,1,3953
HIS-00064,23668,2018-12-07,Promotion,DPT-002,Lab Technician,1,2074
HIS-00065,15582,2022-08-31,Department Transfer,DPT-001,Research Scientist,2,4568
HIS-00066,20973,2018-11-10,Merit Increase,DPT-002,Lab Technician,1,1911
HIS-00067,16820,2019-05-07,Department Transfer,DPT-003,Marketing Specialist,2,6252
HIS-00068,20479,2019-03-02,Department Transfer,DPT-007,Lab Technician,1,2634
HIS-00069,19723,2020-09-12,Promotion,DPT-004,Financial Analyst,1,4182
HIS-00070,24264,2020-08-28,Merit Increase,DPT-005,Software Engineer,2,4716
HIS-00071,4256,2020-11-04,Merit Increase,DPT-005,Software Engineer,2,5283
HIS-00072,20542,2014-02-20,Promotion,DPT-001,Sales Executive,1,4879
HIS-00073,12683,2022-08-26,Promotion,DPT-002,Research Scientist,1,4380
HIS-00074,9636,2022-09-30,Promotion,DPT-001,Sales Representative,1,2088
HIS-00075,8940,2016-10-07,Department Transfer,DPT-001,Lab Technician,1,4917
HIS-00076,2845,2022-08-07,Promotion,DPT-005,Software Engineer,1,4016
HIS-00077,24794,2016-08-04,Department Transfer,DPT-007,Senior Analyst,3,7007
HIS-00078,6931,2018-07-14,Merit Increase,DPT-002,Research Scientist,2,4678
HIS-00079,6419,2022-03-16,Merit Increase,DPT-006,Senior Marketer,3,6274
HIS-00080,17962,2015-03-08,Promotion,DPT-001,Sales Executive,1,3963
HIS-00081,12107,2019-06-26,Promotion,DPT-006,Marketing Coord,1,2040
HIS-00082,8579,2022-03-05,Merit Increase,DPT-002,Lab Technician,1,2363
HIS-00083,12895,2012-03-20,Merit Increase,DPT-002,Research Scientist,2,6841
HIS-00084,21827,2022-04-15,Department Transfer,DPT-007,Financial Clerk,1,2780
HIS-00085,1308,2010-08-03,Merit Increase,DPT-006,Marketing Specialist,2,5407
HIS-00086,998,2021-09-30,Merit Increase,DPT-001,Sales Representative,1,1959
HIS-00087,4926,2019-11-30,Department Transfer,DPT-001,Senior Researcher,3,9990
HIS-00088,15345,2022-09-27,Promotion,DPT-005,IT Support,1,3398
HIS-00089,24808,1989-07-29,Promotion,DPT-002,R&D Manager,3,12224
HIS-00090,22480,2018-06-06,Department Transfer,DPT-007,Sales Executive,2,5036
HIS-00091,22670,2017-06-29,Merit Increase,DPT-002,Research Scientist,2,4728
HIS-00092,12516,2021-10-15,Department Transfer,DPT-005,HR Assistant,1,2266
HIS-00093,18408,2013-02-07,Merit Increase,DPT-006,Marketing Coord,1,3688
HIS-00094,19270,2017-02-14,Merit Increase,DPT-006,Marketing Specialist,2,8234
HIS-00095,11775,2021-04-23,Department Transfer,DPT-002,Operations Manager,4,17053
HIS-00096,21347,2019-09-15,Promotion,DPT-006,Marketing Specialist,1,3625
HIS-00097,18179,2016-07-18,Department Transfer,DPT-001,Software Engineer,2,6780
HIS-00098,23028,2014-08-28,Merit Increase,DPT-005,Senior Engineer,3,8400
HIS-00099,2565,2022-05-02,Merit Increase,DPT-003,HR Partner,3,9939
HIS-00100,3551,2021-10-10,Department Transfer,DPT-002,Senior Marketer,3,14117
HIS-00101,14455,2016-03-18,Merit Increase,DPT-002,R&D Director,5,17305
HIS-00102,23467,2014-07-16,Merit Increase,DPT-005,Software Engineer,2,4915
HIS-00103,18784,2016-10-10,Promotion,DPT-005,IT Manager,3,14435
HIS-00104,23595,2015-12-06,Promotion,DPT-004,Financial Clerk,1,1730
HIS-00105,17473,2020-06-22,Merit Increase,DPT-004,Financial Analyst,2,3932
HIS-00106,11905,2016-03-11,Department Transfer,DPT-002,Software Engineer,2,4263
HIS-00107,15953,2018-09-20,Merit Increase,DPT-002,R&D Manager,4,15295
HIS-00108,9600,2022-05-18,Department Transfer,DPT-007,Research Scientist,2,6652
HIS-00109,21171,2020-03-28,Merit Increase,DPT-007,Operations Asst,1,1972
HIS-00110,3901,2022-03-29,Merit Increase,DPT-003,HR Assistant,1,3387
HIS-00111,1640,2021-04-16,Promotion,DPT-007,Operations Analyst,1,4550
HIS-00112,6119,2020-09-19,Merit Increase,DPT-002,Research Scientist,2,8770
HIS-00113,4424,2022-03-24,Merit Increase,DPT-005,IT Support,1,2001
HIS-00114,20037,2021-10-30,Merit Increase,DPT-005,Software Engineer,2,4229
HIS-00115,17570,2021-11-11,Department Transfer,DPT-001,Marketing Coord,1,4151
HIS-00116,24657,2022-01-15,Department Transfer,DPT-003,Senior Analyst,3,10639
HIS-00117,18836,2021-07-20,Promotion,DPT-007,Operations Asst,1,2013
HIS-00118,22735,2021-06-06,Merit Increase,DPT-005,Software Engineer,2,4523
HIS-00119,10232,2022-09-10,Promotion,DPT-002,Research Scientist,1,3920
HIS-00120,1553,2019-11-07,Promotion,DPT-006,Marketing Specialist,1,5445
HIS-00121,2963,2022-02-24,Department Transfer,DPT-005,R&D Manager,4,16328
HIS-00122,17027,2021-04-12,Merit Increase,DPT-007,Operations Analyst,2,5647
HIS-00123,18047,2021-04-26,Promotion,DPT-006,Marketing Coord,1,1994
HIS-00124,15780,2020-03-05,Merit Increase,DPT-007,Operations Asst,1,2897
HIS-00125,15679,2020-07-13,Merit Increase,DPT-007,Operations Analyst,2,4250
HIS-00126,2463,2020-12-06,Merit Increase,DPT-005,IT Support,1,2383
HIS-00127,7201,2020-11-02,Promotion,DPT-002,Senior Researcher,2,9080
HIS-00128,13929,2021-05-07,Department Transfer,DPT-005,Senior Marketer,3,9043
HIS-00129,19549,2021-08-31,Promotion,DPT-007,Operations Analyst,1,4528
HIS-00130,502,2022-03-04,Promotion,DPT-004,Financial Clerk,1,2312
HIS-00131,503,2018-12-17,Promotion,DPT-002,Senior Researcher,2,8520
HIS-00132,18353,2021-05-14,Department Transfer,DPT-002,Senior Marketer,3,8481
HIS-00133,18571,2022-07-24,Department Transfer,DPT-006,Sales Representative,1,2411
HIS-00134,13259,2020-01-13,Merit Increase,DPT-001,Sales Representative,1,3292
HIS-00135,19969,2018-01-23,Merit Increase,DPT-005,Software Engineer,2,6984
HIS-00136,14476,2021-12-18,Department Transfer,DPT-005,Senior Analyst,3,9595
HIS-00137,13296,2015-11-13,Promotion,DPT-002,R&D Manager,3,15507
HIS-00138,14002,2016-08-03,Promotion,DPT-001,Senior Sales Exec,2,6159
HIS-00139,5600,2018-07-03,Merit Increase,DPT-005,IT Manager,4,15344
HIS-00140,19738,2004-04-26,Merit Increase,DPT-005,IT Manager,4,11391
HIS-00141,4695,2021-09-09,Department Transfer,DPT-007,HR Assistant,1,2190
HIS-00142,17110,2013-02-18,Merit Increase,DPT-006,Senior Marketer,3,8863
HIS-00143,3761,2022-10-28,Promotion,DPT-001,Senior Sales Exec,2,10496
HIS-00144,19805,2020-03-21,Promotion,DPT-002,Senior Researcher,2,8281
HIS-00145,4121,2020-06-10,Department Transfer,DPT-001,Lab Technician,1,2746
HIS-00146,10618,2018-07-16,Department Transfer,DPT-005,Operations Asst,1,1956
HIS-00147,24397,2022-06-30,Department Transfer,DPT-007,Sales Representative,1,2788
HIS-00148,18172,2020-07-17,Merit Increase,DPT-007,Operations Manager,4,13075
HIS-00149,16770,2014-02-25,Department Transfer,DPT-002,Software Engineer,2,4332
HIS-00150,2245,2019-03-09,Merit Increase,DPT-007,Senior Analyst,3,7644
HIS-00151,7727,2021-01-26,Department Transfer,DPT-004,Sales Representative,1,2913
HIS-00152,7869,2020-12-20,Promotion,DPT-002,Lab Technician,1,1630
HIS-00153,19817,2001-05-29,Merit Increase,DPT-006,CMO,5,17301
HIS-00154,20267,2019-06-19,Department Transfer,DPT-007,Software Engineer,2,6260
HIS-00155,16542,2022-04-09,Promotion,DPT-004,Financial Analyst,1,6993
HIS-00156,647,2021-07-09,Promotion,DPT-005,IT Support,1,2013
HIS-00157,17531,2021-07-14,Merit Increase,DPT-005,IT Support,1,2230
HIS-00158,15570,2020-08-31,Merit Increase,DPT-004,Financial Analyst,2,5363
HIS-00159,18474,2021-10-27,Merit Increase,DPT-003,HR Assistant,1,2130
HIS-00160,8070,2021-01-02,Merit Increase,DPT-005,IT Support,1,2719
HIS-00161,18208,2009-02-26,Department Transfer,DPT-006,Software Engineer,2,5415
HIS-00162,22766,2022-10-11,Department Transfer,DPT-002,Financial Clerk,1,2200
HIS-00163,3980,2020-03-20,Merit Increase,DPT-003,HR Director,5,18266
HIS-00164,3460,2017-01-10,Promotion,DPT-005,Senior Engineer,2,8745
HIS-00165,10068,2021-10-09,Department Transfer,DPT-005,Marketing Specialist,2,7559
HIS-00166,52,2010-08-26,Merit Increase,DPT-006,Marketing Specialist,2,5723
HIS-00167,19152,2017-09-13,Merit Increase,DPT-005,Senior Engineer,3,9319
HIS-00168,18959,2021-03-05,Department Transfer,DPT-004,Research Scientist,2,5709
HIS-00169,22153,2020-05-30,Merit Increase,DPT-007,Operations Analyst,2,8286
HIS-00170,5113,2020-07-06,Promotion,DPT-005,CIO,4,16790
HIS-00171,1983,2020-04-04,Promotion,DPT-004,Financial Analyst,1,1656
HIS-00172,19607,2004-06-22,Promotion,DPT-007,Operations Manager,3,11087
HIS-00173,2758,2018-03-14,Merit Increase,DPT-007,Senior Analyst,3,10414
HIS-00174,10351,2022-06-03,Merit Increase,DPT-005,Software Engineer,2,5729
HIS-00175,9092,2019-11-17,Merit Increase,DPT-001,Sales Manager,4,15087
HIS-00176,6627,2020-08-19,Department Transfer,DPT-002,Marketing Coord,1,2616
HIS-00177,5533,2013-10-22,Promotion,DPT-005,Software Engineer,1,3931
HIS-00178,1253,2017-08-06,Merit Increase,DPT-001,Sales Executive,2,5169
HIS-00179,24803,2020-08-23,Merit Increase,DPT-006,Marketing Specialist,2,4578
HIS-00180,9783,2022-08-14,Merit Increase,DPT-005,IT Support,1,2093
HIS-00181,9632,2022-03-25,Promotion,DPT-005,Software Engineer,1,3626
HIS-00182,13331,2022-09-01,Merit Increase,DPT-001,Sales Executive,2,6046
HIS-00183,13154,2021-06-21,Department Transfer,DPT-003,Research Scientist,2,5355
HIS-00184,16492,2022-07-28,Merit Increase,DPT-001,Sales Executive,2,3838
HIS-00185,11847,2015-02-22,Department Transfer,DPT-005,Operations Asst,1,2670
HIS-00186,5663,2009-12-05,Promotion,DPT-006,CMO,4,17252
HIS-00187,12419,2022-04-27,Merit Increase,DPT-006,Marketing Coord,1,2541
HIS-00188,7345,2021-03-11,Merit Increase,DPT-004,Financial Analyst,2,5947
HIS-00189,6205,2019-05-20,Department Transfer,DPT-005,Sales Representative,1,3432
HIS-00190,10770,2021-03-14,Department Transfer,DPT-003,Senior Engineer,3,9402
HIS-00191,4598,2020-06-12,Merit Increase,DPT-002,Lab Technician,1,2161
HIS-00192,18913,2022-07-27,Merit Increase,DPT-007,Senior Analyst,3,8512
HIS-00193,5392,2017-09-26,Merit Increase,DPT-005,Software Engineer,2,4551
HIS-00194,20327,2017-11-27,Merit Increase,DPT-001,VP of Sales,5,17680
HIS-00195,22788,2017-01-24,Promotion,DPT-007,Operations Analyst,1,4527
HIS-00196,17057,2020-05-19,Merit Increase,DPT-004,Financial Analyst,2,6308
HIS-00197,23142,2022-06-17,Merit Increase,DPT-002,Lab Technician,1,1912
HIS-00198,9456,2021-01-01,Promotion,DPT-002,Lab Technician,1,1925
HIS-00199,18530,2020-12-25,Promotion,DPT-005,Software Engineer,1,4053
HIS-00200,5411,2020-11-13,Department Transfer,DPT-006,Software Engineer,2,2990
HIS-00201,2681,2021-01-15,Merit Increase,DPT-002,Research Scientist,2,5487
HIS-00202,13096,2022-01-27,Promotion,DPT-007,Senior Analyst,2,11278
HIS-00203,17528,2020-04-01,Merit Increase,DPT-007,Operations Analyst,2,4977
HIS-00204,21847,2011-08-31,Merit Increase,DPT-003,HR Director,5,17927
HIS-00205,11014,2019-04-01,Department Transfer,DPT-007,Lab Technician,1,2068
HIS-00206,18105,2021-06-30,Department Transfer,DPT-001,Lab Technician,1,2450
HIS-00207,4130,2019-01-15,Merit Increase,DPT-001,Sales Representative,1,4124
HIS-00208,13560,2019-09-19,Merit Increase,DPT-004,Financial Analyst,2,5125
HIS-00209,6367,2020-12-02,Department Transfer,DPT-003,Research Scientist,2,6013
HIS-00210,16838,2017-10-29,Department Transfer,DPT-004,IT Support,1,4022
HIS-00211,3066,2021-02-12,Merit Increase,DPT-002,R&D Manager,4,10683
HIS-00212,15173,2020-08-17,Promotion,DPT-005,Software Engineer,1,4294
HIS-00213,4081,2022-04-15,Department Transfer,DPT-004,IT Manager,4,16883
HIS-00214,18355,2022-11-04,Promotion,DPT-001,Sales Executive,1,4560
HIS-00215,10367,2013-10-13,Merit Increase,DPT-006,Senior Marketer,3,11846
HIS-00216,16296,2009-10-19,Promotion,DPT-002,R&D Manager,3,15615
HIS-00217,21000,2021-08-18,Department Transfer,DPT-005,HR Assistant,1,2370
HIS-00218,16251,2014-01-28,Department Transfer,DPT-004,Senior Researcher,3,8962
HIS-00219,11384,2017-07-04,Promotion,DPT-005,Senior Engineer,2,8439
HIS-00220,21743,2021-11-17,Department Transfer,DPT-001,Lab Technician,1,2326
HIS-00221,23169,2022-04-23,Promotion,DPT-001,Senior Sales Exec,2,7622
HIS-00222,16163,2018-03-09,Merit Increase,DPT-005,Software Engineer,2,5924
HIS-00223,6134,2016-08-08,Promotion,DPT-001,Sales Executive,1,4001
HIS-00224,10141,2021-08-15,Department Transfer,DPT-005,Senior Sales Exec,3,8623
HIS-00225,10660,2016-04-04,Merit Increase,DPT-005,Software Engineer,2,8767
HIS-00226,5352,2020-02-11,Merit Increase,DPT-007,Senior Analyst,3,6958
HIS-00227,22377,2021-03-20,Merit Increase,DPT-001,Sales Representative,1,2204
HIS-00228,3119,2017-07-20,Merit Increase,DPT-002,Research Scientist,2,5991
HIS-00229,960,2020-09-28,Department Transfer,DPT-006,IT Support,1,2111
HIS-00230,18738,2018-03-13,Merit Increase,DPT-002,Research Scientist,2,5849
HIS-00231,20238,2020-08-06,Merit Increase,DPT-007,Operations Analyst,2,6841
HIS-00232,15842,2019-03-09,Department Transfer,DPT-005,Operations Asst,1,2133
HIS-00233,2643,2020-11-07,Merit Increase,DPT-006,Marketing Coord,1,4079
HIS-00234,7165,2019-10-15,Department Transfer,DPT-006,IT Support,1,2228
HIS-00235,8129,2017-09-05,Promotion,DPT-007,Operations Asst,1,2052
HIS-00236,480,2022-12-03,Department Transfer,DPT-005,Financial Clerk,1,3303
HIS-00237,16329,2022-02-24,Merit Increase,DPT-005,IT Support,1,2155
HIS-00238,18981,2021-10-31,Department Transfer,DPT-003,COO,5,19092
HIS-00239,15688,2019-07-27,Merit Increase,DPT-001,Senior Sales Exec,3,10011
HIS-00240,23919,2019-05-21,Promotion,DPT-002,Research Scientist,1,3865
HIS-00241,12236,2019-03-07,Promotion,DPT-007,Operations Asst,1,1879
HIS-00242,1761,2022-03-03,Department Transfer,DPT-003,Financial Analyst,2,6697
HIS-00243,18656,2022-01-02,Merit Increase,DPT-005,IT Support,1,2591
HIS-00244,2136,2021-03-10,Merit Increase,DPT-007,Operations Analyst,2,4154
HIS-00245,20987,2022-05-18,Department Transfer,DPT-004,Senior Marketer,3,10338
HIS-00246,22767,2022-04-02,Department Transfer,DPT-004,Sales Executive,2,8247
HIS-00247,8813,2014-12-23,Promotion,DPT-006,Marketing Specialist,1,4554
HIS-00248,3531,2018-06-02,Promotion,DPT-002,Research Scientist,1,5793
HIS-00249,20418,2016-04-05,Promotion,DPT-007,Senior Analyst,2,6107
HIS-00250,24932,2017-05-06,Merit Increase,DPT-006,Marketing Specialist,2,5604
HIS-00251,22470,2014-01-02,Merit Increase,DPT-005,Software Engineer,2,5693
HIS-00252,4459,2020-01-20,Merit Increase,DPT-003,HR Assistant,1,2320
HIS-00253,19708,2020-11-22,Department Transfer,DPT-005,Financial Analyst,2,4972
HIS-00254,13607,2012-09-27,Merit Increase,DPT-002,Lab Technician,1,2443
HIS-00255,16387,2020-09-20,Merit Increase,DPT-001,Sales Executive,2,5044
HIS-00256,11226,2020-06-04,Promotion,DPT-003,HR Generalist,1,4926
HIS-00257,5265,2019-01-22,Promotion,DPT-007,Senior Analyst,2,8524
HIS-00258,8750,2022-03-11,Promotion,DPT-001,Senior Sales Exec,2,7946
HIS-00259,22843,2020-09-02,Merit Increase,DPT-005,Software Engineer,2,4020
HIS-00260,12217,2020-04-26,Department Transfer,DPT-001,Financial Analyst,2,5116
HIS-00261,18560,2019-10-04,Department Transfer,DPT-004,Operations Analyst,2,4346
HIS-00262,3830,2005-11-10,Merit Increase,DPT-002,Lab Technician,1,2713
HIS-00263,8105,2020-10-12,Merit Increase,DPT-006,Marketing Specialist,2,8269
HIS-00264,13051,2022-07-03,Department Transfer,DPT-006,Senior Analyst,3,7936
HIS-00265,5688,2022-02-27,Merit Increase,DPT-007,Operations Analyst,2,6086
HIS-00266,8234,2021-08-05,Department Transfer,DPT-001,IT Support,1,4091
HIS-00267,15710,2020-11-23,Promotion,DPT-004,Financial Analyst,1,4114
HIS-00268,23505,2016-08-01,Promotion,DPT-001,Sales Executive,1,3639
HIS-00269,18878,2022-11-14,Promotion,DPT-007,Operations Asst,1,2297
HIS-00270,1587,2016-11-17,Merit Increase,DPT-005,Software Engineer,2,4692
HIS-00271,9453,2021-02-08,Department Transfer,DPT-003,Sales Executive,2,5518
HIS-00272,15650,2021-03-31,Department Transfer,DPT-002,Sales Representative,1,2438
HIS-00273,13432,2016-10-26,Promotion,DPT-007,Operations Analyst,1,4661
HIS-00274,24801,2013-08-08,Promotion,DPT-004,Financial Analyst,1,6736
HIS-00275,11568,2022-03-19,Merit Increase,DPT-004,Financial Clerk,1,2659
HIS-00276,10788,2021-08-20,Department Transfer,DPT-003,Sales Executive,2,4481
HIS-00277,10623,2019-07-13,Promotion,DPT-005,Software Engineer,1,4364
HIS-00278,15131,2022-11-01,Department Transfer,DPT-004,R&D Manager,4,13207
HIS-00279,15112,2021-10-17,Department Transfer,DPT-007,Senior Engineer,3,9564
HIS-00280,7815,2014-05-17,Promotion,DPT-002,Research Scientist,1,3517
HIS-00281,16573,2019-01-06,Merit Increase,DPT-007,Operations Analyst,2,6045
HIS-00282,6884,2020-04-06,Promotion,DPT-004,Financial Analyst,1,4562
HIS-00283,8753,2021-08-23,Promotion,DPT-002,Lab Technician,1,2833
HIS-00284,10454,2021-10-29,Merit Increase,DPT-007,Operations Analyst,2,4989
HIS-00285,19806,2020-06-21,Promotion,DPT-006,Marketing Coord,1,1861
HIS-00286,7984,2022-10-11,Promotion,DPT-002,Lab Technician,1,1751
HIS-00287,5668,2020-11-11,Merit Increase,DPT-006,Senior Marketer,3,8798
HIS-00288,4062,2019-02-13,Merit Increase,DPT-002,Lab Technician,1,1831
HIS-00289,24847,2017-10-13,Promotion,DPT-007,Operations Asst,1,1775
HIS-00290,17819,2021-01-11,Promotion,DPT-006,Senior Marketer,2,6279
HIS-00291,22144,2020-07-14,Merit Increase,DPT-006,Marketing Coord,1,2734
HIS-00292,6868,2022-01-10,Merit Increase,DPT-001,Senior Sales Exec,3,8877
HIS-00293,20039,2016-06-03,Department Transfer,DPT-006,Operations Analyst,2,9853
HIS-00294,20102,2019-07-24,Department Transfer,DPT-005,Sales Manager,4,17426
HIS-00295,21019,2022-01-12,Department Transfer,DPT-007,Sales Executive,2,2518
HIS-00296,24302,2018-05-05,Promotion,DPT-005,Software Engineer,1,3481
HIS-00297,11938,2022-10-05,Promotion,DPT-003,HR Assistant,1,2573
HIS-00298,24810,2021-06-22,Promotion,DPT-007,Operations Asst,1,3309
HIS-00299,9206,2018-06-09,Promotion,DPT-001,Sales Executive,1,3587
HIS-00300,1510,2021-11-11,Department Transfer,DPT-005,Marketing Coord,1,3496
HIS-00301,20005,2021-12-04,Merit Increase,DPT-004,Financial Clerk,1,2552
HIS-00302,11168,2022-06-15,Merit Increase,DPT-002,Lab Technician,1,3711
HIS-00303,11831,2021-06-07,Merit Increase,DPT-004,Financial Clerk,1,3277
HIS-00304,6455,2017-10-09,Promotion,DPT-007,Operations Analyst,1,4492
HIS-00305,3690,2017-11-22,Merit Increase,DPT-001,Sales Executive,2,3955
HIS-00306,12795,2020-01-24,Promotion,DPT-003,HR Partner,2,9469
HIS-00307,19577,2018-08-18,Department Transfer,DPT-001,Senior Engineer,3,9543
HIS-00308,16772,2022-02-15,Promotion,DPT-007,Operations Manager,3,14467
HIS-00309,2760,2021-08-11,Merit Increase,DPT-001,Sales Representative,1,1938
HIS-00310,13837,2014-05-01,Promotion,DPT-007,Operations Analyst,1,5411
HIS-00311,18489,2021-09-10,Merit Increase,DPT-006,Marketing Coord,1,3513
HIS-00312,19863,2018-07-18,Merit Increase,DPT-002,Research Scientist,2,5452
HIS-00313,21597,2018-06-25,Promotion,DPT-007,Operations Analyst,1,4006
HIS-00314,1921,2022-04-28,Promotion,DPT-005,IT Support,1,2007
HIS-00315,5801,2008-06-18,Merit Increase,DPT-002,R&D Director,5,18043
HIS-00316,3280,2013-03-13,Department Transfer,DPT-002,Senior Marketer,3,9998
HIS-00317,15395,2020-11-06,Promotion,DPT-007,Operations Asst,1,2127
HIS-00318,7358,2018-11-22,Merit Increase,DPT-007,Senior Analyst,3,8538
HIS-00319,14297,2019-09-02,Promotion,DPT-006,Senior Marketer,2,9135
HIS-00320,16541,2018-08-27,Department Transfer,DPT-002,Sales Representative,1,2841
HIS-00321,9776,2015-06-25,Department Transfer,DPT-001,Financial Analyst,2,5461
HIS-00322,8984,2010-12-26,Promotion,DPT-005,Software Engineer,1,3779
HIS-00323,1740,2019-06-27,Merit Increase,DPT-003,HR Partner,3,8809
HIS-00324,20823,2019-07-21,Department Transfer,DPT-005,Operations Asst,1,1948
HIS-00325,6332,2011-04-17,Merit Increase,DPT-005,IT Manager,4,11403
HIS-00326,10745,2022-03-24,Merit Increase,DPT-004,Financial Analyst,2,5404
HIS-00327,14203,2007-05-23,Merit Increase,DPT-006,CMO,5,17363
HIS-00328,9788,2013-11-24,Department Transfer,DPT-004,R&D Director,5,18904
HIS-00329,13127,2017-07-10,Merit Increase,DPT-001,Sales Executive,2,4771
HIS-00330,4940,2018-01-12,Merit Increase,DPT-006,Marketing Specialist,2,5219
HIS-00331,12567,2016-02-03,Merit Increase,DPT-005,Senior Engineer,3,6993
HIS-00332,19579,2022-08-05,Merit Increase,DPT-002,Lab Technician,1,2784
HIS-00333,21496,2021-04-28,Merit Increase,DPT-005,Software Engineer,2,3881
HIS-00334,9541,2022-06-12,Promotion,DPT-001,Senior Sales Exec,2,10186
HIS-00335,23821,2018-06-03,Promotion,DPT-002,Research Scientist,1,5462
HIS-00336,3211,2020-10-30,Promotion,DPT-001,Sales Executive,1,5211
HIS-00337,6886,2022-08-16,Promotion,DPT-007,Senior Analyst,2,7825
HIS-00338,9996,2018-05-29,Department Transfer,DPT-004,Operations Asst,1,2118
HIS-00339,18341,2020-05-04,Merit Increase,DPT-005,IT Support,1,3034
HIS-00340,1313,2022-09-17,Merit Increase,DPT-004,Financial Analyst,2,5212
HIS-00341,8478,2021-06-02,Department Transfer,DPT-002,IT Support,1,2042
HIS-00342,1882,2018-05-05,Merit Increase,DPT-007,Operations Analyst,2,3755
HIS-00343,18841,2016-02-12,Merit Increase,DPT-007,Operations Analyst,2,5716
HIS-00344,20425,2015-06-02,Department Transfer,DPT-004,Senior Analyst,3,7270
HIS-00345,16816,2022-03-13,Department Transfer,DPT-002,Senior Sales Exec,3,10912
HIS-00346,3555,2020-01-21,Merit Increase,DPT-001,Sales Representative,1,3277
HIS-00347,22652,2021-06-19,Promotion,DPT-004,Financial Clerk,1,2033
HIS-00348,13843,2020-06-10,Merit Increase,DPT-002,Research Scientist,2,6298
HIS-00349,9867,2019-03-04,Merit Increase,DPT-003,HR Generalist,2,4416
HIS-00350,23556,2022-04-17,Merit Increase,DPT-005,Software Engineer,2,5756
HIS-00351,18808,2021-10-31,Merit Increase,DPT-002,Lab Technician,1,2303
HIS-00352,16452,2021-02-19,Promotion,DPT-001,Senior Sales Exec,2,11616
HIS-00353,433,2021-01-08,Department Transfer,DPT-002,IT Manager,4,13464
HIS-00354,17280,2022-08-05,Merit Increase,DPT-002,Senior Researcher,3,8453
HIS-00355,4730,2019-08-24,Promotion,DPT-001,VP of Sales,4,16597
HIS-00356,8561,2016-08-16,Merit Increase,DPT-001,Sales Executive,2,5210
HIS-00357,15879,2021-03-09,Promotion,DPT-001,Sales Executive,1,4554
HIS-00358,5690,2021-02-16,Department Transfer,DPT-004,Software Engineer,2,4667
HIS-00359,16650,2020-09-09,Promotion,DPT-002,Lab Technician,1,1692
HIS-00360,7544,2000-05-22,Promotion,DPT-007,COO,4,14980
HIS-00361,15017,2011-03-23,Department Transfer,DPT-005,Finance Manager,4,16743
HIS-00362,12810,1992-02-23,Department Transfer,DPT-004,IT Manager,4,18763
HIS-00363,18652,2022-08-09,Merit Increase,DPT-002,Research Scientist,2,5495
HIS-00364,9285,2019-08-28,Merit Increase,DPT-006,Marketing Coord,1,3130
HIS-00365,12361,2018-06-11,Department Transfer,DPT-001,Marketing Specialist,2,4198
HIS-00366,1012,2016-04-11,Promotion,DPT-007,Senior Analyst,2,9808
HIS-00367,13580,2021-09-27,Merit Increase,DPT-005,IT Support,1,2721
HIS-00368,19790,2015-03-11,Promotion,DPT-005,Software Engineer,1,3493
HIS-00369,7068,2022-07-20,Department Transfer,DPT-001,Finance Manager,4,17026
HIS-00370,21274,2003-05-19,Merit Increase,DPT-005,IT Manager,4,14397
HIS-00371,17870,2019-04-04,Merit Increase,DPT-003,HR Assistant,1,2721
HIS-00372,5851,2020-01-05,Promotion,DPT-001,Sales Representative,1,2543
HIS-00373,14299,2021-04-08,Merit Increase,DPT-004,Financial Clerk,1,2261
HIS-00374,16160,2020-01-30,Merit Increase,DPT-001,Sales Representative,1,2478
HIS-00375,5534,2021-03-05,Merit Increase,DPT-006,Senior Marketer,3,7309
HIS-00376,24535,2006-02-24,Promotion,DPT-001,VP of Sales,4,15572
HIS-00377,4493,2017-03-03,Merit Increase,DPT-005,Software Engineer,2,5045
HIS-00378,15883,2022-07-05,Promotion,DPT-002,Lab Technician,1,1779
HIS-00379,18101,2022-08-25,Merit Increase,DPT-001,Sales Representative,1,3254
HIS-00380,11850,2021-01-19,Merit Increase,DPT-007,Operations Analyst,2,5867
HIS-00381,3981,2021-03-24,Department Transfer,DPT-001,Marketing Specialist,2,4933
HIS-00382,7675,2019-11-26,Merit Increase,DPT-004,Financial Analyst,2,6048
HIS-00383,23150,2017-06-03,Merit Increase,DPT-005,Software Engineer,2,3955
HIS-00384,17677,2014-03-22,Promotion,DPT-005,IT Manager,3,13699
HIS-00385,12923,2022-11-08,Department Transfer,DPT-005,HR Assistant,1,2194
HIS-00386,10680,2019-09-28,Department Transfer,DPT-006,Research Scientist,2,6115
HIS-00387,20538,2021-09-09,Department Transfer,DPT-005,Research Scientist,2,5550
HIS-00388,7986,2022-01-20,Merit Increase,DPT-006,Senior Marketer,3,9492
HIS-00389,10840,2012-03-28,Merit Increase,DPT-004,Financial Clerk,1,2813
HIS-00390,21693,2020-03-04,Department Transfer,DPT-007,Senior Researcher,3,10476
HIS-00391,18972,2018-05-02,Promotion,DPT-002,Lab Technician,1,2376
HIS-00392,3414,2018-08-30,Merit Increase,DPT-002,Research Scientist,2,4925
HIS-00393,12449,2021-04-29,Merit Increase,DPT-005,IT Support,1,4058
HIS-00394,16855,2007-04-19,Merit Increase,DPT-005,IT Manager,4,16504
HIS-00395,11920,2021-09-08,Merit Increase,DPT-006,Marketing Coord,1,2623
HIS-00396,4606,2018-09-20,Department Transfer,DPT-002,Operations Analyst,2,4864
HIS-00397,16979,2016-08-16,Merit Increase,DPT-001,Sales Representative,1,1902
HIS-00398,5104,2018-11-18,Promotion,DPT-002,R&D Manager,3,10667
HIS-00399,23415,2018-11-23,Department Transfer,DPT-003,Software Engineer,2,4601
HIS-00400,1489,2021-02-19,Department Transfer,DPT-005,Lab Technician,1,2087
HIS-00401,14924,2020-02-26,Promotion,DPT-004,Financial Clerk,1,2178
HIS-00402,12982,2003-07-07,Promotion,DPT-004,Senior Analyst,2,9358
HIS-00403,15948,2022-06-05,Department Transfer,DPT-004,Senior Engineer,3,10469
HIS-00404,4967,2018-03-24,Merit Increase,DPT-007,Operations Analyst,2,4893
HIS-00405,20495,2022-05-11,Merit Increase,DPT-005,Software Engineer,2,5895
HIS-00406,3850,2019-02-09,Promotion,DPT-001,Sales Executive,1,4323
HIS-00407,2622,2021-07-30,Merit Increase,DPT-007,Operations Asst,1,1953
HIS-00408,3467,2022-11-07,Department Transfer,DPT-006,Senior Analyst,3,9906
HIS-00409,14367,2020-10-23,Merit Increase,DPT-007,Operations Analyst,2,6008
HIS-00410,8113,2021-02-28,Promotion,DPT-007,Operations Asst,1,2250
HIS-00411,404,2018-11-08,Department Transfer,DPT-005,Marketing Specialist,2,5482
HIS-00412,11264,2022-06-28,Merit Increase,DPT-003,HR Director,5,18555
HIS-00413,9539,2022-11-21,Merit Increase,DPT-001,Sales Representative,1,3183
HIS-00414,14648,2022-03-18,Merit Increase,DPT-005,IT Support,1,2255
HIS-00415,11414,2019-06-05,Merit Increase,DPT-001,Sales Representative,1,1964
HIS-00416,17211,2020-11-23,Merit Increase,DPT-006,Marketing Specialist,2,5387
HIS-00417,590,2016-04-28,Department Transfer,DPT-004,Sales Executive,2,4714
HIS-00418,18957,2018-04-04,Department Transfer,DPT-005,HR Assistant,1,3088
HIS-00419,6130,2022-04-10,Department Transfer,DPT-001,Senior Researcher,3,12030
HIS-00420,13090,2021-01-30,Department Transfer,DPT-004,HR Partner,3,8067
HIS-00421,15285,2021-07-29,Department Transfer,DPT-003,Financial Analyst,2,9920
HIS-00422,4817,2021-07-12,Merit Increase,DPT-007,Operations Manager,4,15908
HIS-00423,6272,2018-08-11,Merit Increase,DPT-007,Operations Analyst,2,5411
HIS-00424,13814,1995-05-21,Department Transfer,DPT-002,Sales Manager,4,11251
HIS-00425,21007,2018-03-23,Promotion,DPT-007,Operations Asst,1,2910
HIS-00426,4725,2021-02-15,Merit Increase,DPT-002,Research Scientist,2,4991
HIS-00427,1149,2020-06-30,Merit Increase,DPT-007,Operations Analyst,2,4268
HIS-00428,2597,2020-01-22,Promotion,DPT-002,R&D Manager,3,10772
HIS-00429,19168,2021-05-31,Merit Increase,DPT-002,Lab Technician,1,2210
HIS-00430,16818,2022-04-14,Department Transfer,DPT-004,Sales Representative,1,2374
HIS-00431,16849,2020-06-03,Promotion,DPT-002,Research Scientist,1,5843
HIS-00432,4612,2021-11-17,Department Transfer,DPT-004,Sales Executive,2,9735
HIS-00433,18903,2018-11-29,Promotion,DPT-007,COO,4,16584
HIS-00434,18010,2021-09-20,Department Transfer,DPT-005,Sales Executive,2,10001
HIS-00435,848,2019-12-13,Promotion,DPT-007,Operations Analyst,1,4414
HIS-00436,16332,2018-10-14,Department Transfer,DPT-003,Software Engineer,2,8293
HIS-00437,5474,2022-07-26,Merit Increase,DPT-005,IT Support,1,2104
HIS-00438,9069,2013-02-15,Merit Increase,DPT-001,Senior Sales Exec,3,10572
HIS-00439,13431,2014-12-27,Promotion,DPT-001,Sales Executive,1,3336
HIS-00440,13250,2019-06-14,Merit Increase,DPT-004,Finance Manager,4,15226
HIS-00441,19356,2020-07-11,Department Transfer,DPT-002,Marketing Specialist,2,6293
HIS-00442,7179,2014-05-23,Promotion,DPT-002,Senior Researcher,2,11047
HIS-00443,7987,2021-05-31,Department Transfer,DPT-002,Senior Marketer,3,10776
HIS-00444,24874,2020-09-06,Merit Increase,DPT-002,Lab Technician,1,1925
HIS-00445,19410,2017-12-31,Promotion,DPT-002,R&D Manager,3,13712
HIS-00446,709,2020-03-03,Promotion,DPT-002,Research Scientist,1,3930
HIS-00447,11656,2022-12-10,Merit Increase,DPT-005,CIO,5,17682
HIS-00448,243,2022-06-20,Promotion,DPT-007,Operations Asst,1,2958
HIS-00449,1302,2019-12-25,Department Transfer,DPT-005,Operations Asst,1,2539
HIS-00450,19218,2021-02-15,Promotion,DPT-002,Lab Technician,1,3384
HIS-00451,5915,2020-03-07,Promotion,DPT-004,Senior Analyst,2,8063
HIS-00452,17413,2006-06-01,Promotion,DPT-001,Sales Manager,3,9956
HIS-00453,24833,2019-04-21,Merit Increase,DPT-007,Operations Analyst,2,5388
HIS-00454,8475,2010-05-14,Department Transfer,DPT-004,Operations Manager,4,15505
HIS-00455,14265,2014-12-05,Department Transfer,DPT-007,IT Manager,4,13910
HIS-00456,9141,2016-01-08,Department Transfer,DPT-004,HR Director,5,18590
HIS-00457,12485,2022-02-19,Merit Increase,DPT-005,IT Support,1,1933
HIS-00458,20060,2019-01-09,Promotion,DPT-005,IT Support,1,4324
HIS-00459,2667,2016-12-01,Promotion,DPT-001,Sales Executive,1,3960
HIS-00460,18779,2020-05-21,Merit Increase,DPT-006,Marketing Coord,1,2160
HIS-00461,7258,2018-08-31,Promotion,DPT-001,Sales Executive,1,3733
HIS-00462,17732,2015-06-29,Merit Increase,DPT-005,IT Support,1,2461
HIS-00463,658,2020-12-24,Promotion,DPT-002,R&D Manager,3,15139
HIS-00464,3125,2016-08-08,Department Transfer,DPT-006,IT Manager,4,17217
HIS-00465,23180,2019-04-27,Promotion,DPT-004,Financial Clerk,1,2063
HIS-00466,23129,2021-09-06,Merit Increase,DPT-005,IT Manager,4,14605
HIS-00467,19369,2018-04-25,Department Transfer,DPT-001,Senior Marketer,3,9024
HIS-00468,2426,2018-09-18,Merit Increase,DPT-007,Senior Analyst,3,7223
HIS-00469,8953,2021-11-08,Promotion,DPT-001,Sales Representative,1,1898
HIS-00470,13138,2022-01-29,Merit Increase,DPT-001,Senior Sales Exec,3,6756
HIS-00471,13118,2022-03-01,Merit Increase,DPT-004,Financial Clerk,1,2474
HIS-00472,3971,2018-07-13,Promotion,DPT-007,Operations Analyst,1,3351
HIS-00473,245,2019-04-16,Department Transfer,DPT-002,Senior Sales Exec,3,7654
HIS-00474,15119,2021-11-15,Promotion,DPT-001,Sales Representative,1,2789
HIS-00475,12622,2022-05-01,Department Transfer,DPT-002,COO,5,19432
HIS-00476,23296,2017-05-27,Department Transfer,DPT-001,Financial Analyst,2,5582
HIS-00477,19821,2020-12-07,Promotion,DPT-004,Financial Analyst,1,3567
HIS-00478,24581,2014-04-12,Promotion,DPT-004,Financial Analyst,1,4792
HIS-00479,6545,2021-05-16,Promotion,DPT-004,Financial Analyst,1,7518
HIS-00480,24153,2022-05-25,Merit Increase,DPT-001,Sales Executive,2,4542
HIS-00481,11603,2021-05-02,Promotion,DPT-007,Operations Analyst,1,6813
HIS-00482,21435,2022-09-01,Merit Increase,DPT-002,Lab Technician,1,2187
HIS-00483,24096,2022-06-05,Promotion,DPT-006,Senior Marketer,2,9096
HIS-00484,16104,2021-04-29,Department Transfer,DPT-005,Sales Representative,1,1946
HIS-00485,22590,2018-04-09,Merit Increase,DPT-007,Operations Asst,1,2577
HIS-00486,14513,2020-05-13,Merit Increase,DPT-001,Sales Representative,1,2563
HIS-00487,5038,2015-09-12,Department Transfer,DPT-001,Operations Analyst,2,5218
HIS-00488,20353,2019-09-05,Department Transfer,DPT-007,Lab Technician,1,2912
HIS-00489,23062,2021-10-24,Department Transfer,DPT-001,CFO,5,19048
HIS-00490,19931,2021-09-09,Promotion,DPT-002,Research Scientist,1,5703
HIS-00491,24623,2018-02-08,Promotion,DPT-002,Research Scientist,1,5137
HIS-00492,2222,2013-10-26,Promotion,DPT-004,Financial Analyst,1,4359
HIS-00493,20026,2020-02-03,Merit Increase,DPT-002,Lab Technician,1,2038
HIS-00494,2646,2021-06-13,Merit Increase,DPT-002,Lab Technician,1,2282
HIS-00495,17521,2014-02-05,Promotion,DPT-005,Software Engineer,1,5479
HIS-00496,8401,2015-08-23,Promotion,DPT-004,Financial Analyst,1,4705
HIS-00497,5261,2021-04-16,Merit Increase,DPT-002,Research Scientist,2,3798
HIS-00498,17222,2015-08-08,Promotion,DPT-004,Financial Analyst,1,3565
HIS-00499,8841,2021-11-28,Promotion,DPT-005,Software Engineer,1,4876
HIS-00500,20689,2016-02-02,Department Transfer,DPT-004,CMO,5,18685
HIS-00501,10057,2021-03-14,Department Transfer,DPT-006,HR Assistant,1,4681
HIS-00502,22543,2018-02-23,Department Transfer,DPT-003,Financial Analyst,2,5339
HIS-00503,10271,2021-02-19,Promotion,DPT-002,Lab Technician,1,1833
HIS-00504,23952,2021-11-18,Department Transfer,DPT-004,Marketing Coord,1,2109
HIS-00505,18223,2021-10-23,Promotion,DPT-006,Marketing Specialist,1,6152
HIS-00506,3655,2022-02-04,Department Transfer,DPT-002,Sales Representative,1,2432
HIS-00507,1080,2020-12-07,Department Transfer,DPT-005,Operations Analyst,2,4470
HIS-00508,23498,2021-09-15,Merit Increase,DPT-004,Financial Clerk,1,2102
HIS-00509,23255,2013-04-12,Promotion,DPT-001,Sales Executive,1,4153
HIS-00510,20553,2021-09-09,Merit Increase,DPT-001,Sales Executive,2,4281
HIS-00511,4920,2022-07-05,Merit Increase,DPT-002,Lab Technician,1,2731
HIS-00512,11240,2022-07-18,Department Transfer,DPT-007,Research Scientist,2,5895
HIS-00513,22109,2020-12-17,Merit Increase,DPT-005,IT Support,1,2563
HIS-00514,14847,2013-12-23,Merit Increase,DPT-002,R&D Manager,4,14677
HIS-00515,21578,2019-05-19,Merit Increase,DPT-003,HR Generalist,2,4882
HIS-00516,22949,2021-05-08,Department Transfer,DPT-006,Lab Technician,1,2780
HIS-00517,1830,2020-12-22,Merit Increase,DPT-002,Research Scientist,2,5788
HIS-00518,13462,2021-12-31,Merit Increase,DPT-001,Sales Representative,1,4384
HIS-00519,14381,2022-02-06,Department Transfer,DPT-006,Operations Analyst,2,6655
HIS-00520,16132,2018-11-28,Merit Increase,DPT-007,Senior Analyst,3,8948
HIS-00521,4632,2015-04-26,Department Transfer,DPT-006,Research Scientist,2,9871
HIS-00522,15547,2021-12-29,Merit Increase,DPT-005,IT Support,1,2321
HIS-00523,19069,2006-05-26,Promotion,DPT-003,HR Generalist,1,3615
HIS-00524,6313,2020-01-21,Department Transfer,DPT-006,Software Engineer,2,6602
HIS-00525,2536,2020-07-02,Promotion,DPT-006,Marketing Specialist,1,8185
HIS-00526,17675,2020-09-09,Merit Increase,DPT-005,IT Support,1,2461
HIS-00527,2779,2021-12-29,Promotion,DPT-003,HR Assistant,1,2391
HIS-00528,24654,2009-04-08,Merit Increase,DPT-005,IT Manager,4,12943
HIS-00529,568,2013-11-25,Promotion,DPT-003,HR Partner,2,9077
HIS-00530,7408,2019-04-10,Department Transfer,DPT-001,Operations Asst,1,2472
HIS-00531,12429,2014-10-28,Promotion,DPT-002,Senior Researcher,2,9624
HIS-00532,24583,2018-07-02,Promotion,DPT-002,Lab Technician,1,1695
HIS-00533,15571,2022-11-01,Merit Increase,DPT-007,Operations Analyst,2,5678
HIS-00534,14119,2021-07-27,Department Transfer,DPT-005,Operations Analyst,2,6499
HIS-00535,16233,2017-08-29,Promotion,DPT-005,Software Engineer,1,4930
HIS-00536,21689,2019-12-10,Department Transfer,DPT-007,Software Engineer,2,5456
HIS-00537,14097,2020-11-06,Merit Increase,DPT-005,Software Engineer,2,2471
HIS-00538,13318,2021-02-03,Promotion,DPT-004,Financial Clerk,1,1764
HIS-00539,16462,2020-05-27,Merit Increase,DPT-006,Marketing Specialist,2,5042
HIS-00540,16524,2022-10-15,Department Transfer,DPT-006,Senior Analyst,3,10464
HIS-00541,15406,2019-04-03,Merit Increase,DPT-002,Research Scientist,2,3850
HIS-00542,5528,2020-12-21,Department Transfer,DPT-006,Sales Representative,1,2577
HIS-00543,6893,2019-08-31,Promotion,DPT-007,Operations Analyst,1,3832
HIS-00544,13326,2022-08-09,Department Transfer,DPT-005,Sales Representative,1,2202
HIS-00545,6771,2020-05-15,Department Transfer,DPT-003,Sales Representative,1,2995
HIS-00546,947,2021-08-30,Merit Increase,DPT-001,Sales Representative,1,3311
HIS-00547,16067,2020-02-18,Merit Increase,DPT-001,Sales Representative,1,1975
HIS-00548,5162,2022-10-23,Merit Increase,DPT-001,Sales Representative,1,3719
HIS-00549,17220,2022-10-22,Department Transfer,DPT-007,R&D Director,5,20512
HIS-00550,11318,2022-11-19,Promotion,DPT-004,Financial Analyst,1,5187
HIS-00551,6918,2018-09-24,Merit Increase,DPT-007,Operations Analyst,2,5156
HIS-00552,9849,2022-05-30,Promotion,DPT-005,IT Support,1,2677
HIS-00553,2789,2021-12-18,Promotion,DPT-007,Operations Asst,1,3402
HIS-00554,24837,2021-10-10,Merit Increase,DPT-005,IT Support,1,2257
HIS-00555,7618,2019-08-30,Promotion,DPT-005,IT Support,1,2627
HIS-00556,10524,2021-02-25,Promotion,DPT-003,HR Assistant,1,2376
HIS-00557,16226,2020-07-13,Merit Increase,DPT-007,Operations Analyst,2,5622
HIS-00558,6792,2013-11-20,Merit Increase,DPT-002,Research Scientist,2,5497
HIS-00559,5618,2021-12-29,Merit Increase,DPT-002,Lab Technician,1,3277
HIS-00560,9357,2021-02-02,Merit Increase,DPT-006,Senior Marketer,3,9432
HIS-00561,11292,2020-04-12,Promotion,DPT-002,Research Scientist,1,8122
HIS-00562,6035,2020-09-30,Department Transfer,DPT-004,Software Engineer,2,4591
HIS-00563,9978,2019-02-09,Promotion,DPT-006,Marketing Coord,1,2920
HIS-00564,9624,2019-11-09,Merit Increase,DPT-005,Senior Engineer,3,7310
HIS-00565,4721,2021-09-10,Department Transfer,DPT-001,Research Scientist,2,5197
HIS-00566,4747,2015-03-13,Department Transfer,DPT-006,Senior Sales Exec,3,11746
HIS-00567,19518,2017-07-22,Department Transfer,DPT-002,Sales Representative,1,2784
HIS-00568,11257,2022-11-25,Promotion,DPT-001,Sales Representative,1,1872
HIS-00569,14991,2019-11-22,Promotion,DPT-007,Operations Asst,1,2128
HIS-00570,5558,2017-10-18,Department Transfer,DPT-004,Software Engineer,2,4369
HIS-00571,19433,2022-07-30,Department Transfer,DPT-001,Senior Researcher,3,10160
HIS-00572,20911,2022-10-26,Promotion,DPT-005,Software Engineer,1,3632
HIS-00573,13093,2020-09-08,Promotion,DPT-001,Sales Representative,1,2505
HIS-00574,21547,2020-12-25,Merit Increase,DPT-005,Senior Engineer,3,9832
HIS-00575,4746,2022-12-08,Promotion,DPT-001,Sales Executive,1,5687
HIS-00576,4347,2021-06-04,Promotion,DPT-006,Marketing Coord,1,3213
HIS-00577,6248,2022-04-07,Department Transfer,DPT-004,Marketing Specialist,2,6405
HIS-00578,14486,2022-04-28,Merit Increase,DPT-003,HR Assistant,1,2289
HIS-00579,6260,2020-12-18,Merit Increase,DPT-002,Senior Researcher,3,8388
HIS-00580,14657,2022-10-14,Merit Increase,DPT-005,CIO,5,17307
HIS-00581,13676,2022-02-20,Department Transfer,DPT-002,CIO,5,18817
HIS-00582,24536,2021-06-25,Merit Increase,DPT-002,Lab Technician,1,2633
HIS-00583,5232,2018-11-15,Department Transfer,DPT-007,HR Manager,4,13881
HIS-00584,17586,2009-03-07,Department Transfer,DPT-004,Research Scientist,2,3831
HIS-00585,7388,2018-12-31,Merit Increase,DPT-007,Operations Analyst,2,5219
HIS-00586,21784,2022-07-09,Promotion,DPT-007,Operations Analyst,1,5927
HIS-00587,23622,2020-01-29,Merit Increase,DPT-006,Marketing Specialist,2,5016
HIS-00588,22514,2022-09-26,Merit Increase,DPT-006,Marketing Specialist,2,4415
HIS-00589,7789,2019-02-07,Promotion,DPT-001,Sales Executive,1,4972
HIS-00590,14925,2016-02-11,Promotion,DPT-004,Senior Analyst,2,9948
HIS-00591,24717,2018-01-22,Promotion,DPT-002,Research Scientist,1,6522
HIS-00592,22348,2022-10-12,Merit Increase,DPT-003,HR Assistant,1,2653
HIS-00593,152,2021-06-22,Promotion,DPT-002,Lab Technician,1,2737
HIS-00594,15388,2014-03-23,Merit Increase,DPT-002,Senior Researcher,3,9388
HIS-00595,15833,2021-09-16,Merit Increase,DPT-004,Senior Analyst,3,7230
HIS-00596,9864,2019-09-28,Merit Increase,DPT-006,Marketing Coord,1,2209
HIS-00597,8927,2021-10-27,Merit Increase,DPT-005,Software Engineer,2,5689
HIS-00598,9543,2020-11-28,Department Transfer,DPT-006,Lab Technician,1,3619
HIS-00599,17702,2012-02-27,Merit Increase,DPT-001,VP of Sales,5,18870
HIS-00600,16313,2020-09-07,Promotion,DPT-001,Sales Manager,3,12930
HIS-00601,4832,2022-07-28,Department Transfer,DPT-006,IT Support,1,3424
HIS-00602,24942,2020-08-10,Merit Increase,DPT-001,Sales Executive,2,4010
HIS-00603,9278,2021-07-25,Merit Increase,DPT-004,Financial Analyst,2,3986
HIS-00604,12400,2020-07-18,Promotion,DPT-002,Research Scientist,1,3776
HIS-00605,20461,2017-02-18,Promotion,DPT-004,Financial Analyst,1,3783
HIS-00606,18055,2019-02-02,Merit Increase,DPT-001,Sales Executive,2,5737
HIS-00607,10523,2022-05-10,Promotion,DPT-007,Operations Analyst,1,7599
HIS-00608,4261,2018-08-10,Promotion,DPT-001,Senior Sales Exec,2,9047
HIS-00609,11323,2017-10-11,Department Transfer,DPT-003,Senior Researcher,3,11462
HIS-00610,16231,2021-06-17,Promotion,DPT-001,Sales Executive,1,3557
HIS-00611,456,2019-03-16,Merit Increase,DPT-004,Financial Clerk,1,2383
HIS-00612,11643,2022-01-13,Department Transfer,DPT-001,HR Assistant,1,2568
HIS-00613,17836,2007-02-03,Merit Increase,DPT-002,Senior Researcher,3,10082
HIS-00614,18861,2016-05-20,Promotion,DPT-002,Research Scientist,1,5587
HIS-00615,13396,2016-12-01,Merit Increase,DPT-001,Sales Executive,2,4968
HIS-00616,12797,2017-01-24,Department Transfer,DPT-007,Marketing Coord,1,2375
HIS-00617,22055,2019-09-15,Merit Increase,DPT-005,Software Engineer,2,4789
HIS-00618,10774,2013-08-26,Promotion,DPT-002,Lab Technician,1,2127
HIS-00619,557,2021-10-08,Merit Increase,DPT-001,Sales Representative,1,1870
HIS-00620,23094,2017-12-15,Merit Increase,DPT-007,Operations Asst,1,2320
HIS-00621,22359,2018-03-27,Merit Increase,DPT-007,Operations Analyst,2,6473
HIS-00622,11724,2021-06-05,Merit Increase,DPT-005,Software Engineer,2,3614
HIS-00623,14165,2016-07-06,Department Transfer,DPT-005,Financial Analyst,2,4256
HIS-00624,11394,2021-06-19,Department Transfer,DPT-007,Software Engineer,2,5557
HIS-00625,19996,2018-03-03,Department Transfer,DPT-003,Operations Asst,1,3668
HIS-00626,20457,2021-10-08,Promotion,DPT-001,Senior Sales Exec,2,6697
HIS-00627,7667,2020-05-29,Promotion,DPT-005,IT Support,1,3049
HIS-00628,20227,2016-07-16,Department Transfer,DPT-007,Research Scientist,2,7030
HIS-00629,9616,2022-05-16,Promotion,DPT-007,Operations Asst,1,1994
HIS-00630,5120,2022-07-07,Merit Increase,DPT-002,Research Scientist,2,3824
HIS-00631,20604,2019-07-09,Merit Increase,DPT-005,IT Support,1,2089
HIS-00632,528,2022-07-25,Merit Increase,DPT-002,Lab Technician,1,2271
HIS-00633,15754,2020-10-11,Department Transfer,DPT-003,Lab Technician,1,2787
HIS-00634,1727,2017-04-06,Department Transfer,DPT-001,Financial Analyst,2,3040
HIS-00635,19462,2020-06-02,Merit Increase,DPT-006,Marketing Coord,1,2636
HIS-00636,6555,2018-10-30,Department Transfer,DPT-007,Marketing Specialist,2,5709
HIS-00637,19992,2022-07-01,Merit Increase,DPT-006,Marketing Manager,4,15237
HIS-00638,10239,2020-08-08,Department Transfer,DPT-007,CMO,5,18560
HIS-00639,1415,2022-03-09,Promotion,DPT-004,Financial Analyst,1,3702
HIS-00640,1542,2016-07-24,Department Transfer,DPT-002,Sales Executive,2,10168
HIS-00641,1427,2018-06-16,Merit Increase,DPT-001,Sales Representative,1,3291
HIS-00642,24482,2022-10-22,Department Transfer,DPT-005,Lab Technician,1,2026
HIS-00643,6051,2020-01-09,Department Transfer,DPT-003,CFO,5,18937
HIS-00644,4136,2022-03-12,Merit Increase,DPT-001,Sales Executive,2,6479
HIS-00645,24816,2020-06-30,Department Transfer,DPT-002,Senior Analyst,3,13636
HIS-00646,10747,2022-11-26,Promotion,DPT-007,Operations Asst,1,2025
HIS-00647,2729,2022-11-22,Department Transfer,DPT-006,Research Scientist,2,4639
HIS-00648,22205,2019-05-26,Promotion,DPT-005,Senior Engineer,2,8199
HIS-00649,24540,2022-04-14,Department Transfer,DPT-001,Marketing Specialist,2,4374
HIS-00650,9751,2018-08-15,Department Transfer,DPT-004,Senior Researcher,3,12030
HIS-00651,3827,2021-09-02,Promotion,DPT-004,Financial Analyst,1,3837
HIS-00652,5890,2021-04-25,Merit Increase,DPT-004,Financial Analyst,2,4349
HIS-00653,2569,2016-09-02,Merit Increase,DPT-006,Marketing Specialist,2,4001
HIS-00654,22050,2020-07-01,Department Transfer,DPT-002,Sales Executive,2,6843
HIS-00655,7973,2021-08-10,Merit Increase,DPT-001,Sales Representative,1,2169
HIS-00656,5191,2022-07-08,Merit Increase,DPT-002,Research Scientist,2,3861
HIS-00657,1734,2005-10-07,Department Transfer,DPT-007,HR Director,5,19789
HIS-00658,4403,2021-12-12,Merit Increase,DPT-002,Research Scientist,2,5708
HIS-00659,20664,2021-04-03,Promotion,DPT-002,Lab Technician,1,2917
HIS-00660,4567,2021-07-13,Promotion,DPT-002,Lab Technician,1,2045
HIS-00661,17294,2022-07-14,Department Transfer,DPT-006,Operations Asst,1,2883
HIS-00662,4849,2016-07-11,Merit Increase,DPT-006,Marketing Specialist,2,5127
HIS-00663,19237,2019-01-13,Department Transfer,DPT-006,Financial Analyst,2,6435
HIS-00664,11766,2019-02-07,Department Transfer,DPT-004,Software Engineer,2,6509
HIS-00665,14491,2020-10-25,Promotion,DPT-007,Operations Manager,3,15251
HIS-00666,4178,2022-01-14,Merit Increase,DPT-006,Marketing Coord,1,3297
HIS-00667,24996,2022-08-22,Department Transfer,DPT-007,Research Scientist,2,5103
HIS-00668,5197,2021-06-24,Merit Increase,DPT-005,Software Engineer,2,4328
HIS-00669,23929,2022-03-15,Merit Increase,DPT-001,Sales Representative,1,2450
HIS-00670,9561,2009-03-26,Promotion,DPT-006,Marketing Manager,3,11818
HIS-00671,23269,2016-05-03,Department Transfer,DPT-007,Software Engineer,2,4813
HIS-00672,17264,2021-12-23,Department Transfer,DPT-001,R&D Manager,4,12734
HIS-00673,6624,2008-02-02,Department Transfer,DPT-006,Financial Analyst,2,4666
HIS-00674,23572,2016-05-19,Promotion,DPT-005,IT Support,1,1668
HIS-00675,20963,2020-02-11,Department Transfer,DPT-006,Senior Analyst,3,8345
HIS-00676,7597,2021-02-10,Merit Increase,DPT-002,Lab Technician,1,3093
HIS-00677,15313,2021-12-15,Merit Increase,DPT-001,Sales Executive,2,2098
HIS-00678,18164,2022-04-28,Merit Increase,DPT-006,Marketing Specialist,2,4396
HIS-00679,11111,2016-10-04,Merit Increase,DPT-005,IT Support,1,2536
HIS-00680,2036,2019-04-05,Merit Increase,DPT-002,Lab Technician,1,4337
HIS-00681,8557,2018-11-17,Merit Increase,DPT-001,Sales Representative,1,3484
HIS-00682,21583,2021-01-26,Merit Increase,DPT-001,Sales Executive,2,5533
HIS-00683,8685,2022-11-27,Merit Increase,DPT-002,Lab Technician,1,1912
HIS-00684,11037,2020-08-18,Promotion,DPT-005,Software Engineer,1,8511
HIS-00685,11525,2022-06-02,Merit Increase,DPT-005,IT Support,1,4454
HIS-00686,8566,2014-05-05,Merit Increase,DPT-004,Financial Analyst,2,4187
HIS-00687,9784,2018-10-09,Department Transfer,DPT-002,Senior Analyst,3,10989
HIS-00688,11445,2022-12-07,Merit Increase,DPT-004,Senior Analyst,3,9823
HIS-00689,6474,2015-08-02,Merit Increase,DPT-007,Senior Analyst,3,11122
HIS-00690,7189,2021-07-25,Department Transfer,DPT-007,Financial Analyst,2,4708
HIS-00691,10667,2019-03-29,Department Transfer,DPT-003,Sales Executive,2,4235
HIS-00692,3317,2020-02-17,Merit Increase,DPT-004,Financial Analyst,2,5554
HIS-00693,6342,2015-04-19,Merit Increase,DPT-005,Software Engineer,2,4695
HIS-00694,8059,2015-04-24,Department Transfer,DPT-002,Financial Clerk,1,2293
HIS-00695,24900,2019-07-01,Merit Increase,DPT-001,Sales Representative,1,2139
HIS-00696,3246,2020-07-04,Merit Increase,DPT-001,Sales Representative,1,3493
HIS-00697,4902,2018-02-10,Promotion,DPT-004,Finance Manager,3,13307
HIS-00698,22415,2017-01-13,Department Transfer,DPT-003,Operations Asst,1,3300
HIS-00699,7213,2021-03-18,Merit Increase,DPT-002,Research Scientist,2,4922
HIS-00700,7229,2020-11-18,Promotion,DPT-007,Operations Asst,1,1952
HIS-00701,5570,2022-10-27,Merit Increase,DPT-007,Operations Analyst,2,4709
HIS-00702,17838,2022-04-03,Merit Increase,DPT-003,HR Generalist,2,4452
HIS-00703,21101,2015-06-16,Merit Increase,DPT-005,Senior Engineer,3,7989
HIS-00704,17214,2022-10-08,Promotion,DPT-001,Sales Representative,1,2443
HIS-00705,14186,2022-06-21,Department Transfer,DPT-005,HR Assistant,1,2151
HIS-00706,566,2022-04-08,Department Transfer,DPT-002,Software Engineer,2,2406
HIS-00707,19045,2020-08-29,Department Transfer,DPT-001,Senior Analyst,3,7443
HIS-00708,22598,2006-08-17,Merit Increase,DPT-006,CMO,5,18129
HIS-00709,13576,2021-04-01,Promotion,DPT-006,Marketing Coord,1,2275
HIS-00710,20126,2019-12-04,Merit Increase,DPT-001,Sales Executive,2,5744
HIS-00711,7552,2019-01-31,Merit Increase,DPT-003,HR Assistant,1,2672
HIS-00712,11915,2019-06-05,Promotion,DPT-007,Operations Analyst,1,4392
HIS-00713,4700,2018-10-22,Promotion,DPT-007,Operations Analyst,1,4720
HIS-00714,7567,2014-07-04,Promotion,DPT-007,Operations Analyst,1,4485
HIS-00715,14495,2022-11-17,Promotion,DPT-005,IT Support,1,1850
HIS-00716,2909,2020-05-15,Merit Increase,DPT-002,Lab Technician,1,2087
HIS-00717,11035,2021-04-26,Department Transfer,DPT-002,CMO,5,17814
HIS-00718,7837,2018-08-04,Merit Increase,DPT-005,IT Support,1,1941
HIS-00719,13876,2021-03-30,Merit Increase,DPT-001,Senior Sales Exec,3,7721
HIS-00720,19524,2022-04-09,Merit Increase,DPT-002,Senior Researcher,3,9989
HIS-00721,19034,2019-08-09,Department Transfer,DPT-003,Research Scientist,2,4460
HIS-00722,159,2019-09-12,Merit Increase,DPT-002,Lab Technician,1,2196
HIS-00723,14351,2013-04-17,Merit Increase,DPT-001,Sales Representative,1,2573
HIS-00724,12424,2018-06-14,Promotion,DPT-004,Financial Analyst,1,4063
HIS-00725,14015,2022-08-12,Merit Increase,DPT-002,Lab Technician,1,1851
HIS-00726,1676,1998-08-22,Merit Increase,DPT-002,R&D Director,5,17544
HIS-00727,16860,2020-07-17,Merit Increase,DPT-002,Research Scientist,2,6137
HIS-00728,3582,2021-03-13,Merit Increase,DPT-006,Senior Marketer,3,9568
HIS-00729,5049,2019-12-22,Department Transfer,DPT-006,Lab Technician,1,2297
HIS-00730,14136,2019-07-10,Merit Increase,DPT-002,Lab Technician,1,1997
HIS-00731,20853,1997-02-19,Merit Increase,DPT-001,Senior Sales Exec,3,9370
HIS-00732,4065,2016-08-06,Department Transfer,DPT-004,Operations Analyst,2,5043
HIS-00733,21071,2022-05-06,Promotion,DPT-001,Sales Representative,1,3126
HIS-00734,15309,2008-08-20,Department Transfer,DPT-003,Operations Manager,4,14132
HIS-00735,7846,2005-10-02,Merit Increase,DPT-005,IT Manager,4,16464
HIS-00736,5521,2021-09-16,Merit Increase,DPT-006,Marketing Specialist,2,5414
HIS-00737,10743,2022-06-24,Merit Increase,DPT-002,R&D Manager,4,16937
HIS-00738,17990,2022-06-07,Promotion,DPT-001,Sales Executive,1,3688
HIS-00739,15894,2015-09-24,Promotion,DPT-005,Software Engineer,1,4969
HIS-00740,18763,2022-12-09,Department Transfer,DPT-002,HR Assistant,1,3638
HIS-00741,18971,2019-09-19,Merit Increase,DPT-004,Senior Analyst,3,12339
HIS-00742,17364,2019-11-30,Promotion,DPT-001,Sales Executive,1,7290
HIS-00743,1454,2015-07-26,Department Transfer,DPT-002,Software Engineer,2,4027
HIS-00744,10208,2021-03-07,Merit Increase,DPT-001,Sales Executive,2,5022
HIS-00745,4381,2021-07-12,Promotion,DPT-001,Senior Sales Exec,2,7856
HIS-00746,15073,2022-07-08,Promotion,DPT-005,Software Engineer,1,5689
HIS-00747,1959,2013-11-16,Promotion,DPT-005,Senior Engineer,2,6171
HIS-00748,2076,2019-02-09,Merit Increase,DPT-007,Operations Asst,1,3216
HIS-00749,14243,2020-01-20,Merit Increase,DPT-007,Operations Analyst,2,4045
HIS-00750,7609,2016-10-16,Department Transfer,DPT-006,Research Scientist,2,5897
HIS-00751,11120,2016-12-23,Department Transfer,DPT-007,HR Partner,3,8692
HIS-00752,2774,2013-07-01,Merit Increase,DPT-004,Financial Analyst,2,4115
HIS-00753,22819,2011-09-23,Promotion,DPT-004,Senior Analyst,2,8597
HIS-00754,4786,2020-08-11,Merit Increase,DPT-002,Research Scientist,2,4957
HIS-00755,17152,2009-10-19,Merit Increase,DPT-004,Financial Analyst,2,4080
HIS-00756,20526,2021-02-15,Promotion,DPT-001,Sales Representative,1,1748
HIS-00757,9284,2022-05-21,Promotion,DPT-001,Senior Sales Exec,2,10281
HIS-00758,18168,2021-11-07,Merit Increase,DPT-005,IT Support,1,4048
HIS-00759,4733,2016-06-23,Department Transfer,DPT-002,IT Support,1,4020
HIS-00760,15831,2021-10-14,Promotion,DPT-005,IT Support,1,2244
HIS-00761,18298,2021-10-29,Merit Increase,DPT-007,Operations Analyst,2,5939
HIS-00762,6559,2019-04-15,Department Transfer,DPT-002,Marketing Coord,1,2317
HIS-00763,3297,2020-12-22,Merit Increase,DPT-005,IT Support,1,3096
HIS-00764,9077,2018-09-04,Promotion,DPT-006,Marketing Specialist,1,3836
HIS-00765,15706,2021-09-03,Merit Increase,DPT-003,HR Assistant,1,2000
HIS-00766,14339,2015-08-30,Promotion,DPT-002,Research Scientist,1,6517
HIS-00767,16103,2022-01-07,Merit Increase,DPT-004,Financial Clerk,1,2111
HIS-00768,23775,2015-06-05,Promotion,DPT-005,Software Engineer,1,4562
HIS-00769,13378,2022-12-05,Department Transfer,DPT-006,Operations Analyst,2,5884
HIS-00770,24362,2015-06-13,Promotion,DPT-005,Senior Engineer,2,9466
HIS-00771,21876,2014-12-06,Promotion,DPT-001,Sales Executive,1,2983
HIS-00772,5249,2018-08-12,Promotion,DPT-004,Finance Manager,3,10452
HIS-00773,6276,2013-02-03,Department Transfer,DPT-006,Software Engineer,2,5464
HIS-00774,22905,2018-08-18,Promotion,DPT-002,Lab Technician,1,2781
HIS-00775,8996,2015-11-12,Promotion,DPT-004,Financial Analyst,1,4729
HIS-00776,7611,2016-01-26,Merit Increase,DPT-002,Research Scientist,2,4430
HIS-00777,11443,2020-05-24,Department Transfer,DPT-006,R&D Manager,4,17499
HIS-00778,2160,2020-03-29,Department Transfer,DPT-006,CIO,5,18007
HIS-00779,19039,2014-12-28,Promotion,DPT-007,Operations Analyst,1,5540
HIS-00780,5548,2018-03-11,Promotion,DPT-001,Sales Representative,1,2395
HIS-00781,12616,2018-12-29,Promotion,DPT-005,Software Engineer,1,4884
HIS-00782,1438,2020-01-26,Merit Increase,DPT-005,IT Support,1,2728
HIS-00783,15686,2022-09-14,Merit Increase,DPT-006,Marketing Specialist,2,7516
HIS-00784,20186,2019-06-07,Department Transfer,DPT-001,Research Scientist,2,5059
HIS-00785,10267,2022-11-28,Department Transfer,DPT-001,Financial Clerk,1,2829
HIS-00786,20346,2021-07-16,Promotion,DPT-005,Software Engineer,1,3980
HIS-00787,24736,2021-03-17,Department Transfer,DPT-005,Sales Executive,2,2327
HIS-00788,14964,2007-03-14,Promotion,DPT-001,Sales Executive,1,3938
HIS-00789,15158,2019-01-29,Department Transfer,DPT-002,CIO,5,19214
HIS-00790,4074,2018-07-18,Department Transfer,DPT-003,Senior Engineer,3,8641
HIS-00791,12432,2018-12-02,Promotion,DPT-001,Sales Executive,1,4000
HIS-00792,23210,2022-08-04,Promotion,DPT-005,Software Engineer,1,4193
HIS-00793,9707,2014-12-14,Merit Increase,DPT-001,Sales Manager,4,15398
HIS-00794,21974,2020-07-22,Department Transfer,DPT-002,Operations Analyst,2,4210
HIS-00795,17351,2019-10-15,Merit Increase,DPT-006,Marketing Specialist,2,4215
HIS-00796,10174,2018-02-05,Department Transfer,DPT-006,Research Scientist,2,4209
HIS-00797,19565,2015-10-10,Promotion,DPT-002,Research Scientist,1,5411
HIS-00798,15459,2013-09-25,Merit Increase,DPT-005,Software Engineer,2,4845
HIS-00799,17535,2013-10-09,Promotion,DPT-007,COO,4,16661
HIS-00800,12327,2019-02-04,Department Transfer,DPT-004,Marketing Coord,1,2086
HIS-00801,17499,2019-02-04,Department Transfer,DPT-007,Senior Analyst,3,10406
HIS-00802,13141,2020-06-07,Merit Increase,DPT-007,Operations Analyst,2,6256
HIS-00803,20554,2015-10-10,Promotion,DPT-005,IT Manager,3,11027
HIS-00804,9836,2018-07-27,Merit Increase,DPT-001,Senior Sales Exec,3,12044
HIS-00805,15128,2021-09-19,Merit Increase,DPT-004,Financial Analyst,2,3699
HIS-00806,379,2022-10-17,Merit Increase,DPT-006,Senior Marketer,3,11164
HIS-00807,4257,2022-11-11,Merit Increase,DPT-007,Senior Analyst,3,9205
HIS-00808,13106,2021-12-02,Promotion,DPT-005,Senior Engineer,2,11474
HIS-00809,15518,2021-07-20,Department Transfer,DPT-007,Lab Technician,1,2267
HIS-00810,18159,2022-03-22,Promotion,DPT-002,Research Scientist,1,5136
HIS-00811,5759,2019-03-01,Department Transfer,DPT-007,HR Manager,4,14697
HIS-00812,14470,2017-10-30,Department Transfer,DPT-003,Research Scientist,2,5716
HIS-00813,16386,2021-08-11,Merit Increase,DPT-002,Lab Technician,1,3595
HIS-00814,12226,2013-11-06,Department Transfer,DPT-002,Senior Analyst,3,10864
HIS-00815,23654,2008-05-28,Department Transfer,DPT-006,Software Engineer,2,4545
HIS-00816,16807,2017-02-09,Department Transfer,DPT-004,HR Generalist,2,5452
HIS-00817,2852,2020-04-04,Promotion,DPT-002,Lab Technician,1,2861
HIS-00818,18420,2020-09-24,Department Transfer,DPT-004,Operations Analyst,2,5083
HIS-00819,20992,2022-02-05,Merit Increase,DPT-001,Sales Manager,4,12716
HIS-00820,16726,2022-04-22,Department Transfer,DPT-004,Marketing Coord,1,2805
HIS-00821,17754,2021-12-17,Merit Increase,DPT-003,HR Assistant,1,2169
HIS-00822,11647,2020-03-01,Department Transfer,DPT-005,Lab Technician,1,3356
HIS-00823,3754,2022-08-11,Merit Increase,DPT-005,IT Support,1,2186
HIS-00824,8828,2020-07-08,Department Transfer,DPT-006,Lab Technician,1,4917
HIS-00825,21303,2022-04-21,Merit Increase,DPT-006,Marketing Coord,1,2035
HIS-00826,23081,2016-02-20,Department Transfer,DPT-007,IT Support,1,2672
HIS-00827,4054,2020-04-22,Promotion,DPT-005,IT Support,1,3054
HIS-00828,20108,2016-02-03,Department Transfer,DPT-002,Marketing Coord,1,2711
HIS-00829,10630,2015-12-08,Merit Increase,DPT-004,Financial Analyst,2,4344
HIS-00830,14230,2022-05-29,Promotion,DPT-001,Sales Representative,1,1679
HIS-00831,5815,2021-04-10,Merit Increase,DPT-001,Sales Representative,1,3325
HIS-00832,14396,2022-08-22,Department Transfer,DPT-007,Financial Analyst,2,5476
HIS-00833,13290,2022-05-12,Merit Increase,DPT-002,Research Scientist,2,3943
HIS-00834,21760,2021-05-18,Merit Increase,DPT-002,Research Scientist,2,4007
HIS-00835,24046,2021-08-31,Merit Increase,DPT-002,Lab Technician,1,2122
HIS-00836,22790,2020-08-01,Department Transfer,DPT-003,Operations Manager,4,15669
HIS-00837,19657,2021-03-12,Promotion,DPT-003,HR Generalist,1,4595
HIS-00838,14337,2022-04-09,Department Transfer,DPT-001,IT Support,1,2695
HIS-00839,1269,2008-06-17,Merit Increase,DPT-005,IT Manager,4,11848
HIS-00840,4708,2022-04-17,Department Transfer,DPT-004,Sales Representative,1,3230
HIS-00841,2591,2015-05-28,Promotion,DPT-006,Marketing Specialist,1,5774
HIS-00842,19141,2018-08-10,Department Transfer,DPT-001,Operations Analyst,2,10420
HIS-00843,8568,2020-07-10,Merit Increase,DPT-007,Operations Analyst,2,4659
HIS-00844,13080,2004-05-02,Department Transfer,DPT-006,Operations Manager,4,17833
HIS-00845,24854,2020-12-24,Department Transfer,DPT-007,Senior Engineer,3,13849
HIS-00846,14786,2017-03-11,Promotion,DPT-006,Senior Marketer,2,7899
HIS-00847,10350,2001-08-16,Merit Increase,DPT-004,CFO,5,16909
HIS-00848,6386,2009-04-20,Merit Increase,DPT-005,Senior Engineer,3,7366
HIS-00849,17104,2022-06-23,Merit Increase,DPT-002,Research Scientist,2,5308
HIS-00850,16234,2021-04-30,Department Transfer,DPT-004,Lab Technician,1,2400
HIS-00851,4504,2020-02-07,Department Transfer,DPT-007,Sales Manager,4,13442
HIS-00852,18517,2020-06-23,Department Transfer,DPT-001,Software Engineer,2,4609
HIS-00853,19153,2018-08-16,Merit Increase,DPT-001,Sales Representative,1,4063
HIS-00854,21535,2021-06-17,Department Transfer,DPT-005,Senior Sales Exec,3,8959
HIS-00855,6108,2022-06-10,Department Transfer,DPT-004,VP of Sales,5,18215
HIS-00856,17580,2021-12-30,Department Transfer,DPT-003,IT Support,1,4875
HIS-00857,22312,2014-05-31,Department Transfer,DPT-001,CIO,5,18864
HIS-00858,1801,2018-02-15,Department Transfer,DPT-004,Operations Analyst,2,4856
HIS-00859,18721,2018-08-29,Promotion,DPT-007,Operations Analyst,1,4653
HIS-00860,5388,2020-01-13,Promotion,DPT-007,Operations Analyst,1,6474
HIS-00861,6556,2017-11-25,Promotion,DPT-005,Software Engineer,1,5436
HIS-00862,16042,2020-04-07,Merit Increase,DPT-007,Operations Analyst,2,5150
HIS-00863,3932,2015-10-09,Department Transfer,DPT-002,Sales Executive,2,3030
HIS-00864,22721,2021-11-10,Promotion,DPT-005,CIO,4,17357
HIS-00865,11789,2013-02-25,Merit Increase,DPT-003,HR Generalist,2,5235
HIS-00866,21915,2022-06-20,Merit Increase,DPT-005,Software Engineer,2,5230
HIS-00867,3957,2013-03-17,Promotion,DPT-007,Operations Analyst,1,4718
HIS-00868,12235,2019-09-26,Department Transfer,DPT-006,Financial Analyst,2,5109
HIS-00869,24442,2014-01-27,Promotion,DPT-001,Sales Executive,1,2835
HIS-00870,23765,2022-03-21,Merit Increase,DPT-002,Research Scientist,2,4792
HIS-00871,21015,2017-12-09,Merit Increase,DPT-001,Sales Executive,2,4844
HIS-00872,7444,2022-03-22,Department Transfer,DPT-006,IT Support,1,3743
HIS-00873,14525,2014-10-31,Promotion,DPT-004,Finance Manager,3,11835
HIS-00874,4897,2018-04-30,Department Transfer,DPT-002,Sales Executive,2,5750
HIS-00875,23494,2015-05-12,Department Transfer,DPT-005,HR Partner,3,9313
HIS-00876,3081,2020-07-09,Promotion,DPT-005,IT Support,1,2946
HIS-00877,15484,2021-04-02,Department Transfer,DPT-001,IT Support,1,2394
HIS-00878,3250,2022-01-11,Merit Increase,DPT-005,Senior Engineer,3,8967
HIS-00879,2504,2019-09-03,Promotion,DPT-007,Senior Analyst,2,7370
HIS-00880,13819,2021-12-17,Merit Increase,DPT-005,IT Support,1,2439
HIS-00881,23002,2019-01-03,Merit Increase,DPT-001,Sales Executive,2,4052
HIS-00882,21250,2021-05-25,Merit Increase,DPT-001,Sales Executive,2,4972
HIS-00883,16340,2020-04-01,Promotion,DPT-002,Lab Technician,1,2439
HIS-00884,24501,2022-03-27,Merit Increase,DPT-002,Lab Technician,1,3441
HIS-00885,14411,2019-05-26,Promotion,DPT-005,IT Support,1,2665
HIS-00886,8472,2020-07-30,Merit Increase,DPT-002,Lab Technician,1,3368
HIS-00887,14736,2018-05-26,Department Transfer,DPT-002,Sales Manager,4,13331
HIS-00888,19504,2016-04-27,Merit Increase,DPT-002,Research Scientist,2,4048
HIS-00889,18883,2021-08-29,Department Transfer,DPT-004,IT Support,1,1984
HIS-00890,23082,2014-12-27,Promotion,DPT-006,Senior Marketer,2,8164
HIS-00891,23885,2021-07-09,Department Transfer,DPT-006,Sales Executive,2,6558
HIS-00892,9521,2021-12-18,Merit Increase,DPT-002,R&D Director,5,16903
HIS-00893,1108,2021-08-05,Promotion,DPT-006,Marketing Coord,1,2343
HIS-00894,19957,2020-09-05,Merit Increase,DPT-006,Marketing Coord,1,1973
HIS-00895,13971,2019-01-27,Merit Increase,DPT-002,Research Scientist,2,5151
HIS-00896,22025,2022-06-28,Merit Increase,DPT-002,R&D Director,5,17630
HIS-00897,8439,2019-02-17,Promotion,DPT-005,Software Engineer,1,5299
HIS-00898,4013,2019-07-14,Merit Increase,DPT-005,Senior Engineer,3,9379
HIS-00899,4107,2019-10-18,Department Transfer,DPT-002,Senior Analyst,3,12062
HIS-00900,15332,2015-10-20,Promotion,DPT-007,Operations Asst,1,2188
HIS-00901,2862,2022-08-02,Merit Increase,DPT-002,Lab Technician,1,2315
HIS-00902,2738,2013-08-23,Merit Increase,DPT-004,Finance Manager,4,12234
HIS-00903,17826,2015-12-18,Promotion,DPT-005,Software Engineer,1,1965
HIS-00904,16634,2014-05-04,Promotion,DPT-001,Sales Executive,1,3944
HIS-00905,8331,2021-12-01,Department Transfer,DPT-002,Senior Engineer,3,10420
HIS-00906,20967,2018-08-20,Promotion,DPT-005,Software Engineer,1,4896
HIS-00907,13081,2021-06-07,Merit Increase,DPT-002,Research Scientist,2,9309
HIS-00908,17605,2022-01-23,Merit Increase,DPT-001,Sales Representative,1,1829
HIS-00909,12305,2014-08-07,Promotion,DPT-007,Operations Analyst,1,3451
HIS-00910,16360,2022-01-22,Promotion,DPT-006,Marketing Specialist,1,3734
HIS-00911,13860,2019-05-21,Promotion,DPT-003,HR Partner,2,9485
HIS-00912,14524,2019-06-30,Department Transfer,DPT-003,Research Scientist,2,4535
HIS-00913,17248,2020-10-26,Merit Increase,DPT-006,Senior Marketer,3,6795
HIS-00914,399,2019-06-06,Department Transfer,DPT-001,Marketing Specialist,2,4335
HIS-00915,7807,2019-12-15,Promotion,DPT-005,IT Support,1,2486
HIS-00916,2721,2020-04-05,Department Transfer,DPT-003,Senior Analyst,3,7284
HIS-00917,2055,2020-05-15,Promotion,DPT-006,Marketing Specialist,1,4585
HIS-00918,11381,2021-04-07,Promotion,DPT-003,HR Generalist,1,5144
HIS-00919,12409,2021-09-28,Merit Increase,DPT-007,Operations Asst,1,2525
HIS-00920,23049,2017-10-28,Department Transfer,DPT-004,HR Assistant,1,2766
HIS-00921,407,2018-06-21,Department Transfer,DPT-005,Senior Researcher,3,7374
HIS-00922,1333,2021-02-17,Merit Increase,DPT-002,Research Scientist,2,4399
HIS-00923,16732,2021-11-30,Merit Increase,DPT-001,Sales Executive,2,4089
HIS-00924,19654,2022-03-26,Merit Increase,DPT-002,Lab Technician,1,1912
HIS-00925,8788,2021-12-09,Department Transfer,DPT-002,Software Engineer,2,5508
HIS-00926,8907,2019-09-29,Merit Increase,DPT-005,Software Engineer,2,3944
HIS-00927,10746,2022-09-04,Department Transfer,DPT-001,Software Engineer,2,5899
HIS-00928,2043,2018-05-23,Merit Increase,DPT-004,Financial Analyst,2,5048
HIS-00929,9184,2008-10-06,Merit Increase,DPT-005,IT Manager,4,12441
HIS-00930,42,2018-01-05,Merit Increase,DPT-004,Financial Clerk,1,2496
HIS-00931,19226,2012-07-05,Department Transfer,DPT-004,Sales Executive,2,4948
HIS-00932,24179,2021-09-29,Merit Increase,DPT-007,Operations Asst,1,2107
HIS-00933,6858,2021-10-09,Merit Increase,DPT-002,Research Scientist,2,3507
HIS-00934,9240,2022-11-30,Promotion,DPT-005,IT Support,1,2030
HIS-00935,16871,2017-06-13,Department Transfer,DPT-006,Software Engineer,2,6859
HIS-00936,23674,2019-05-04,Merit Increase,DPT-007,Senior Analyst,3,9509
HIS-00937,2999,2018-07-05,Promotion,DPT-002,Lab Technician,1,3204
HIS-00938,22537,2021-11-02,Merit Increase,DPT-002,Lab Technician,1,2366
HIS-00939,2548,2020-02-08,Department Transfer,DPT-007,HR Generalist,2,4331
HIS-00940,9400,2018-05-10,Merit Increase,DPT-001,Sales Representative,1,2588
HIS-00941,7736,2019-10-10,Merit Increase,DPT-005,IT Support,1,3011
HIS-00942,8695,2022-09-08,Promotion,DPT-004,Financial Clerk,1,1722
HIS-00943,10207,2021-07-07,Merit Increase,DPT-006,Marketing Coord,1,2738
HIS-00944,14872,2022-05-12,Promotion,DPT-003,HR Assistant,1,1948
HIS-00945,5994,2015-03-30,Promotion,DPT-004,Senior Analyst,2,7477
HIS-00946,13568,2017-06-08,Merit Increase,DPT-004,Financial Clerk,1,2270
HIS-00947,22617,2018-02-22,Department Transfer,DPT-002,Senior Analyst,3,10832
HIS-00948,19912,2011-10-08,Promotion,DPT-001,Sales Manager,3,11401
HIS-00949,5571,2010-04-17,Promotion,DPT-007,Operations Analyst,1,3926
HIS-00950,4228,2020-11-24,Merit Increase,DPT-005,Software Engineer,2,4598
HIS-00951,12957,2017-09-10,Promotion,DPT-007,Senior Analyst,2,6012
HIS-00952,6164,2021-04-12,Merit Increase,DPT-002,Lab Technician,1,1882
HIS-00953,23964,2020-05-08,Promotion,DPT-002,Senior Researcher,2,9025
HIS-00954,882,2019-05-05,Merit Increase,DPT-005,Software Engineer,2,4990
HIS-00955,23840,2022-06-03,Department Transfer,DPT-006,HR Manager,4,17928
HIS-00956,11430,2021-02-26,Merit Increase,DPT-004,Financial Analyst,2,4285
HIS-00957,5175,2018-11-06,Merit Increase,DPT-003,HR Partner,3,6786
HIS-00958,14565,2021-02-04,Department Transfer,DPT-007,Financial Analyst,2,5312
HIS-00959,11066,2015-12-11,Promotion,DPT-001,Sales Manager,3,11663
HIS-00960,6715,2020-08-09,Merit Increase,DPT-007,Senior Analyst,3,9809
HIS-00961,3020,2016-03-01,Promotion,DPT-006,Marketing Specialist,1,4246
HIS-00962,765,2021-02-11,Merit Increase,DPT-001,Sales Executive,2,4608
HIS-00963,518,2020-10-13,Promotion,DPT-006,Marketing Coord,1,3291
HIS-00964,6340,2021-02-28,Merit Increase,DPT-002,Lab Technician,1,3438
HIS-00965,2411,2020-11-29,Merit Increase,DPT-005,Software Engineer,2,4000
HIS-00966,24729,2020-03-04,Merit Increase,DPT-007,Operations Asst,1,1984
HIS-00967,871,2022-06-18,Promotion,DPT-002,Lab Technician,1,1758
HIS-00968,8599,2022-12-13,Department Transfer,DPT-007,Financial Analyst,2,6307
HIS-00969,4022,2017-07-27,Department Transfer,DPT-003,R&D Manager,4,15896
HIS-00970,20566,2022-10-14,Promotion,DPT-005,CIO,4,14905
HIS-00971,21848,2021-02-15,Merit Increase,DPT-005,Software Engineer,2,6269
HIS-00972,11597,2019-07-13,Merit Increase,DPT-004,Financial Clerk,1,2269
HIS-00973,22131,2019-04-01,Department Transfer,DPT-005,Senior Marketer,3,10246
HIS-00974,20422,2021-12-15,Department Transfer,DPT-001,Marketing Coord,1,2195
HIS-00975,7474,2022-05-10,Merit Increase,DPT-004,Financial Analyst,2,4282
HIS-00976,1521,2022-09-04,Merit Increase,DPT-001,Sales Representative,1,3295
HIS-00977,1907,2022-03-08,Promotion,DPT-007,Operations Analyst,1,3809
HIS-00978,21986,2021-07-09,Department Transfer,DPT-005,Operations Asst,1,2552
HIS-00979,18286,2019-11-29,Promotion,DPT-005,CIO,4,15854
HIS-00980,5665,2018-06-16,Merit Increase,DPT-005,IT Support,1,2447
HIS-00981,22879,2019-04-04,Merit Increase,DPT-005,Software Engineer,2,4071
HIS-00982,12124,2021-04-04,Merit Increase,DPT-007,Operations Asst,1,2951
HIS-00983,19852,2020-10-09,Promotion,DPT-002,Lab Technician,1,2191
HIS-00984,23305,2021-10-08,Merit Increase,DPT-005,Software Engineer,2,4786
HIS-00985,15918,2018-11-20,Department Transfer,DPT-007,Senior Engineer,3,10311
HIS-00986,2574,2022-07-18,Promotion,DPT-004,Financial Clerk,1,3690
HIS-00987,22960,2019-11-17,Merit Increase,DPT-002,Senior Researcher,3,9165
HIS-00988,21633,2021-05-29,Promotion,DPT-005,IT Support,1,3214
HIS-00989,22923,2012-05-11,Promotion,DPT-001,Senior Sales Exec,2,4304
HIS-00990,18928,2016-12-18,Department Transfer,DPT-007,Financial Analyst,2,6397
HIS-00991,24142,2014-03-02,Merit Increase,DPT-007,Senior Analyst,3,9274
HIS-00992,20395,2013-06-14,Merit Increase,DPT-001,Sales Executive,2,4420
HIS-00993,14059,2021-03-25,Promotion,DPT-003,HR Partner,2,11011
HIS-00994,16551,2021-02-09,Department Transfer,DPT-006,Sales Representative,1,3701
HIS-00995,20301,2006-01-11,Merit Increase,DPT-006,Marketing Manager,4,14757
HIS-00996,22648,2021-06-19,Department Transfer,DPT-001,Lab Technician,1,2397
HIS-00997,5603,2022-07-04,Promotion,DPT-001,Sales Representative,1,1912
HIS-00998,10471,2018-09-29,Department Transfer,DPT-007,IT Support,1,2849
HIS-00999,13003,2021-01-05,Promotion,DPT-007,Senior Analyst,2,6665
HIS-01000,15323,2019-07-02,Promotion,DPT-001,Sales Executive,1,4358
HIS-01001,6217,2019-11-29,Merit Increase,DPT-001,Sales Executive,2,5415
HIS-01002,23701,2007-03-21,Merit Increase,DPT-007,Senior Analyst,3,12957
HIS-01003,2820,2004-09-25,Department Transfer,DPT-001,Senior Researcher,3,10383
HIS-01004,10195,2022-01-16,Promotion,DPT-002,Research Scientist,1,4542
HIS-01005,21579,2018-02-05,Merit Increase,DPT-005,Senior Engineer,3,6809
HIS-01006,16999,2020-09-01,Merit Increase,DPT-005,Software Engineer,2,6008
HIS-01007,6939,2020-06-22,Promotion,DPT-004,Financial Analyst,1,4496
HIS-01008,1779,2020-02-19,Promotion,DPT-002,Senior Researcher,2,9235
HIS-01009,12830,2020-06-24,Department Transfer,DPT-003,Sales Executive,2,4250
HIS-01010,21178,2020-09-05,Department Transfer,DPT-006,Software Engineer,2,4416
HIS-01011,3263,2020-12-25,Merit Increase,DPT-003,HR Generalist,2,4237
HIS-01012,14536,2021-02-15,Merit Increase,DPT-001,Sales Executive,2,8084
HIS-01013,24944,2021-06-07,Merit Increase,DPT-007,Operations Analyst,2,5074
HIS-01014,4320,2021-02-12,Department Transfer,DPT-006,Financial Clerk,1,2059
HIS-01015,7740,2021-04-15,Merit Increase,DPT-001,Sales Representative,1,3174
HIS-01016,9237,2022-07-23,Promotion,DPT-001,Senior Sales Exec,2,6236
HIS-01017,9754,1999-08-22,Promotion,DPT-006,CMO,4,16360
HIS-01018,23428,2019-06-12,Promotion,DPT-004,Finance Manager,3,9852
HIS-01019,20160,2018-08-05,Promotion,DPT-002,Research Scientist,1,5974
HIS-01020,1287,2021-03-01,Promotion,DPT-001,Sales Executive,1,3580
HIS-01021,17166,2017-08-25,Merit Increase,DPT-007,Operations Asst,1,2626
HIS-01022,8372,2022-02-24,Promotion,DPT-003,HR Generalist,1,3598
HIS-01023,19112,2018-07-16,Merit Increase,DPT-002,Lab Technician,1,2238
HIS-01024,20379,2021-09-18,Merit Increase,DPT-002,Research Scientist,2,8274
HIS-01025,5447,2021-07-27,Merit Increase,DPT-002,Lab Technician,1,2618
HIS-01026,12583,2019-02-24,Merit Increase,DPT-006,Marketing Manager,4,15878
HIS-01027,8267,2021-02-15,Merit Increase,DPT-005,IT Support,1,2002
HIS-01028,5115,2019-12-16,Department Transfer,DPT-005,Research Scientist,2,4935
HIS-01029,16101,2018-07-03,Promotion,DPT-005,Software Engineer,1,5393
HIS-01030,16859,2020-06-07,Merit Increase,DPT-006,Marketing Coord,1,3417
HIS-01031,17040,2016-05-18,Promotion,DPT-005,Senior Engineer,2,7153
HIS-01032,10303,2021-07-27,Merit Increase,DPT-001,Sales Representative,1,2941
HIS-01033,10784,2017-01-12,Promotion,DPT-005,Software Engineer,1,5075
HIS-01034,14902,2022-03-01,Department Transfer,DPT-006,Sales Representative,1,3520
HIS-01035,23351,2021-07-18,Department Transfer,DPT-005,Lab Technician,1,2619
HIS-01036,10016,2022-04-07,Department Transfer,DPT-004,Sales Executive,2,5651
HIS-01037,8074,2021-06-03,Merit Increase,DPT-005,IT Support,1,2481
HIS-01038,19592,2013-10-15,Merit Increase,DPT-001,Sales Manager,4,13102
HIS-01039,18229,2021-09-06,Promotion,DPT-006,Marketing Specialist,1,5933
HIS-01040,13702,2019-08-24,Merit Increase,DPT-005,Senior Engineer,3,8811
HIS-01041,10957,2022-07-13,Promotion,DPT-003,HR Assistant,1,2795
HIS-01042,14824,2022-10-30,Promotion,DPT-002,Research Scientist,1,2672
HIS-01043,7942,2022-04-02,Promotion,DPT-005,IT Support,1,2242
HIS-01044,13272,2022-01-31,Merit Increase,DPT-002,Lab Technician,1,2208
HIS-01045,24481,1993-10-04,Merit Increase,DPT-007,COO,5,18311
HIS-01046,2983,2015-07-09,Department Transfer,DPT-006,Software Engineer,2,4797
HIS-01047,10187,2020-03-07,Merit Increase,DPT-006,Marketing Coord,1,3904
HIS-01048,21357,2018-02-21,Department Transfer,DPT-001,Software Engineer,2,6561
HIS-01049,22660,2019-08-01,Promotion,DPT-004,Financial Analyst,1,3518
HIS-01050,22547,2021-06-30,Department Transfer,DPT-002,Operations Analyst,2,5205
HIS-01051,22091,2017-01-16,Merit Increase,DPT-003,HR Partner,3,8604
HIS-01052,23148,2013-02-13,Promotion,DPT-003,HR Partner,2,6941
HIS-01053,628,2014-02-23,Department Transfer,DPT-007,Software Engineer,2,4172
HIS-01054,17129,2020-05-05,Department Transfer,DPT-001,HR Generalist,2,4235
HIS-01055,7512,2018-07-18,Promotion,DPT-007,Operations Analyst,1,3307
HIS-01056,6197,2021-07-14,Merit Increase,DPT-002,Lab Technician,1,2409
HIS-01057,22837,2022-08-17,Merit Increase,DPT-001,Senior Sales Exec,3,9775
HIS-01058,24068,2021-10-11,Department Transfer,DPT-003,Senior Researcher,3,10567
HIS-01059,10477,2019-08-13,Promotion,DPT-002,Research Scientist,1,3780
HIS-01060,1737,2022-02-16,Promotion,DPT-003,HR Assistant,1,3031
HIS-01061,1568,2010-03-07,Department Transfer,DPT-004,VP of Sales,5,18870
HIS-01062,6094,2020-01-20,Promotion,DPT-005,Software Engineer,1,4822
HIS-01063,18546,2020-09-05,Promotion,DPT-005,IT Support,1,2849
HIS-01064,23570,2022-10-03,Promotion,DPT-002,Lab Technician,1,2288
HIS-01065,3115,2022-11-13,Merit Increase,DPT-001,Sales Representative,1,3687
HIS-01066,22706,2022-03-20,Department Transfer,DPT-007,Lab Technician,1,2332
HIS-01067,21033,2018-06-24,Department Transfer,DPT-006,Research Scientist,2,6431
HIS-01068,16681,2020-11-09,Merit Increase,DPT-007,Operations Analyst,2,5644
HIS-01069,18448,2016-07-09,Merit Increase,DPT-003,HR Generalist,2,3188
HIS-01070,15225,2007-11-07,Merit Increase,DPT-001,Senior Sales Exec,3,7391
HIS-01071,11983,2022-07-03,Merit Increase,DPT-004,Financial Clerk,1,3463
HIS-01072,1471,2021-12-18,Promotion,DPT-005,IT Support,1,2416
HIS-01073,24980,2022-06-06,Department Transfer,DPT-006,Financial Clerk,1,3403
HIS-01074,5047,2019-10-15,Department Transfer,DPT-001,Senior Analyst,3,9372
HIS-01075,7809,2017-10-20,Merit Increase,DPT-002,Research Scientist,2,4401
HIS-01076,8713,2022-02-19,Department Transfer,DPT-007,IT Manager,4,17083
HIS-01077,19457,2019-02-28,Merit Increase,DPT-001,Sales Executive,2,5039
HIS-01078,335,2021-08-18,Promotion,DPT-001,Senior Sales Exec,2,8280
HIS-01079,5931,2016-11-26,Merit Increase,DPT-001,Sales Representative,1,3250
HIS-01080,23491,2018-03-10,Merit Increase,DPT-006,Marketing Coord,1,2335
HIS-01081,6479,2020-02-14,Department Transfer,DPT-003,Financial Analyst,2,4234
HIS-01082,21244,2019-10-22,Department Transfer,DPT-005,Lab Technician,1,4752
HIS-01083,9478,2022-04-30,Department Transfer,DPT-004,Operations Analyst,2,4965
HIS-01084,4069,2022-02-15,Merit Increase,DPT-005,IT Support,1,2242
HIS-01085,6021,2016-07-06,Promotion,DPT-003,HR Partner,2,8437
HIS-01086,7878,2020-07-12,Merit Increase,DPT-002,Research Scientist,2,3021
HIS-01087,12806,2021-03-21,Merit Increase,DPT-006,Marketing Specialist,2,4814
HIS-01088,12130,2021-06-05,Merit Increase,DPT-004,Financial Analyst,2,4280
HIS-01089,15982,1990-10-30,Promotion,DPT-007,Operations Manager,3,11346
HIS-01090,10496,2018-12-29,Merit Increase,DPT-001,Sales Representative,1,2488
HIS-01091,10631,2021-09-18,Merit Increase,DPT-005,IT Support,1,3142
HIS-01092,4483,2019-05-23,Department Transfer,DPT-007,IT Support,1,2016
HIS-01093,14320,2020-03-30,Merit Increase,DPT-001,Sales Representative,1,2472
HIS-01094,9124,2021-06-06,Merit Increase,DPT-007,Operations Asst,1,3155
HIS-01095,1540,2019-10-20,Promotion,DPT-004,Financial Analyst,1,3711
HIS-01096,12456,2022-09-09,Merit Increase,DPT-001,VP of Sales,5,18269
HIS-01097,21184,2022-10-02,Promotion,DPT-002,Lab Technician,1,2271
HIS-01098,20253,2020-03-28,Department Transfer,DPT-004,Senior Marketer,3,12265
HIS-01099,8379,2021-07-08,Promotion,DPT-005,Software Engineer,1,4343
HIS-01100,9407,2022-02-06,Merit Increase,DPT-002,Research Scientist,2,3883
HIS-01101,8556,2022-01-04,Department Transfer,DPT-003,Software Engineer,2,5631
HIS-01102,15150,2020-01-29,Department Transfer,DPT-004,Sales Executive,2,4668
HIS-01103,3610,2019-11-02,Promotion,DPT-007,Operations Asst,1,1918
HIS-01104,3786,2020-01-19,Merit Increase,DPT-001,Senior Sales Exec,3,8405
HIS-01105,10242,2021-08-12,Department Transfer,DPT-003,Research Scientist,2,5265
HIS-01106,23115,2007-03-01,Promotion,DPT-007,Operations Asst,1,2714
HIS-01107,5736,2019-12-23,Department Transfer,DPT-002,IT Manager,4,17872
HIS-01108,8794,2018-05-19,Merit Increase,DPT-005,Software Engineer,2,4819
HIS-01109,16988,2015-10-25,Department Transfer,DPT-003,Lab Technician,1,3298
HIS-01110,3096,2019-07-27,Promotion,DPT-005,Software Engineer,1,4586
HIS-01111,12892,2020-12-11,Merit Increase,DPT-004,Financial Clerk,1,1863
HIS-01112,23824,2018-05-01,Department Transfer,DPT-003,Marketing Coord,1,2767
HIS-01113,24202,2017-02-26,Merit Increase,DPT-001,Sales Executive,2,5617
HIS-01114,9015,2021-10-30,Department Transfer,DPT-003,Research Scientist,2,4486
HIS-01115,3908,2011-01-30,Promotion,DPT-002,R&D Director,4,16769
HIS-01116,22909,2016-04-06,Merit Increase,DPT-006,Marketing Specialist,2,4747
HIS-01117,14515,2019-02-23,Merit Increase,DPT-002,Research Scientist,2,5102
HIS-01118,4051,2022-04-01,Merit Increase,DPT-007,Operations Analyst,2,5987
HIS-01119,19540,2016-09-25,Merit Increase,DPT-002,Research Scientist,2,4838
HIS-01120,19635,2021-12-27,Merit Increase,DPT-003,HR Assistant,1,1830
HIS-01121,17961,2020-07-05,Department Transfer,DPT-005,Senior Researcher,3,12461
HIS-01122,24388,2015-04-01,Promotion,DPT-007,Operations Analyst,1,4584
HIS-01123,19250,2020-12-01,Department Transfer,DPT-002,Software Engineer,2,4011
HIS-01124,3333,2019-02-05,Promotion,DPT-001,Sales Executive,1,5094
HIS-01125,6190,2021-01-29,Promotion,DPT-001,Sales Executive,1,5330
HIS-01126,3644,2019-08-10,Merit Increase,DPT-004,Financial Analyst,2,5232
HIS-01127,10486,2022-11-24,Merit Increase,DPT-006,Marketing Specialist,2,4568
HIS-01128,22970,2021-07-31,Department Transfer,DPT-001,HR Generalist,2,4078
HIS-01129,4369,2021-04-14,Promotion,DPT-001,Sales Executive,1,1853
HIS-01130,23530,2018-01-09,Promotion,DPT-005,Senior Engineer,2,7467
HIS-01131,22167,2019-09-17,Merit Increase,DPT-002,R&D Director,5,18368
HIS-01132,17897,2021-02-08,Promotion,DPT-001,Sales Representative,1,2006
HIS-01133,16025,2017-06-24,Promotion,DPT-006,Marketing Specialist,1,5894
HIS-01134,23930,2019-08-30,Promotion,DPT-006,Marketing Specialist,1,7021
HIS-01135,19953,2013-02-13,Merit Increase,DPT-005,CIO,5,16385
HIS-01136,12650,2017-12-07,Merit Increase,DPT-007,Operations Analyst,2,3776
HIS-01137,11297,2016-04-24,Promotion,DPT-004,Financial Analyst,1,3429
HIS-01138,16372,2021-09-18,Merit Increase,DPT-006,Marketing Specialist,2,3921
HIS-01139,20804,2009-08-10,Department Transfer,DPT-006,R&D Manager,4,17888
HIS-01140,13407,2017-04-22,Department Transfer,DPT-006,Senior Engineer,3,10448
HIS-01141,3123,2019-04-02,Department Transfer,DPT-003,Senior Sales Exec,3,7492
HIS-01142,11640,2022-07-07,Promotion,DPT-003,HR Assistant,1,1876
HIS-01143,20417,2017-02-02,Promotion,DPT-006,Marketing Manager,3,14488
HIS-01144,20361,2021-12-07,Merit Increase,DPT-007,Senior Analyst,3,9683
HIS-01145,21736,2022-07-20,Promotion,DPT-004,Financial Clerk,1,2701
HIS-01146,23444,2021-08-29,Merit Increase,DPT-006,Marketing Specialist,2,5152
HIS-01147,22200,2018-06-11,Department Transfer,DPT-007,Research Scientist,2,5768
HIS-01148,15551,2021-04-15,Department Transfer,DPT-001,Financial Clerk,1,3389
HIS-01149,15231,2020-07-23,Promotion,DPT-001,Sales Manager,3,14160
HIS-01150,6013,2020-10-18,Promotion,DPT-007,Operations Analyst,1,4189
HIS-01151,4516,2020-05-14,Department Transfer,DPT-001,HR Generalist,2,7007
HIS-01152,9533,2018-06-18,Department Transfer,DPT-005,Research Scientist,2,3869
HIS-01153,3476,2016-06-18,Merit Increase,DPT-006,Marketing Specialist,2,5493
HIS-01154,19033,2020-03-02,Promotion,DPT-007,Operations Manager,3,10774
HIS-01155,15635,2019-06-24,Promotion,DPT-003,HR Generalist,1,5349
HIS-01156,22704,2016-01-23,Merit Increase,DPT-007,Operations Analyst,2,4909
HIS-01157,11505,2020-07-31,Department Transfer,DPT-006,Financial Analyst,2,5535
HIS-01158,4896,2020-05-25,Merit Increase,DPT-001,Sales Executive,2,5082
HIS-01159,14697,2017-10-20,Promotion,DPT-001,Senior Sales Exec,2,8955
HIS-01160,10390,2019-04-27,Promotion,DPT-007,Operations Analyst,1,4278
HIS-01161,24461,2021-08-12,Department Transfer,DPT-004,IT Support,1,3257
HIS-01162,5836,2018-06-02,Merit Increase,DPT-005,Software Engineer,2,7017
HIS-01163,16419,2022-12-10,Merit Increase,DPT-005,Software Engineer,2,5638
HIS-01164,7014,2018-07-30,Merit Increase,DPT-001,Sales Executive,2,6359
HIS-01165,7921,2012-11-06,Promotion,DPT-005,Software Engineer,1,3776
HIS-01166,15744,2022-04-22,Promotion,DPT-005,Software Engineer,1,8265
HIS-01167,11933,2020-04-01,Department Transfer,DPT-002,Sales Executive,2,6276
HIS-01168,18127,2022-05-14,Merit Increase,DPT-005,IT Support,1,1999
HIS-01169,18629,2021-02-03,Department Transfer,DPT-006,Operations Asst,1,3128
HIS-01170,18380,2015-05-23,Merit Increase,DPT-005,Senior Engineer,3,9141
HIS-01171,8821,2014-12-11,Department Transfer,DPT-006,Senior Sales Exec,3,12673
HIS-01172,3181,2008-07-10,Department Transfer,DPT-003,Sales Executive,2,2327
HIS-01173,23238,2017-11-30,Department Transfer,DPT-001,Senior Engineer,3,9435
HIS-01174,20357,2019-07-03,Promotion,DPT-004,Financial Clerk,1,4017
HIS-01175,17407,2018-03-10,Merit Increase,DPT-002,Research Scientist,2,4263
HIS-01176,14647,2022-08-25,Merit Increase,DPT-007,Operations Asst,1,2402
HIS-01177,8809,2021-03-15,Promotion,DPT-001,Sales Representative,1,1952
HIS-01178,11215,2018-09-08,Promotion,DPT-006,Marketing Specialist,1,3403
HIS-01179,4455,2019-10-08,Promotion,DPT-007,Operations Analyst,1,3681
HIS-01180,19872,2017-06-07,Merit Increase,DPT-001,Sales Representative,1,4383
HIS-01181,10621,2018-05-02,Merit Increase,DPT-002,Lab Technician,1,3189
HIS-01182,2452,2019-01-11,Merit Increase,DPT-007,COO,5,17831
HIS-01183,2535,2021-10-21,Promotion,DPT-005,IT Support,1,3284
HIS-01184,20558,2021-11-13,Department Transfer,DPT-007,Senior Engineer,3,7890
HIS-01185,17609,2016-03-17,Merit Increase,DPT-003,HR Assistant,1,2206
HIS-01186,7586,2021-04-02,Promotion,DPT-005,Senior Engineer,2,8977
HIS-01187,3661,2013-06-09,Promotion,DPT-004,Financial Analyst,1,5479
HIS-01188,15421,2017-10-19,Merit Increase,DPT-002,Research Scientist,2,6285
HIS-01189,6942,2018-07-09,Department Transfer,DPT-001,Operations Manager,4,18024
HIS-01190,2687,2020-10-20,Merit Increase,DPT-001,Senior Sales Exec,3,6660
HIS-01191,413,2022-11-30,Promotion,DPT-007,Senior Analyst,2,8210
HIS-01192,19178,2017-09-08,Merit Increase,DPT-001,Sales Executive,2,3274
HIS-01193,3888,2021-04-20,Department Transfer,DPT-001,IT Support,1,2584
HIS-01194,1795,2016-06-29,Promotion,DPT-001,Senior Sales Exec,2,7856
HIS-01195,919,2017-05-14,Department Transfer,DPT-003,Senior Marketer,3,10762
HIS-01196,8018,2009-01-07,Department Transfer,DPT-003,CIO,5,18782
HIS-01197,24219,2021-05-20,Merit Increase,DPT-007,Operations Analyst,2,5959
HIS-01198,13055,2022-05-26,Promotion,DPT-001,Sales Representative,1,3329
HIS-01199,9280,2016-06-06,Department Transfer,DPT-005,Sales Representative,1,2253
HIS-01200,2908,2021-05-17,Merit Increase,DPT-002,Lab Technician,1,3459
HIS-01201,8553,2022-04-30,Department Transfer,DPT-006,Senior Engineer,3,13667
HIS-01202,6926,2017-07-23,Merit Increase,DPT-001,Senior Sales Exec,3,12337
HIS-01203,19460,2019-10-26,Merit Increase,DPT-001,Sales Executive,2,3942
HIS-01204,3210,2017-11-01,Merit Increase,DPT-005,Software Engineer,2,5042
HIS-01205,14468,2019-11-15,Department Transfer,DPT-005,Senior Analyst,3,14022
HIS-01206,3696,2018-05-11,Promotion,DPT-001,Sales Representative,1,3016
HIS-01207,6827,2017-04-10,Merit Increase,DPT-001,Sales Executive,2,5171
HIS-01208,2507,2012-11-25,Merit Increase,DPT-007,Operations Manager,4,12284
HIS-01209,136,2019-07-04,Merit Increase,DPT-002,R&D Director,5,17066
HIS-01210,6801,2015-07-19,Merit Increase,DPT-001,Sales Executive,2,4591
HIS-01211,13665,2017-10-27,Merit Increase,DPT-004,Finance Manager,4,14116
HIS-01212,2211,2021-11-04,Merit Increase,DPT-006,Marketing Specialist,2,6069
HIS-01213,13631,2015-06-05,Department Transfer,DPT-007,Sales Executive,2,4331
HIS-01214,5375,2017-11-23,Department Transfer,DPT-001,Financial Clerk,1,3528
HIS-01215,8322,2017-06-15,Department Transfer,DPT-003,Software Engineer,2,5089
HIS-01216,19780,2016-10-12,Department Transfer,DPT-007,Software Engineer,2,4153
HIS-01217,11406,2018-02-12,Merit Increase,DPT-005,IT Support,1,2229
HIS-01218,852,2020-04-11,Merit Increase,DPT-005,Senior Engineer,3,6875
HIS-01219,62,2021-01-10,Merit Increase,DPT-002,Lab Technician,1,2162
HIS-01220,7285,2020-01-16,Merit Increase,DPT-002,R&D Manager,4,15437
HIS-01221,15103,2020-07-19,Merit Increase,DPT-001,Sales Representative,1,2624
HIS-01222,2980,2016-10-25,Merit Increase,DPT-007,Senior Analyst,3,12315
HIS-01223,8625,2022-11-22,Promotion,DPT-001,Sales Executive,1,5313
HIS-01224,9175,2022-11-13,Department Transfer,DPT-001,Lab Technician,1,3605
HIS-01225,10021,2019-05-02,Department Transfer,DPT-006,Sales Executive,2,8281
HIS-01226,17025,2022-09-15,Department Transfer,DPT-005,Marketing Coord,1,2367
HIS-01227,9583,2021-10-24,Merit Increase,DPT-001,Sales Executive,2,5702
HIS-01228,15545,2021-05-23,Department Transfer,DPT-002,IT Support,1,2930
HIS-01229,6082,2018-02-13,Promotion,DPT-007,Operations Asst,1,1772
HIS-01230,9750,2018-05-02,Merit Increase,DPT-007,Operations Analyst,2,7685
HIS-01231,8342,2021-02-16,Merit Increase,DPT-005,IT Support,1,2687
HIS-01232,12851,2022-02-02,Promotion,DPT-002,Lab Technician,1,2425
HIS-01233,17763,2016-08-06,Merit Increase,DPT-002,Senior Researcher,3,6615
HIS-01234,14755,2021-09-03,Merit Increase,DPT-003,HR Assistant,1,2493
HIS-01235,604,2014-02-03,Merit Increase,DPT-001,Senior Sales Exec,3,9369
HIS-01236,12032,2019-10-25,Promotion,DPT-002,Lab Technician,1,2061
HIS-01237,11073,2020-05-15,Merit Increase,DPT-002,Research Scientist,2,6182
HIS-01238,24412,2016-08-01,Department Transfer,DPT-007,Lab Technician,1,3334
HIS-01239,2919,2022-07-23,Promotion,DPT-003,HR Assistant,1,2316
HIS-01240,11369,2021-01-10,Merit Increase,DPT-002,Lab Technician,1,2336
HIS-01241,23666,2022-03-04,Department Transfer,DPT-002,Senior Analyst,3,9644
HIS-01242,17759,2022-09-23,Department Transfer,DPT-005,Sales Representative,1,2505
HIS-01243,18572,2022-07-30,Promotion,DPT-002,Lab Technician,1,3286
HIS-01244,10512,2022-07-31,Merit Increase,DPT-005,IT Support,1,2709
HIS-01245,11126,2020-03-14,Merit Increase,DPT-005,Software Engineer,2,4519
HIS-01246,14452,2018-09-08,Promotion,DPT-001,Sales Executive,1,1928
HIS-01247,9572,2018-12-09,Promotion,DPT-001,Sales Representative,1,3103
HIS-01248,22553,2019-07-29,Promotion,DPT-005,Senior Engineer,2,8415
HIS-01249,17306,2015-07-14,Merit Increase,DPT-001,Sales Executive,2,4951
HIS-01250,17428,2021-08-10,Promotion,DPT-001,Sales Representative,1,2418
HIS-01251,15506,2018-04-25,Promotion,DPT-006,Senior Marketer,2,9881
HIS-01252,13022,2020-07-22,Promotion,DPT-007,Operations Asst,1,3791
HIS-01253,3026,2017-05-19,Promotion,DPT-002,Research Scientist,1,4869
HIS-01254,17734,2022-11-21,Promotion,DPT-004,Financial Analyst,1,5525
HIS-01255,23272,2018-06-09,Promotion,DPT-001,Sales Representative,1,4272
HIS-01256,20748,2021-10-23,Merit Increase,DPT-001,Sales Representative,1,2092
HIS-01257,4756,2019-10-13,Department Transfer,DPT-002,Operations Asst,1,4214
HIS-01258,226,2022-06-01,Department Transfer,DPT-004,Research Scientist,2,4833
HIS-01259,14144,2022-02-28,Merit Increase,DPT-004,Financial Clerk,1,1900
HIS-01260,13225,2021-12-03,Merit Increase,DPT-003,HR Generalist,2,5455
HIS-01261,23396,2006-11-17,Department Transfer,DPT-004,R&D Director,5,20211
HIS-01262,15503,2018-10-23,Promotion,DPT-002,Research Scientist,1,4967
HIS-01263,11177,2013-06-21,Promotion,DPT-005,Software Engineer,1,3588
HIS-01264,14207,2020-06-24,Promotion,DPT-004,Financial Analyst,1,5244
HIS-01265,17890,2020-06-09,Merit Increase,DPT-006,Marketing Specialist,2,2477
HIS-01266,21894,2017-10-11,Merit Increase,DPT-007,Operations Asst,1,3243
HIS-01267,17592,2020-12-02,Promotion,DPT-006,Marketing Specialist,1,8274
HIS-01268,9470,2019-03-30,Department Transfer,DPT-005,R&D Manager,4,17266
HIS-01269,8752,2015-07-29,Promotion,DPT-001,Sales Executive,1,3553
HIS-01270,1901,2019-01-30,Merit Increase,DPT-005,Software Engineer,2,5728
HIS-01271,23715,2019-07-16,Merit Increase,DPT-005,Senior Engineer,3,8979
HIS-01272,2899,2019-11-20,Department Transfer,DPT-007,HR Assistant,1,2550
HIS-01273,24257,2021-07-19,Merit Increase,DPT-005,IT Support,1,2679
HIS-01274,7599,2022-11-30,Promotion,DPT-007,Operations Analyst,1,5346
HIS-01275,6349,2020-03-24,Promotion,DPT-005,Software Engineer,1,8259
HIS-01276,364,2015-12-19,Merit Increase,DPT-004,Financial Analyst,2,5597
HIS-01277,6653,2016-01-30,Merit Increase,DPT-002,Research Scientist,2,5743
HIS-01278,3931,2016-09-29,Department Transfer,DPT-002,Operations Analyst,2,4144
HIS-01279,5604,2020-05-01,Merit Increase,DPT-005,Senior Engineer,3,7715
HIS-01280,5033,2020-11-10,Promotion,DPT-005,Senior Engineer,2,12107
HIS-01281,18041,2014-05-10,Department Transfer,DPT-003,Financial Clerk,1,3576
HIS-01282,23999,2004-04-20,Merit Increase,DPT-002,R&D Director,5,17123
HIS-01283,15578,2022-12-01,Promotion,DPT-005,IT Support,1,2283
HIS-01284,24973,2019-09-28,Promotion,DPT-006,Marketing Coord,1,2164
HIS-01285,8877,2021-03-14,Promotion,DPT-001,Senior Sales Exec,2,9025
HIS-01286,8024,2020-06-27,Department Transfer,DPT-005,HR Generalist,2,4527
HIS-01287,20774,2017-03-07,Department Transfer,DPT-004,Sales Executive,2,3908
HIS-01288,20900,2022-05-30,Merit Increase,DPT-004,Financial Clerk,1,2200
HIS-01289,14236,2020-10-20,Merit Increase,DPT-007,Operations Analyst,2,3933
HIS-01290,11138,2016-07-20,Department Transfer,DPT-003,COO,5,19387
HIS-01291,14781,2014-09-25,Merit Increase,DPT-007,Operations Analyst,2,4761
HIS-01292,12964,2017-10-21,Department Transfer,DPT-005,Senior Sales Exec,3,8729
HIS-01293,3782,2016-04-04,Promotion,DPT-002,Research Scientist,1,4656
HIS-01294,21405,2021-08-01,Promotion,DPT-002,Senior Researcher,2,7417
HIS-01295,24802,2021-07-13,Promotion,DPT-007,Operations Analyst,1,2359
HIS-01296,2033,2020-05-05,Promotion,DPT-004,Financial Clerk,1,3018
HIS-01297,16011,2021-11-08,Merit Increase,DPT-001,Senior Sales Exec,3,12765
HIS-01298,7342,2021-02-03,Promotion,DPT-002,Research Scientist,1,4750
HIS-01299,4623,2004-04-09,Merit Increase,DPT-001,Sales Manager,4,13586
HIS-01300,13362,2018-09-12,Merit Increase,DPT-002,Research Scientist,2,6719
HIS-01301,10099,2015-05-04,Merit Increase,DPT-002,Senior Researcher,3,6988
HIS-01302,18482,2019-10-16,Promotion,DPT-007,Operations Analyst,1,5343
HIS-01303,3395,2022-06-24,Department Transfer,DPT-006,Operations Asst,1,2335
HIS-01304,15369,2019-09-29,Promotion,DPT-001,Sales Executive,1,5564
HIS-01305,15627,2020-08-05,Promotion,DPT-005,IT Support,1,2108
HIS-01306,978,2018-06-23,Department Transfer,DPT-003,VP of Sales,5,20601
HIS-01307,1136,2022-12-06,Merit Increase,DPT-001,Sales Executive,2,5650
HIS-01308,21321,2015-05-29,Department Transfer,DPT-003,Senior Sales Exec,3,9827
HIS-01309,4091,2022-07-14,Department Transfer,DPT-003,IT Support,1,2836
HIS-01310,6755,2018-12-31,Merit Increase,DPT-001,Sales Executive,2,5399
HIS-01311,4089,2022-11-29,Merit Increase,DPT-006,Senior Marketer,3,8326
HIS-01312,10677,2019-06-11,Merit Increase,DPT-007,Operations Asst,1,3098
HIS-01313,21299,2018-03-22,Merit Increase,DPT-003,HR Partner,3,7141
HIS-01314,1794,2012-01-04,Merit Increase,DPT-005,Software Engineer,2,4178
HIS-01315,14469,2018-02-03,Merit Increase,DPT-005,Senior Engineer,3,6555
HIS-01316,19933,2020-03-11,Merit Increase,DPT-002,Lab Technician,1,1859
HIS-01317,16589,2021-03-08,Promotion,DPT-001,Sales Manager,3,14324
HIS-01318,16116,2021-09-09,Promotion,DPT-007,Operations Analyst,1,3772
HIS-01319,2255,2022-04-09,Promotion,DPT-007,Operations Analyst,1,6666
HIS-01320,12299,2018-11-15,Promotion,DPT-001,Senior Sales Exec,2,7189
HIS-01321,19589,2021-10-07,Merit Increase,DPT-005,IT Manager,4,14521
HIS-01322,2097,2021-04-24,Merit Increase,DPT-005,IT Support,1,2578
HIS-01323,21838,2011-06-10,Department Transfer,DPT-006,HR Director,5,19424
HIS-01324,15677,2014-10-28,Merit Increase,DPT-002,Research Scientist,2,7202
HIS-01325,9158,2020-04-19,Promotion,DPT-005,Senior Engineer,2,9201
HIS-01326,19717,2016-10-13,Department Transfer,DPT-002,Sales Executive,2,5441
HIS-01327,24968,2014-08-27,Merit Increase,DPT-002,Research Scientist,2,4807
HIS-01328,11454,2022-02-27,Merit Increase,DPT-002,Research Scientist,2,4909
HIS-01329,10622,2015-02-17,Promotion,DPT-002,Research Scientist,1,5700
HIS-01330,22112,2012-03-24,Promotion,DPT-007,Senior Analyst,2,7503
HIS-01331,4822,2022-06-14,Department Transfer,DPT-003,Lab Technician,1,3976
HIS-01332,1066,2014-11-18,Promotion,DPT-005,Software Engineer,1,3632
HIS-01333,7688,2020-02-28,Merit Increase,DPT-002,Senior Researcher,3,6410
HIS-01334,22955,2019-08-23,Merit Increase,DPT-002,Research Scientist,2,3728
HIS-01335,15437,2022-03-09,Department Transfer,DPT-004,Marketing Coord,1,2201
HIS-01336,16124,2020-08-03,Promotion,DPT-002,Research Scientist,1,5417
HIS-01337,13733,2021-07-02,Merit Increase,DPT-007,Operations Analyst,2,7561
HIS-01338,3764,2018-11-05,Promotion,DPT-002,Senior Researcher,2,7204
HIS-01339,24400,2018-09-14,Merit Increase,DPT-007,Senior Analyst,3,7532
HIS-01340,3224,2018-05-03,Promotion,DPT-001,Sales Executive,1,4339
HIS-01341,21362,2022-01-04,Department Transfer,DPT-007,Research Scientist,2,4074
HIS-01342,19576,2022-09-20,Merit Increase,DPT-001,Senior Sales Exec,3,8314
HIS-01343,5329,2022-11-14,Merit Increase,DPT-003,HR Assistant,1,2359
HIS-01344,6120,2021-09-17,Promotion,DPT-005,IT Support,1,3212
HIS-01345,4095,2018-11-20,Promotion,DPT-002,R&D Manager,3,11353
HIS-01346,24553,2016-08-26,Merit Increase,DPT-005,Software Engineer,2,2110
HIS-01347,14917,2016-06-12,Merit Increase,DPT-006,Marketing Coord,1,2576
HIS-01348,5452,2006-07-28,Promotion,DPT-002,R&D Manager,3,10549
HIS-01349,7364,2018-02-15,Department Transfer,DPT-004,Marketing Specialist,2,5045
HIS-01350,6012,2020-07-30,Department Transfer,DPT-003,Marketing Coord,1,2815
HIS-01351,16483,2021-09-21,Merit Increase,DPT-001,Sales Representative,1,3275
HIS-01352,2602,2022-06-04,Merit Increase,DPT-001,Sales Manager,4,11328
HIS-01353,20998,2020-12-14,Department Transfer,DPT-007,Senior Researcher,3,6735
HIS-01354,255,2022-12-10,Promotion,DPT-001,Sales Representative,1,2182
HIS-01355,7853,2021-06-03,Merit Increase,DPT-006,Marketing Coord,1,4361
HIS-01356,15093,2013-02-07,Department Transfer,DPT-007,Financial Analyst,2,4762
HIS-01357,1760,2014-04-06,Department Transfer,DPT-003,Senior Analyst,3,7492
HIS-01358,18016,2021-11-05,Department Transfer,DPT-001,Operations Analyst,2,4315
HIS-01359,20016,2020-12-15,Promotion,DPT-007,Operations Asst,1,2006
HIS-01360,7389,2021-11-10,Promotion,DPT-002,Lab Technician,1,2478
HIS-01361,2661,2021-12-08,Department Transfer,DPT-001,Financial Clerk,1,2701
HIS-01362,7309,2007-02-28,Promotion,DPT-006,Marketing Coord,1,3966
HIS-01363,982,2018-10-20,Promotion,DPT-006,Senior Marketer,2,7385
HIS-01364,17095,2018-06-02,Department Transfer,DPT-006,Operations Asst,1,2845
HIS-01365,9318,2018-03-25,Merit Increase,DPT-002,Research Scientist,2,2420
HIS-01366,13820,2021-04-17,Merit Increase,DPT-001,Sales Representative,1,4309
HIS-01367,20956,2022-04-10,Promotion,DPT-007,Operations Analyst,1,4358
HIS-01368,4785,2019-07-18,Department Transfer,DPT-001,HR Generalist,2,5226
HIS-01369,14485,2022-09-14,Promotion,DPT-001,Sales Executive,1,3021
HIS-01370,11164,2017-01-24,Promotion,DPT-006,Senior Marketer,2,6854
HIS-01371,12768,2022-03-19,Merit Increase,DPT-007,Operations Analyst,2,7145
HIS-01372,4798,2022-11-18,Department Transfer,DPT-005,Senior Marketer,3,6915
HIS-01373,2364,2022-05-27,Merit Increase,DPT-004,Financial Clerk,1,2234
HIS-01374,24061,2014-03-20,Merit Increase,DPT-005,Senior Engineer,3,10069
HIS-01375,5491,2019-02-22,Promotion,DPT-001,Sales Representative,1,2519
HIS-01376,7598,2017-11-01,Promotion,DPT-001,Sales Executive,1,4164
HIS-01377,2549,2021-12-14,Department Transfer,DPT-004,HR Partner,3,7306
HIS-01378,2376,2022-09-06,Promotion,DPT-002,Lab Technician,1,1711
HIS-01379,8155,2021-01-24,Merit Increase,DPT-006,Marketing Manager,4,16184
HIS-01380,12700,2015-10-08,Merit Increase,DPT-001,Senior Sales Exec,3,9950
HIS-01381,21657,2022-10-15,Department Transfer,DPT-005,Financial Analyst,2,9191
HIS-01382,5182,2008-04-18,Promotion,DPT-006,Marketing Specialist,1,4557
HIS-01383,2094,2021-06-15,Merit Increase,DPT-004,Financial Clerk,1,2241
HIS-01384,5794,2010-11-30,Department Transfer,DPT-003,Operations Analyst,2,6290
HIS-01385,12999,2016-04-22,Promotion,DPT-002,Senior Researcher,2,8663
HIS-01386,8269,2019-08-15,Merit Increase,DPT-005,IT Support,1,1965
HIS-01387,3663,2021-08-23,Merit Increase,DPT-001,Sales Representative,1,1926
HIS-01388,11179,2022-11-08,Promotion,DPT-005,IT Support,1,2570
HIS-01389,10608,2022-11-25,Department Transfer,DPT-005,Operations Analyst,2,9060
HIS-01390,20509,2021-11-19,Promotion,DPT-002,Lab Technician,1,1738
HIS-01391,17005,2019-01-05,Department Transfer,DPT-006,COO,5,19693
HIS-01392,7559,2011-03-13,Merit Increase,DPT-004,Financial Analyst,2,4473
HIS-01393,824,2018-11-10,Department Transfer,DPT-005,R&D Director,5,17697
HIS-01394,608,2022-05-20,Promotion,DPT-002,Lab Technician,1,2087
HIS-01395,6747,2021-08-28,Department Transfer,DPT-002,CIO,5,19114
HIS-01396,18524,2019-12-06,Department Transfer,DPT-001,Operations Asst,1,3589
HIS-01397,12071,2021-02-18,Merit Increase,DPT-004,Financial Analyst,2,3726
HIS-01398,3846,2019-07-08,Merit Increase,DPT-005,IT Support,1,3096
HIS-01399,1671,2022-10-26,Department Transfer,DPT-007,Lab Technician,1,2481
HIS-01400,1139,2020-01-04,Department Transfer,DPT-007,Senior Analyst,3,12250
HIS-01401,4135,2021-04-15,Promotion,DPT-005,Software Engineer,1,4890
HIS-01402,22800,2013-07-12,Promotion,DPT-002,Research Scientist,1,4611
HIS-01403,13828,2013-04-23,Promotion,DPT-001,Senior Sales Exec,2,6575
HIS-01404,24658,2018-07-09,Promotion,DPT-003,HR Generalist,1,5496
HIS-01405,14616,2007-08-18,Promotion,DPT-007,Senior Analyst,2,8785
HIS-01406,6417,2014-05-26,Merit Increase,DPT-002,Research Scientist,2,5557
HIS-01407,14388,2021-03-30,Merit Increase,DPT-005,IT Support,1,2065
HIS-01408,383,2020-02-19,Merit Increase,DPT-005,Senior Engineer,3,7848
HIS-01409,18022,2018-03-22,Department Transfer,DPT-005,Lab Technician,1,2009
HIS-01410,21350,2021-01-22,Merit Increase,DPT-005,Software Engineer,2,4945
HIS-01411,12131,2020-03-17,Department Transfer,DPT-003,IT Support,1,2828
HIS-01412,19937,2015-03-30,Department Transfer,DPT-007,IT Support,1,2079
HIS-01413,22141,2022-08-22,Department Transfer,DPT-003,Financial Clerk,1,2198
HIS-01414,23007,2019-03-10,Department Transfer,DPT-003,Research Scientist,2,5301
HIS-01415,4197,2016-05-03,Merit Increase,DPT-001,Sales Executive,2,6405
HIS-01416,10153,2022-09-10,Department Transfer,DPT-006,R&D Manager,4,15710
HIS-01417,15596,2020-10-23,Department Transfer,DPT-007,Lab Technician,1,4015
HIS-01418,10093,2019-05-27,Department Transfer,DPT-007,Lab Technician,1,2983
HIS-01419,7041,2014-12-21,Promotion,DPT-006,Senior Marketer,2,7316
HIS-01420,3676,2020-10-24,Merit Increase,DPT-002,Lab Technician,1,3031
HIS-01421,20799,2018-06-10,Merit Increase,DPT-005,Software Engineer,2,8479
HIS-01422,17692,2010-07-07,Promotion,DPT-002,Research Scientist,1,4299
HIS-01423,23913,2022-01-18,Promotion,DPT-001,Sales Executive,1,3811
HIS-01424,19637,2020-09-11,Department Transfer,DPT-003,Sales Representative,1,3380
HIS-01425,6952,2017-11-27,Department Transfer,DPT-005,CFO,5,18081
HIS-01426,15038,2022-06-03,Department Transfer,DPT-005,Financial Clerk,1,2878
HIS-01427,2540,2020-03-17,Merit Increase,DPT-006,Marketing Coord,1,3650
HIS-01428,12939,2019-01-20,Promotion,DPT-001,Sales Executive,1,3546
HIS-01429,3659,2020-12-29,Promotion,DPT-005,IT Support,1,1777
HIS-01430,18613,2020-10-27,Merit Increase,DPT-005,Software Engineer,2,5290
HIS-01431,22637,2021-11-18,Promotion,DPT-005,IT Support,1,3128
HIS-01432,4511,2014-11-22,Department Transfer,DPT-003,Sales Executive,2,5520
HIS-01433,11333,2019-09-08,Merit Increase,DPT-007,Operations Analyst,2,4107
HIS-01434,10866,2019-02-18,Merit Increase,DPT-007,COO,5,17825
HIS-01435,24647,2014-10-07,Department Transfer,DPT-006,Senior Engineer,3,10879
HIS-01436,4229,2022-04-27,Department Transfer,DPT-003,Financial Analyst,2,6132
HIS-01437,4766,2019-06-12,Promotion,DPT-007,Operations Analyst,1,3583
HIS-01438,10438,2020-02-20,Promotion,DPT-004,Financial Clerk,1,3200
HIS-01439,5304,2021-01-14,Merit Increase,DPT-007,Senior Analyst,3,8676
HIS-01440,20514,2017-07-15,Department Transfer,DPT-006,Software Engineer,2,6392
HIS-01441,15322,2021-09-23,Department Transfer,DPT-006,Software Engineer,2,6396
HIS-01442,9953,2018-10-11,Merit Increase,DPT-002,Lab Technician,1,3966
HIS-01443,9596,2022-09-08,Merit Increase,DPT-002,Lab Technician,1,2344
HIS-01444,23429,2022-01-17,Promotion,DPT-001,Sales Representative,1,2095
HIS-01445,20585,2021-03-26,Promotion,DPT-004,Financial Clerk,1,2152
HIS-01446,6056,2018-02-22,Merit Increase,DPT-004,Financial Analyst,2,4111
HIS-01447,3673,2022-03-28,Department Transfer,DPT-006,IT Support,1,2396
HIS-01448,7627,2015-11-06,Promotion,DPT-007,Operations Analyst,1,5162
HIS-01449,7792,2020-10-16,Department Transfer,DPT-006,Research Scientist,2,5715
HIS-01450,17739,2014-11-26,Department Transfer,DPT-004,Lab Technician,1,2978
HIS-01451,17577,2019-04-12,Promotion,DPT-001,Senior Sales Exec,2,9122
HIS-01452,20755,2017-11-26,Promotion,DPT-004,Financial Analyst,1,4106
HIS-01453,16052,2018-01-31,Merit Increase,DPT-004,Senior Analyst,3,10530
HIS-01454,2319,2020-06-05,Department Transfer,DPT-006,HR Assistant,1,2595
HIS-01455,4928,2022-05-02,Department Transfer,DPT-007,Lab Technician,1,2500
HIS-01456,6300,2010-11-15,Merit Increase,DPT-002,Senior Researcher,3,6773
HIS-01457,15498,2022-08-24,Department Transfer,DPT-002,Sales Representative,1,2283
HIS-01458,4101,2020-12-22,Department Transfer,DPT-001,Software Engineer,2,6246
HIS-01459,24390,2019-12-24,Promotion,DPT-007,Operations Analyst,1,4465
HIS-01460,12723,2021-11-05,Department Transfer,DPT-004,Operations Analyst,2,4443
HIS-01461,10002,2006-09-14,Merit Increase,DPT-002,R&D Director,5,16889
HIS-01462,10198,2019-08-05,Promotion,DPT-006,Marketing Specialist,1,5228
HIS-01463,4444,2018-04-10,Promotion,DPT-002,R&D Manager,3,11684
HIS-01464,4266,2021-06-08,Department Transfer,DPT-001,HR Assistant,1,2568
HIS-01465,24427,2015-06-14,Department Transfer,DPT-002,Sales Executive,2,5340
HIS-01466,2313,2022-07-07,Merit Increase,DPT-004,Financial Analyst,2,7844
HIS-01467,10783,2021-10-18,Promotion,DPT-007,Operations Asst,1,2108
HIS-01468,21991,2012-09-14,Merit Increase,DPT-005,Senior Engineer,3,6791
HIS-01469,11209,2022-07-16,Department Transfer,DPT-007,Sales Executive,2,6694
HIS-01470,22759,2022-11-15,Department Transfer,DPT-003,Senior Sales Exec,3,10235
HIS-01471,11433,2018-11-07,Merit Increase,DPT-007,Operations Analyst,2,5581
HIS-01472,24597,2020-02-07,Merit Increase,DPT-004,Senior Analyst,3,6840
HIS-01473,13509,2022-12-02,Promotion,DPT-002,Lab Technician,1,1636
HIS-01474,22915,2022-04-24,Department Transfer,DPT-002,IT Support,1,3947
HIS-01475,10172,2019-04-17,Promotion,DPT-001,Sales Representative,1,1826
HIS-01476,366,2018-08-18,Merit Increase,DPT-002,Senior Researcher,3,10131
HIS-01477,22700,2020-02-16,Promotion,DPT-007,Operations Analyst,1,4576
HIS-01478,13504,2019-01-05,Merit Increase,DPT-001,Sales Representative,1,4425
HIS-01479,23433,2011-08-19,Promotion,DPT-006,Marketing Specialist,1,5824
HIS-01480,18719,2022-01-22,Department Transfer,DPT-006,Research Scientist,2,6111
HIS-01481,20527,2020-07-08,Department Transfer,DPT-002,Senior Analyst,3,7086
HIS-01482,291,2020-12-10,Merit Increase,DPT-001,Sales Representative,1,3494
HIS-01483,22768,2018-11-08,Department Transfer,DPT-006,Sales Manager,4,14657
HIS-01484,22625,2020-03-16,Merit Increase,DPT-001,Sales Representative,1,1923
HIS-01485,4925,2022-11-04,Merit Increase,DPT-001,Sales Representative,1,2622
HIS-01486,17091,2014-07-19,Merit Increase,DPT-001,Senior Sales Exec,3,9924
HIS-01487,13083,2010-10-23,Merit Increase,DPT-004,CFO,5,17370
HIS-01488,20746,2020-04-27,Merit Increase,DPT-007,Operations Asst,1,3390
HIS-01489,5177,2019-12-11,Department Transfer,DPT-002,Operations Asst,1,2762
HIS-01490,19252,2020-04-13,Promotion,DPT-003,HR Manager,3,14872
HIS-01491,13756,2020-09-06,Merit Increase,DPT-005,Software Engineer,2,4109
HIS-01492,16911,2022-09-18,Merit Increase,DPT-007,Operations Analyst,2,2044
HIS-01493,10346,2020-04-08,Department Transfer,DPT-005,HR Assistant,1,2397
HIS-01494,10753,2017-07-24,Merit Increase,DPT-005,Software Engineer,2,5549
HIS-01495,7871,2021-01-06,Merit Increase,DPT-006,Marketing Manager,4,12907
HIS-01496,875,2021-09-12,Promotion,DPT-001,Sales Representative,1,1972
HIS-01497,23335,2020-08-31,Merit Increase,DPT-007,Operations Analyst,2,4829
HIS-01498,6369,2021-12-16,Promotion,DPT-004,Financial Clerk,1,3938
HIS-01499,9473,2020-10-26,Merit Increase,DPT-007,Operations Analyst,2,4134
HIS-01500,14084,2015-06-13,Department Transfer,DPT-004,Research Scientist,2,5263
HIS-01501,23084,2022-10-28,Merit Increase,DPT-002,Lab Technician,1,2495
HIS-01502,13551,2018-07-11,Merit Increase,DPT-002,Lab Technician,1,2577
HIS-01503,11737,2021-05-22,Promotion,DPT-005,IT Support,1,2493
HIS-01504,5425,2020-05-01,Merit Increase,DPT-003,HR Partner,3,9476
HIS-01505,4468,2022-02-11,Promotion,DPT-001,Sales Executive,1,5154
HIS-01506,23311,2018-04-19,Merit Increase,DPT-001,Sales Representative,1,3465
HIS-01507,7657,2015-09-15,Promotion,DPT-005,Software Engineer,1,5547
HIS-01508,7898,2021-08-03,Department Transfer,DPT-002,Financial Clerk,1,2187
HIS-01509,15078,2016-03-05,Department Transfer,DPT-001,Research Scientist,2,5684
HIS-01510,7035,2017-12-14,Department Transfer,DPT-001,HR Partner,3,7737
HIS-01511,11142,2021-05-30,Department Transfer,DPT-005,Senior Analyst,3,9084
HIS-01512,6457,2018-04-17,Promotion,DPT-005,IT Support,1,1857
HIS-01513,3537,2021-10-29,Department Transfer,DPT-006,Lab Technician,1,4649
HIS-01514,20478,2014-08-28,Merit Increase,DPT-005,Software Engineer,2,6021
HIS-01515,2826,2019-10-17,Merit Increase,DPT-006,Marketing Coord,1,2977
HIS-01516,16019,2005-08-03,Department Transfer,DPT-005,Operations Manager,4,16381
HIS-01517,16167,2019-07-11,Department Transfer,DPT-007,Financial Clerk,1,2894
HIS-01518,3807,2019-08-11,Department Transfer,DPT-002,HR Generalist,2,5906
HIS-01519,9440,2020-06-26,Department Transfer,DPT-002,IT Support,1,2193
HIS-01520,7516,2007-02-27,Merit Increase,DPT-006,CMO,5,18492
HIS-01521,231,2014-09-17,Promotion,DPT-006,Marketing Coord,1,2809
HIS-01522,7197,2021-08-07,Merit Increase,DPT-001,Sales Executive,2,4411
HIS-01523,5225,2018-03-01,Promotion,DPT-002,Lab Technician,1,2159
HIS-01524,6054,2022-01-29,Department Transfer,DPT-004,Research Scientist,2,4038
HIS-01525,2021,2021-10-26,Merit Increase,DPT-007,Operations Analyst,2,4858
HIS-01526,24548,2019-08-24,Department Transfer,DPT-006,CIO,5,19187
HIS-01527,21721,2019-01-31,Promotion,DPT-004,Financial Clerk,1,2091
HIS-01528,15888,2022-11-23,Merit Increase,DPT-002,Research Scientist,2,4588
HIS-01529,19706,2018-01-16,Department Transfer,DPT-005,HR Director,5,18921
HIS-01530,21869,2022-09-15,Department Transfer,DPT-001,Financial Clerk,1,2022
HIS-01531,7835,2021-09-11,Promotion,DPT-001,Senior Sales Exec,2,6360
HIS-01532,17768,2022-08-09,Merit Increase,DPT-006,Marketing Specialist,2,5792
HIS-01533,24328,2020-01-03,Promotion,DPT-001,Sales Executive,1,4042
HIS-01534,11604,2019-01-04,Merit Increase,DPT-006,Marketing Specialist,2,4951
HIS-01535,16192,2020-03-06,Department Transfer,DPT-003,Sales Executive,2,4998
HIS-01536,144,2019-07-31,Department Transfer,DPT-005,Lab Technician,1,3729
HIS-01537,1623,2014-03-08,Merit Increase,DPT-005,Senior Engineer,3,8784
HIS-01538,9330,2003-03-15,Department Transfer,DPT-003,Marketing Manager,4,12770
HIS-01539,14409,2022-09-22,Promotion,DPT-006,Senior Marketer,2,8558
HIS-01540,2656,2022-11-28,Merit Increase,DPT-003,HR Assistant,1,1961
HIS-01541,20638,2021-08-12,Promotion,DPT-002,Lab Technician,1,2306
HIS-01542,22451,2020-03-16,Department Transfer,DPT-001,Research Scientist,2,5947
HIS-01543,20741,2013-02-16,Merit Increase,DPT-007,Operations Manager,4,12646
HIS-01544,9298,2018-06-08,Department Transfer,DPT-001,CMO,5,20238
HIS-01545,14336,2022-04-11,Department Transfer,DPT-001,Senior Analyst,3,8968
HIS-01546,3195,2022-05-23,Merit Increase,DPT-002,Lab Technician,1,1881
HIS-01547,1602,2018-07-09,Merit Increase,DPT-002,R&D Manager,4,15207
HIS-01548,17048,2017-07-10,Department Transfer,DPT-006,Operations Analyst,2,6013
HIS-01549,24971,2020-07-17,Department Transfer,DPT-003,Research Scientist,2,8662
HIS-01550,23345,2022-05-28,Department Transfer,DPT-007,Marketing Specialist,2,5456
HIS-01551,10490,2020-11-08,Department Transfer,DPT-004,Senior Researcher,3,12966
HIS-01552,24240,2021-02-09,Promotion,DPT-005,IT Support,1,1977
HIS-01553,2234,2018-05-13,Department Transfer,DPT-006,Senior Analyst,3,8188
HIS-01554,19552,2021-03-04,Promotion,DPT-001,Senior Sales Exec,2,11539
HIS-01555,68,2021-08-10,Promotion,DPT-006,Senior Marketer,2,6756
HIS-01556,4876,2021-03-08,Merit Increase,DPT-005,Software Engineer,2,5359
HIS-01557,9863,2011-09-01,Department Transfer,DPT-005,Senior Analyst,3,10703
HIS-01558,9968,2021-07-31,Department Transfer,DPT-006,Sales Representative,1,2810
HIS-01559,17298,2016-07-26,Promotion,DPT-006,Marketing Specialist,1,5619
HIS-01560,1392,2019-10-09,Merit Increase,DPT-001,Sales Manager,4,14130
HIS-01561,14701,2019-10-26,Promotion,DPT-007,COO,4,16722
HIS-01562,483,2006-05-20,Merit Increase,DPT-004,CFO,5,17210
HIS-01563,1198,2022-09-22,Department Transfer,DPT-004,Operations Asst,1,2754
HIS-01564,2333,2016-10-09,Promotion,DPT-005,Senior Engineer,2,9089
HIS-01565,23590,2022-12-09,Merit Increase,DPT-002,Senior Researcher,3,9448
HIS-01566,18742,2015-10-15,Promotion,DPT-002,R&D Manager,3,13824
HIS-01567,15552,2021-03-24,Merit Increase,DPT-002,Lab Technician,1,2704
HIS-01568,4194,2020-08-26,Promotion,DPT-005,IT Support,1,3853
HIS-01569,4083,2021-02-07,Merit Increase,DPT-005,Software Engineer,2,9433
HIS-01570,5513,2021-03-18,Department Transfer,DPT-004,Operations Asst,1,2583
HIS-01571,7254,2020-09-22,Promotion,DPT-007,Operations Asst,1,3890
HIS-01572,12036,2006-06-05,Merit Increase,DPT-004,CFO,5,17850
HIS-01573,10709,2022-03-06,Promotion,DPT-005,Software Engineer,1,4142
HIS-01574,20754,2012-04-29,Merit Increase,DPT-005,Senior Engineer,3,7838
HIS-01575,22699,2020-06-07,Merit Increase,DPT-002,Lab Technician,1,2670
HIS-01576,23659,2017-08-26,Promotion,DPT-006,Marketing Specialist,1,4644
HIS-01577,6284,2018-10-16,Merit Increase,DPT-005,IT Support,1,2848
HIS-01578,2337,2021-08-25,Department Transfer,DPT-002,Financial Analyst,2,5262
HIS-01579,3199,2017-06-08,Department Transfer,DPT-006,Senior Sales Exec,3,7148
HIS-01580,3860,2015-11-21,Merit Increase,DPT-006,Marketing Specialist,2,3805
HIS-01581,11123,2021-03-10,Department Transfer,DPT-001,Lab Technician,1,3186
HIS-01582,23337,2022-10-21,Department Transfer,DPT-004,HR Director,5,19137
HIS-01583,18431,2021-12-18,Merit Increase,DPT-007,Operations Asst,1,1934
HIS-01584,18221,2022-07-28,Promotion,DPT-002,Research Scientist,1,5071
HIS-01585,24473,2022-05-12,Promotion,DPT-006,Marketing Specialist,1,4357
HIS-01586,12351,2021-07-14,Promotion,DPT-005,Software Engineer,1,4165
HIS-01587,13680,2019-06-07,Merit Increase,DPT-002,Research Scientist,2,4242
HIS-01588,9667,2020-03-24,Department Transfer,DPT-005,Sales Executive,2,4735
HIS-01589,11494,2022-08-26,Department Transfer,DPT-005,Senior Marketer,3,10602
HIS-01590,4630,2019-02-05,Promotion,DPT-004,CFO,4,16891
HIS-01591,15251,2020-08-14,Department Transfer,DPT-003,Senior Sales Exec,3,10444
HIS-01592,7966,2003-01-22,Promotion,DPT-001,VP of Sales,4,16752
HIS-01593,23014,2021-12-05,Merit Increase,DPT-006,Marketing Coord,1,1872
HIS-01594,18601,2021-05-05,Merit Increase,DPT-002,R&D Manager,4,16719
HIS-01595,17015,2013-03-30,Merit Increase,DPT-002,Research Scientist,2,4264
HIS-01596,9693,2018-04-16,Department Transfer,DPT-006,Research Scientist,2,5131
HIS-01597,14164,2019-07-07,Promotion,DPT-001,Sales Representative,1,2159
HIS-01598,8061,2015-04-20,Promotion,DPT-005,Senior Engineer,2,7206
HIS-01599,13120,2018-02-03,Merit Increase,DPT-002,Research Scientist,2,5025
HIS-01600,11427,2021-04-09,Merit Increase,DPT-001,Sales Executive,2,3893
HIS-01601,21193,2016-07-14,Department Transfer,DPT-002,Finance Manager,4,17505
HIS-01602,4875,2015-06-15,Merit Increase,DPT-002,Research Scientist,2,4193
HIS-01603,5847,2022-01-26,Promotion,DPT-002,Lab Technician,1,3334
HIS-01604,757,2020-01-24,Promotion,DPT-005,Software Engineer,1,6845
HIS-01605,24823,2018-02-08,Promotion,DPT-004,Financial Clerk,1,1751
HIS-01606,6515,2022-04-06,Promotion,DPT-004,Financial Analyst,1,4628
HIS-01607,4783,2012-07-21,Promotion,DPT-005,IT Manager,3,14610
HIS-01608,13476,2022-09-17,Promotion,DPT-001,Sales Executive,1,5391
HIS-01609,14997,2017-09-30,Merit Increase,DPT-001,Sales Representative,1,3378
HIS-01610,21252,1997-09-10,Merit Increase,DPT-001,Sales Manager,4,15994
HIS-01611,4056,2021-03-16,Promotion,DPT-001,Sales Representative,1,2282
HIS-01612,5837,2022-03-22,Promotion,DPT-007,Operations Asst,1,2403
HIS-01613,5289,2018-08-05,Merit Increase,DPT-001,Sales Executive,2,5394
HIS-01614,22065,2021-04-23,Merit Increase,DPT-005,IT Support,1,2261
HIS-01615,7821,2017-01-25,Merit Increase,DPT-002,Senior Researcher,3,7850
HIS-01616,24484,2022-04-23,Merit Increase,DPT-002,Research Scientist,2,6174
HIS-01617,20242,2020-02-09,Merit Increase,DPT-006,Marketing Specialist,2,4242
HIS-01618,24902,2021-11-12,Department Transfer,DPT-006,IT Manager,4,13393
HIS-01619,15438,2021-01-18,Promotion,DPT-001,Sales Representative,1,2850
HIS-01620,9315,2019-09-27,Department Transfer,DPT-007,Software Engineer,2,4151
HIS-01621,16591,2021-07-13,Promotion,DPT-002,Lab Technician,1,2786
HIS-01622,5757,2018-01-05,Promotion,DPT-005,Software Engineer,1,4097
HIS-01623,6155,2021-04-20,Department Transfer,DPT-002,Sales Executive,2,5728
HIS-01624,21546,2019-03-16,Merit Increase,DPT-006,Marketing Specialist,2,6309
HIS-01625,6980,2018-01-21,Merit Increase,DPT-001,Senior Sales Exec,3,10402
HIS-01626,3716,2021-11-23,Merit Increase,DPT-002,Lab Technician,1,1866
HIS-01627,12828,2018-01-01,Promotion,DPT-001,Sales Executive,1,4607
HIS-01628,14343,2020-11-27,Merit Increase,DPT-001,Sales Representative,1,2196
HIS-01629,7563,2018-09-09,Department Transfer,DPT-003,Sales Executive,2,6350
HIS-01630,533,2021-11-07,Department Transfer,DPT-003,Operations Asst,1,4348
HIS-01631,2118,2015-11-29,Merit Increase,DPT-005,IT Manager,4,15352
HIS-01632,22196,2017-07-31,Merit Increase,DPT-005,Senior Engineer,3,9231
HIS-01633,10397,2016-12-13,Department Transfer,DPT-001,Financial Clerk,1,4812
HIS-01634,10028,2017-03-23,Department Transfer,DPT-001,Operations Analyst,2,4533
HIS-01635,21144,2021-12-30,Merit Increase,DPT-005,Software Engineer,2,4103
HIS-01636,23111,2016-03-11,Department Transfer,DPT-007,Sales Representative,1,2657
HIS-01637,1915,2020-03-03,Department Transfer,DPT-007,HR Assistant,1,2040
HIS-01638,2546,2020-03-07,Merit Increase,DPT-004,Financial Clerk,1,3108
HIS-01639,19133,2020-06-30,Promotion,DPT-002,Research Scientist,1,4444
HIS-01640,2147,2022-07-01,Merit Increase,DPT-004,Finance Manager,4,12622
HIS-01641,259,2022-03-20,Merit Increase,DPT-005,IT Support,1,2409
HIS-01642,7481,2020-12-29,Promotion,DPT-002,R&D Manager,3,10619
HIS-01643,3881,2011-05-13,Promotion,DPT-004,Finance Manager,3,14127
HIS-01644,23097,2022-04-23,Department Transfer,DPT-006,HR Assistant,1,2337
HIS-01645,14530,2018-08-26,Merit Increase,DPT-004,Senior Analyst,3,12028
HIS-01646,5958,2020-04-11,Department Transfer,DPT-004,Research Scientist,2,6301
HIS-01647,24591,2016-12-28,Department Transfer,DPT-002,HR Generalist,2,7624
HIS-01648,17392,2022-04-23,Department Transfer,DPT-001,Operations Asst,1,2596
HIS-01649,18460,2019-11-27,Department Transfer,DPT-006,Finance Manager,4,16569
HIS-01650,3039,2021-08-09,Merit Increase,DPT-001,Sales Representative,1,2481
HIS-01651,15739,2016-02-19,Promotion,DPT-002,Senior Researcher,2,11145
HIS-01652,16413,2021-12-01,Department Transfer,DPT-004,Software Engineer,2,5661
HIS-01653,11365,2022-05-20,Merit Increase,DPT-002,Lab Technician,1,2124
HIS-01654,19431,2022-03-07,Department Transfer,DPT-006,Senior Analyst,3,11283
HIS-01655,20208,2022-05-25,Department Transfer,DPT-004,Senior Engineer,3,7797
HIS-01656,14069,2018-02-21,Promotion,DPT-006,Marketing Coord,1,2955
HIS-01657,15035,2010-11-03,Department Transfer,DPT-007,Senior Engineer,3,10731
HIS-01658,1741,2018-11-01,Merit Increase,DPT-006,Marketing Specialist,2,5302
HIS-01659,8177,2021-01-18,Department Transfer,DPT-003,R&D Director,5,19577
HIS-01660,307,2018-11-27,Promotion,DPT-004,Financial Analyst,1,5855
HIS-01661,542,2022-07-21,Promotion,DPT-005,CIO,4,16353
HIS-01662,21979,2010-04-16,Department Transfer,DPT-003,Operations Manager,4,16616
HIS-01663,2291,2020-07-06,Merit Increase,DPT-005,Senior Engineer,3,9800
HIS-01664,22801,2021-12-27,Merit Increase,DPT-001,Senior Sales Exec,3,9271
HIS-01665,24169,2019-07-22,Promotion,DPT-007,Operations Analyst,1,5663
HIS-01666,1223,2021-01-15,Department Transfer,DPT-006,HR Generalist,2,6176
HIS-01667,10675,2020-09-22,Merit Increase,DPT-001,Sales Representative,1,3232
HIS-01668,3437,2021-08-27,Promotion,DPT-002,Lab Technician,1,2427
HIS-01669,13832,2022-04-04,Merit Increase,DPT-001,Sales Manager,4,13510
HIS-01670,18732,2022-11-14,Merit Increase,DPT-007,Operations Analyst,2,4251
HIS-01671,22139,2018-03-29,Merit Increase,DPT-005,IT Support,1,2298
HIS-01672,3573,2022-02-09,Merit Increase,DPT-006,Senior Marketer,3,7420
HIS-01673,17180,2021-04-08,Merit Increase,DPT-006,Marketing Specialist,2,4370
HIS-01674,24379,2020-02-27,Promotion,DPT-001,Senior Sales Exec,2,9944
HIS-01675,1816,2017-03-22,Merit Increase,DPT-007,Operations Analyst,2,4795
HIS-01676,18187,2015-07-10,Promotion,DPT-001,Sales Representative,1,2310
HIS-01677,21948,2020-01-23,Merit Increase,DPT-005,Software Engineer,2,5810
HIS-01678,10188,2012-09-06,Merit Increase,DPT-007,Operations Manager,4,12645
HIS-01679,6407,2017-04-15,Promotion,DPT-002,Research Scientist,1,5071
HIS-01680,23994,2019-05-31,Merit Increase,DPT-007,Operations Asst,1,3244
HIS-01681,23859,2018-03-18,Promotion,DPT-001,Sales Manager,3,11458
HIS-01682,22010,2019-05-14,Merit Increase,DPT-006,Marketing Specialist,2,4886
HIS-01683,24940,2017-12-20,Merit Increase,DPT-001,Sales Executive,2,3839
HIS-01684,16139,2019-03-08,Merit Increase,DPT-007,Operations Asst,1,2208
HIS-01685,9668,2019-07-23,Department Transfer,DPT-004,Lab Technician,1,3453
HIS-01686,24604,2018-02-07,Merit Increase,DPT-007,Operations Asst,1,3098
HIS-01687,14757,2022-02-04,Promotion,DPT-004,Financial Clerk,1,3851
HIS-01688,20718,2022-04-07,Promotion,DPT-003,HR Generalist,1,5553
HIS-01689,6041,2018-10-22,Merit Increase,DPT-005,Senior Engineer,3,9365
HIS-01690,17713,2022-04-03,Merit Increase,DPT-007,Operations Asst,1,2735
HIS-01691,12829,2016-06-24,Promotion,DPT-002,Senior Researcher,2,5780
HIS-01692,2747,2007-11-05,Promotion,DPT-005,CIO,4,15732
HIS-01693,15589,2019-05-02,Promotion,DPT-001,Senior Sales Exec,2,7428
HIS-01694,8109,1999-07-13,Department Transfer,DPT-002,CIO,5,18675
HIS-01695,21335,2022-06-24,Promotion,DPT-004,CFO,4,17100
HIS-01696,8983,2021-07-11,Department Transfer,DPT-003,CIO,5,19133
HIS-01697,17817,2013-12-18,Merit Increase,DPT-004,Financial Clerk,1,2804
HIS-01698,15157,2018-12-05,Merit Increase,DPT-002,Senior Researcher,3,13042
HIS-01699,11770,2020-08-16,Merit Increase,DPT-001,Sales Representative,1,2185
HIS-01700,20041,2019-06-08,Promotion,DPT-002,Research Scientist,1,4298
HIS-01701,13278,2014-10-18,Promotion,DPT-005,Senior Engineer,2,9481
HIS-01702,5899,2022-06-27,Promotion,DPT-007,Operations Asst,1,2289
HIS-01703,12112,2017-08-30,Promotion,DPT-005,CIO,4,15873
HIS-01704,15275,2021-08-23,Merit Increase,DPT-002,Research Scientist,2,5207
HIS-01705,6849,2020-12-01,Department Transfer,DPT-001,IT Support,1,2695
HIS-01706,17038,2013-04-30,Merit Increase,DPT-001,VP of Sales,5,16757
HIS-01707,13938,2019-06-26,Promotion,DPT-006,Marketing Coord,1,2380
HIS-01708,22429,2022-07-26,Merit Increase,DPT-004,Financial Clerk,1,2111
HIS-01709,6201,2018-06-03,Promotion,DPT-005,IT Support,1,2566
HIS-01710,5374,2022-10-26,Merit Increase,DPT-006,Marketing Coord,1,2326
HIS-01711,16417,2019-07-20,Promotion,DPT-007,Operations Asst,1,2497
HIS-01712,12054,2021-02-11,Merit Increase,DPT-006,Marketing Specialist,2,4959
HIS-01713,8107,2013-02-27,Merit Increase,DPT-001,Sales Executive,2,4686
HIS-01714,212,2008-05-15,Department Transfer,DPT-002,Senior Engineer,3,9876
HIS-01715,22859,2022-10-26,Promotion,DPT-001,Sales Representative,1,1925
HIS-01716,1784,2017-09-28,Merit Increase,DPT-005,Software Engineer,2,4968
HIS-01717,4826,2013-02-10,Promotion,DPT-001,Sales Executive,1,4591
HIS-01718,16428,2020-07-22,Promotion,DPT-005,IT Support,1,2819
HIS-01719,18399,2018-06-24,Merit Increase,DPT-006,Marketing Coord,1,2574
HIS-01720,22392,2016-04-20,Department Transfer,DPT-007,Finance Manager,4,16743
HIS-01721,23730,2021-06-13,Department Transfer,DPT-006,HR Partner,3,12267
HIS-01722,1159,2002-07-04,Department Transfer,DPT-003,Senior Analyst,3,10824
HIS-01723,7676,2020-02-03,Merit Increase,DPT-005,Software Engineer,2,4548
HIS-01724,1831,2016-01-22,Merit Increase,DPT-007,Operations Analyst,2,4117
HIS-01725,1614,2018-03-25,Promotion,DPT-002,Research Scientist,1,4153
HIS-01726,23375,2018-02-08,Merit Increase,DPT-001,Sales Executive,2,3985
HIS-01727,16277,2019-02-19,Promotion,DPT-002,Senior Researcher,2,9039
HIS-01728,24155,2012-11-24,Promotion,DPT-006,Senior Marketer,2,8857
HIS-01729,10076,2014-11-10,Promotion,DPT-002,Senior Researcher,2,6093
HIS-01730,13239,2006-01-03,Merit Increase,DPT-007,COO,5,18006
HIS-01731,3409,2020-05-26,Promotion,DPT-002,Senior Researcher,2,8980
HIS-01732,5251,2018-08-23,Merit Increase,DPT-002,Research Scientist,2,5294
HIS-01733,1232,2008-02-11,Promotion,DPT-002,R&D Director,4,16489
HIS-01734,811,2018-02-06,Promotion,DPT-007,Operations Asst,1,2710
HIS-01735,1804,2015-07-22,Promotion,DPT-002,Senior Researcher,2,9865
HIS-01736,16076,2017-11-20,Promotion,DPT-001,Sales Manager,3,13703
HIS-01737,9052,2017-10-11,Promotion,DPT-004,Finance Manager,3,14452
HIS-01738,17324,2014-07-25,Merit Increase,DPT-001,Sales Executive,2,7015
HIS-01739,7135,2017-03-05,Merit Increase,DPT-004,Financial Clerk,1,2307
HIS-01740,17503,2013-09-01,Department Transfer,DPT-004,Operations Analyst,2,6030
HIS-01741,4105,2019-04-13,Merit Increase,DPT-002,Lab Technician,1,4122
HIS-01742,22981,2022-07-27,Merit Increase,DPT-005,IT Support,1,1806
HIS-01743,15712,2012-01-08,Merit Increase,DPT-007,Senior Analyst,3,9456
HIS-01744,10762,2022-01-03,Department Transfer,DPT-002,HR Assistant,1,2100
HIS-01745,9247,2020-07-01,Merit Increase,DPT-004,Financial Clerk,1,3507
HIS-01746,18829,2019-09-11,Merit Increase,DPT-007,Operations Asst,1,1920
HIS-01747,17404,2019-12-31,Merit Increase,DPT-006,Marketing Coord,1,1807
HIS-01748,15233,2022-02-01,Merit Increase,DPT-007,Senior Analyst,3,9481
HIS-01749,11596,2016-09-06,Merit Increase,DPT-006,Marketing Specialist,2,8773
HIS-01750,15878,2019-01-08,Department Transfer,DPT-006,Sales Manager,4,12392
HIS-01751,3049,2018-06-22,Merit Increase,DPT-002,Research Scientist,2,4780
HIS-01752,16149,2020-08-24,Department Transfer,DPT-006,Senior Researcher,3,10619
HIS-01753,6979,2013-09-20,Merit Increase,DPT-006,Marketing Specialist,2,5742
HIS-01754,9355,2008-05-25,Promotion,DPT-001,VP of Sales,4,16523
HIS-01755,20219,2022-05-04,Merit Increase,DPT-006,Marketing Specialist,2,3956
HIS-01756,9604,2019-01-18,Department Transfer,DPT-006,Senior Sales Exec,3,8023
HIS-01757,7805,2021-07-01,Promotion,DPT-001,Sales Executive,1,5003
HIS-01758,22777,2019-04-14,Merit Increase,DPT-004,Financial Analyst,2,5431
HIS-01759,482,2021-12-07,Merit Increase,DPT-005,IT Support,1,1815
HIS-01760,15420,2022-08-22,Promotion,DPT-002,Senior Researcher,2,8201
HIS-01761,4125,2021-08-27,Merit Increase,DPT-006,Marketing Coord,1,2435
HIS-01762,13497,2019-07-07,Promotion,DPT-007,Operations Analyst,1,4780
HIS-01763,10236,2022-07-08,Department Transfer,DPT-003,Senior Engineer,3,8323
HIS-01764,14246,2017-01-19,Merit Increase,DPT-001,VP of Sales,5,16949
HIS-01765,12262,2008-01-20,Merit Increase,DPT-003,HR Manager,4,13024
HIS-01766,15391,2020-03-25,Promotion,DPT-001,Sales Executive,1,5018
HIS-01767,6095,2020-07-18,Department Transfer,DPT-003,Senior Researcher,3,9753
HIS-01768,2978,2021-07-16,Merit Increase,DPT-001,Sales Representative,1,2164
HIS-01769,17984,2022-06-21,Merit Increase,DPT-001,Sales Representative,1,1920
HIS-01770,13277,2022-12-05,Merit Increase,DPT-004,Financial Clerk,1,2390
HIS-01771,16696,2021-06-29,Department Transfer,DPT-006,IT Support,1,2766
HIS-01772,14957,2020-05-23,Merit Increase,DPT-007,Operations Analyst,2,8537
HIS-01773,21104,2020-12-12,Merit Increase,DPT-005,Software Engineer,2,5263
HIS-01774,12398,2022-06-06,Promotion,DPT-001,Sales Representative,1,1809
HIS-01775,10832,2016-12-09,Department Transfer,DPT-004,Senior Sales Exec,3,9023
HIS-01776,9609,2019-01-16,Department Transfer,DPT-003,Senior Researcher,3,9481
HIS-01777,15464,2021-06-09,Promotion,DPT-002,Research Scientist,1,4414
HIS-01778,8150,2020-11-20,Merit Increase,DPT-002,Lab Technician,1,2430
HIS-01779,24639,2020-04-14,Merit Increase,DPT-006,Marketing Coord,1,3391
HIS-01780,1025,2017-12-07,Merit Increase,DPT-007,Operations Analyst,2,4652
HIS-01781,5612,2013-04-16,Merit Increase,DPT-005,Software Engineer,2,7057
HIS-01782,19037,2019-08-08,Department Transfer,DPT-002,Senior Engineer,3,7634
HIS-01783,19907,2016-01-18,Promotion,DPT-002,Lab Technician,1,4178
HIS-01784,15727,2022-05-18,Department Transfer,DPT-005,Financial Analyst,2,3777
HIS-01785,14544,2014-04-22,Merit Increase,DPT-002,Research Scientist,2,4810
HIS-01786,1179,2018-09-02,Merit Increase,DPT-006,Marketing Specialist,2,5922
HIS-01787,9861,2015-01-31,Merit Increase,DPT-006,Marketing Specialist,2,5521
HIS-01788,15995,2014-03-12,Department Transfer,DPT-003,Senior Analyst,3,7810
HIS-01789,21010,2021-06-10,Promotion,DPT-001,Sales Manager,3,13021
HIS-01790,1395,2021-10-27,Merit Increase,DPT-002,Research Scientist,2,5283
HIS-01791,7931,2018-04-10,Department Transfer,DPT-004,Marketing Specialist,2,5851
HIS-01792,18455,2021-02-17,Promotion,DPT-007,Operations Analyst,1,5695
HIS-01793,18207,2022-05-23,Merit Increase,DPT-005,Software Engineer,2,4254
HIS-01794,2409,2022-11-10,Department Transfer,DPT-002,Operations Asst,1,4562
HIS-01795,23573,2018-03-22,Merit Increase,DPT-007,Operations Asst,1,2584
HIS-01796,10407,2017-10-05,Merit Increase,DPT-002,Research Scientist,2,5505
HIS-01797,12749,2020-04-19,Merit Increase,DPT-001,Sales Executive,2,4485
HIS-01798,21690,2020-09-24,Department Transfer,DPT-005,Lab Technician,1,3307
HIS-01799,10857,2017-01-20,Merit Increase,DPT-005,Software Engineer,2,5963
HIS-01800,4360,2021-02-17,Promotion,DPT-001,Senior Sales Exec,2,8387
HIS-01801,14414,2011-07-30,Department Transfer,DPT-007,Senior Researcher,3,10239
HIS-01802,22143,2015-12-09,Department Transfer,DPT-004,Sales Executive,2,6110
HIS-01803,9362,2022-03-29,Merit Increase,DPT-006,Marketing Coord,1,2074
HIS-01804,6723,2021-02-21,Department Transfer,DPT-004,Marketing Coord,1,2414
HIS-01805,5248,2020-12-09,Promotion,DPT-007,Operations Analyst,1,3819
HIS-01806,3916,2022-09-12,Department Transfer,DPT-004,R&D Manager,4,16121
HIS-01807,23571,2020-05-12,Department Transfer,DPT-004,Senior Researcher,3,9627
HIS-01808,10828,2020-06-05,Promotion,DPT-007,Operations Analyst,1,4859
HIS-01809,19111,2020-10-19,Department Transfer,DPT-006,Financial Analyst,2,4833
HIS-01810,8773,2020-08-02,Promotion,DPT-005,IT Support,1,1933
HIS-01811,18012,2021-09-08,Department Transfer,DPT-001,Operations Analyst,2,4611
HIS-01812,4298,2011-03-12,Promotion,DPT-001,Sales Manager,3,12469
HIS-01813,22591,2008-03-10,Department Transfer,DPT-001,CFO,5,20050
HIS-01814,21383,2021-10-03,Department Transfer,DPT-005,Sales Executive,2,2794
HIS-01815,2138,2022-12-08,Merit Increase,DPT-005,Software Engineer,2,5600
HIS-01816,5968,2022-09-30,Department Transfer,DPT-003,Sales Executive,2,5941
HIS-01817,18640,2019-04-14,Promotion,DPT-006,Senior Marketer,2,11385
HIS-01818,6252,2019-11-19,Department Transfer,DPT-004,Sales Executive,2,4839
HIS-01819,382,2021-09-08,Promotion,DPT-005,IT Support,1,2337
HIS-01820,12976,2022-06-11,Department Transfer,DPT-002,Software Engineer,2,5491
HIS-01821,17119,2018-03-03,Department Transfer,DPT-002,Financial Clerk,1,3514
HIS-01822,5605,2021-04-24,Promotion,DPT-001,Sales Representative,1,1931
HIS-01823,8075,2019-04-04,Department Transfer,DPT-001,Marketing Specialist,2,6263
HIS-01824,9039,2020-08-03,Promotion,DPT-005,Senior Engineer,2,9210
HIS-01825,12442,2019-04-01,Promotion,DPT-005,IT Support,1,3934
HIS-01826,18267,2019-07-29,Promotion,DPT-005,Software Engineer,1,7890
HIS-01827,14965,2012-01-18,Merit Increase,DPT-002,R&D Manager,4,16628
HIS-01828,3930,2014-07-09,Promotion,DPT-001,Sales Executive,1,3320
HIS-01829,5793,2018-06-15,Department Transfer,DPT-003,Senior Analyst,3,7757
HIS-01830,9286,2017-06-21,Promotion,DPT-005,IT Support,1,1775
HIS-01831,17290,2021-09-02,Department Transfer,DPT-001,Financial Clerk,1,2075
HIS-01832,9246,2020-04-26,Merit Increase,DPT-007,Senior Analyst,3,11933
HIS-01833,4341,2021-06-11,Promotion,DPT-003,HR Generalist,1,1962
HIS-01834,8589,2020-07-14,Department Transfer,DPT-006,Financial Clerk,1,2198
HIS-01835,11780,2002-07-29,Promotion,DPT-005,CIO,4,16621
HIS-01836,24772,2021-06-26,Merit Increase,DPT-001,Sales Representative,1,2465
HIS-01837,23271,2021-12-11,Merit Increase,DPT-004,Financial Analyst,2,4432
HIS-01838,6061,2008-06-15,Department Transfer,DPT-005,HR Partner,3,9503
HIS-01839,3391,2003-02-16,Promotion,DPT-002,R&D Director,4,16099
HIS-01840,23214,2022-01-28,Promotion,DPT-002,Senior Researcher,2,10806
HIS-01841,8424,2020-11-08,Merit Increase,DPT-001,Sales Representative,1,3615
HIS-01842,823,2021-02-17,Promotion,DPT-002,Research Scientist,1,5705
HIS-01843,12880,2015-09-21,Department Transfer,DPT-003,Research Scientist,2,5862
HIS-01844,15014,2021-06-17,Promotion,DPT-004,Senior Analyst,2,6567
HIS-01845,8570,2021-02-27,Department Transfer,DPT-006,R&D Manager,4,16563
HIS-01846,378,2021-12-17,Merit Increase,DPT-001,Senior Sales Exec,3,9738
HIS-01847,8591,2020-08-03,Promotion,DPT-006,Marketing Coord,1,2000
HIS-01848,24915,2015-01-30,Department Transfer,DPT-006,Software Engineer,2,4222
HIS-01849,16302,2016-12-05,Promotion,DPT-005,Software Engineer,1,5657
HIS-01850,10167,2018-02-07,Merit Increase,DPT-003,HR Manager,4,15376
HIS-01851,17125,2016-12-06,Promotion,DPT-004,Financial Analyst,1,3592
HIS-01852,452,2014-03-02,Department Transfer,DPT-003,Software Engineer,2,10105
HIS-01853,21460,2020-05-06,Merit Increase,DPT-005,IT Manager,4,11491
HIS-01854,15424,2020-09-24,Merit Increase,DPT-005,Senior Engineer,3,10856
HIS-01855,18144,2007-06-02,Department Transfer,DPT-001,R&D Manager,4,12868
HIS-01856,2991,2015-09-25,Promotion,DPT-001,Sales Representative,1,2318
HIS-01857,12694,2011-07-09,Department Transfer,DPT-002,CMO,5,18966
HIS-01858,21257,2021-11-21,Merit Increase,DPT-002,Lab Technician,1,2492
HIS-01859,783,2021-05-18,Merit Increase,DPT-002,Research Scientist,2,3857
HIS-01860,17881,2022-11-25,Department Transfer,DPT-001,Research Scientist,2,6766
HIS-01861,24899,2019-06-30,Merit Increase,DPT-001,Sales Representative,1,2658
HIS-01862,6368,2021-06-03,Merit Increase,DPT-001,Sales Executive,2,5281
HIS-01863,19888,2017-01-19,Promotion,DPT-005,CIO,4,17665
HIS-01864,10383,2022-01-09,Promotion,DPT-002,Research Scientist,1,6415
HIS-01865,17670,2021-10-16,Merit Increase,DPT-005,Software Engineer,2,4369
HIS-01866,20651,2011-04-04,Department Transfer,DPT-006,Senior Engineer,3,10848
HIS-01867,16603,1992-07-26,Promotion,DPT-005,IT Manager,3,14489
HIS-01868,9488,2020-12-04,Department Transfer,DPT-004,Sales Representative,1,2518
HIS-01869,8970,1996-09-22,Merit Increase,DPT-001,VP of Sales,5,18298
HIS-01870,3378,2020-04-17,Promotion,DPT-001,Senior Sales Exec,2,8331
HIS-01871,8141,2015-09-07,Department Transfer,DPT-005,Sales Executive,2,6741
HIS-01872,4026,2022-11-28,Department Transfer,DPT-003,Marketing Coord,1,2720
HIS-01873,20665,2019-05-08,Department Transfer,DPT-004,Operations Analyst,2,4420
HIS-01874,16121,2022-03-23,Merit Increase,DPT-006,Marketing Specialist,2,4934
HIS-01875,3170,2020-03-28,Merit Increase,DPT-003,HR Generalist,2,5402
HIS-01876,12725,2021-10-11,Merit Increase,DPT-005,Software Engineer,2,4507
HIS-01877,5944,2022-04-14,Merit Increase,DPT-007,Operations Analyst,2,3899
HIS-01878,5457,2010-05-25,Promotion,DPT-002,Senior Researcher,2,6298
HIS-01879,22021,2016-02-03,Department Transfer,DPT-002,Software Engineer,2,6486
HIS-01880,9159,2020-08-13,Department Transfer,DPT-003,Software Engineer,2,5199
HIS-01881,21459,2003-01-16,Department Transfer,DPT-003,Senior Engineer,3,7698
HIS-01882,3869,2018-09-19,Merit Increase,DPT-005,Senior Engineer,3,10980
HIS-01883,20487,2021-05-19,Department Transfer,DPT-007,Lab Technician,1,2981
HIS-01884,1297,2020-06-16,Department Transfer,DPT-007,Senior Sales Exec,3,7461
HIS-01885,16758,2021-05-04,Promotion,DPT-007,Operations Analyst,1,4251
HIS-01886,6726,2017-05-28,Department Transfer,DPT-002,Sales Manager,4,17394
HIS-01887,8432,2016-02-08,Department Transfer,DPT-004,Software Engineer,2,9696
HIS-01888,13020,2019-01-25,Merit Increase,DPT-007,Operations Asst,1,4449
HIS-01889,16703,2019-08-13,Merit Increase,DPT-001,Senior Sales Exec,3,12859
HIS-01890,18036,2021-10-18,Merit Increase,DPT-007,Operations Asst,1,2523
HIS-01891,21745,2014-01-26,Merit Increase,DPT-002,Research Scientist,2,5950
HIS-01892,12155,2009-07-10,Promotion,DPT-005,CIO,4,16185
HIS-01893,20057,2019-05-05,Department Transfer,DPT-001,R&D Manager,4,16384
HIS-01894,9394,2022-11-28,Department Transfer,DPT-001,IT Support,1,2922
HIS-01895,14829,2018-04-17,Promotion,DPT-005,Senior Engineer,2,10594
HIS-01896,16363,2016-08-16,Promotion,DPT-007,Operations Asst,1,3072
HIS-01897,17144,2019-12-09,Merit Increase,DPT-005,Senior Engineer,3,10310
HIS-01898,22826,2020-06-24,Department Transfer,DPT-004,Operations Analyst,2,5149
HIS-01899,16930,2019-05-14,Merit Increase,DPT-006,Marketing Coord,1,2232
HIS-01900,2511,2019-04-09,Promotion,DPT-001,Sales Representative,1,1760
HIS-01901,15037,2017-01-17,Merit Increase,DPT-002,Research Scientist,2,3317
HIS-01902,11239,2019-12-20,Merit Increase,DPT-004,Financial Analyst,2,4943
HIS-01903,12657,2001-12-27,Department Transfer,DPT-007,CIO,5,18259
HIS-01904,9212,2014-03-24,Merit Increase,DPT-007,Operations Analyst,2,4738
HIS-01905,3010,2022-07-13,Promotion,DPT-001,Sales Executive,1,3455
HIS-01906,22499,2021-04-26,Department Transfer,DPT-001,Senior Analyst,3,8235
HIS-01907,17651,2008-08-22,Department Transfer,DPT-007,R&D Director,5,18926
HIS-01908,8898,2020-10-14,Promotion,DPT-005,Software Engineer,1,4653
HIS-01909,23300,2019-01-26,Promotion,DPT-002,Research Scientist,1,5933
HIS-01910,14509,2019-01-08,Department Transfer,DPT-001,Senior Analyst,3,10043
HIS-01911,586,2020-04-04,Promotion,DPT-002,Research Scientist,1,6057
HIS-01912,15785,2014-09-26,Promotion,DPT-005,Senior Engineer,2,9384
HIS-01913,21799,2017-10-09,Merit Increase,DPT-005,IT Support,1,2071
HIS-01914,21627,2021-10-27,Merit Increase,DPT-006,Marketing Coord,1,2206
HIS-01915,17858,2020-07-30,Merit Increase,DPT-005,Software Engineer,2,4097
HIS-01916,22007,2016-07-09,Promotion,DPT-005,IT Manager,3,11810
HIS-01917,2710,2020-10-02,Merit Increase,DPT-002,Senior Researcher,3,11932
HIS-01918,5127,2013-01-01,Department Transfer,DPT-006,Senior Analyst,3,7725
HIS-01919,14846,2020-03-06,Merit Increase,DPT-006,Marketing Specialist,2,7534
HIS-01920,23661,2008-03-30,Promotion,DPT-003,HR Manager,3,14382
HIS-01921,19692,2022-09-15,Department Transfer,DPT-007,Sales Representative,1,2728
HIS-01922,16592,2022-06-02,Promotion,DPT-006,Marketing Coord,1,3167
HIS-01923,15978,2022-05-27,Promotion,DPT-006,Marketing Coord,1,3721
HIS-01924,10203,2020-01-05,Promotion,DPT-002,Research Scientist,1,3590
HIS-01925,24252,2006-05-25,Merit Increase,DPT-007,COO,5,18152
HIS-01926,15169,2019-05-03,Department Transfer,DPT-001,Software Engineer,2,6633
HIS-01927,8419,2011-06-08,Promotion,DPT-006,Senior Marketer,2,8782
HIS-01928,2997,2014-06-27,Merit Increase,DPT-001,Sales Manager,4,13113
HIS-01929,21024,2018-06-29,Merit Increase,DPT-002,Research Scientist,2,4697
HIS-01930,11628,2018-06-12,Promotion,DPT-004,Financial Clerk,1,2105
HIS-01931,14898,2022-09-22,Merit Increase,DPT-001,Sales Representative,1,2118
HIS-01932,2684,2021-11-26,Department Transfer,DPT-007,Lab Technician,1,3594
HIS-01933,18325,2019-06-20,Promotion,DPT-002,Lab Technician,1,2305
HIS-01934,21678,2021-09-17,Merit Increase,DPT-004,Financial Clerk,1,3706
HIS-01935,16399,2022-11-04,Merit Increase,DPT-001,Senior Sales Exec,3,8014
HIS-01936,21588,2015-12-06,Merit Increase,DPT-005,Senior Engineer,3,10854
HIS-01937,4884,2017-11-09,Department Transfer,DPT-005,Senior Sales Exec,3,11022
HIS-01938,22416,2016-05-31,Merit Increase,DPT-001,Senior Sales Exec,3,9468
HIS-01939,10872,2013-07-09,Promotion,DPT-005,IT Manager,3,11294
HIS-01940,5988,2021-09-01,Promotion,DPT-007,Senior Analyst,2,7601
HIS-01941,22057,2021-11-20,Promotion,DPT-002,Research Scientist,1,3479
HIS-01942,11397,2022-02-20,Department Transfer,DPT-002,Marketing Coord,1,3443
HIS-01943,10116,2020-07-15,Merit Increase,DPT-001,Senior Sales Exec,3,7785
HIS-01944,15007,2014-06-29,Promotion,DPT-002,Lab Technician,1,2606
HIS-01945,1937,2022-10-25,Promotion,DPT-002,Research Scientist,1,1976
HIS-01946,19529,2021-10-03,Merit Increase,DPT-007,Operations Analyst,2,5027
HIS-01947,22435,2019-12-24,Promotion,DPT-001,Sales Manager,3,14557
HIS-01948,6516,2021-11-10,Merit Increase,DPT-002,Lab Technician,1,1843
HIS-01949,7575,2017-08-06,Department Transfer,DPT-007,Sales Executive,2,4305
HIS-01950,22237,2018-02-03,Department Transfer,DPT-004,Operations Asst,1,2669
HIS-01951,3452,2022-06-30,Department Transfer,DPT-001,IT Support,1,2649
HIS-01952,24162,2013-10-28,Promotion,DPT-007,Operations Analyst,1,4327
HIS-01953,19770,2012-08-15,Department Transfer,DPT-003,R&D Manager,4,13129
HIS-01954,8592,2015-12-04,Promotion,DPT-001,Sales Executive,1,4764
HIS-01955,14130,2021-05-21,Department Transfer,DPT-003,Lab Technician,1,3364
HIS-01956,24430,2018-06-24,Merit Increase,DPT-002,Lab Technician,1,2898
HIS-01957,21694,2022-01-16,Merit Increase,DPT-002,Lab Technician,1,2811
HIS-01958,20722,2016-10-28,Merit Increase,DPT-002,R&D Director,5,17435
HIS-01959,22265,2016-04-28,Merit Increase,DPT-005,CIO,5,17458
HIS-01960,13817,2016-08-11,Merit Increase,DPT-002,R&D Director,5,18446
HIS-01961,11791,2016-02-26,Department Transfer,DPT-002,Marketing Specialist,2,6429
HIS-01962,24245,2020-06-23,Department Transfer,DPT-001,Research Scientist,2,9209
HIS-01963,10527,2016-08-18,Promotion,DPT-005,Senior Engineer,2,8347
HIS-01964,6495,2022-09-22,Merit Increase,DPT-007,Senior Analyst,3,11927
HIS-01965,5325,2012-06-25,Promotion,DPT-001,Sales Executive,1,5170
HIS-01966,23607,2019-12-24,Merit Increase,DPT-007,Operations Analyst,2,4204
HIS-01967,2026,2022-02-16,Department Transfer,DPT-001,Research Scientist,2,4773
HIS-01968,12772,2020-01-09,Promotion,DPT-005,Software Engineer,1,5181
HIS-01969,11213,2022-09-01,Promotion,DPT-005,IT Support,1,3916
HIS-01970,17090,2020-05-19,Promotion,DPT-007,Operations Asst,1,2672
HIS-01971,15272,2022-06-15,Merit Increase,DPT-005,IT Support,1,3633
HIS-01972,232,2011-03-02,Promotion,DPT-004,CFO,4,15791
HIS-01973,19067,2020-04-17,Merit Increase,DPT-001,Sales Manager,4,13959
HIS-01974,5848,2012-08-06,Promotion,DPT-005,Senior Engineer,2,6555
HIS-01975,5281,2022-07-07,Department Transfer,DPT-003,Operations Asst,1,2643
HIS-01976,8776,2020-08-06,Department Transfer,DPT-004,Sales Executive,2,5669
HIS-01977,1439,2021-03-31,Merit Increase,DPT-002,Senior Researcher,3,9485
HIS-01978,10837,2020-06-04,Merit Increase,DPT-005,Software Engineer,2,4853
HIS-01979,3352,2016-09-19,Promotion,DPT-003,HR Generalist,1,2651
HIS-01980,39,2022-11-11,Merit Increase,DPT-005,IT Support,1,3323
HIS-01981,825,2010-03-27,Merit Increase,DPT-004,Senior Analyst,3,9930
HIS-01982,20660,2016-12-17,Merit Increase,DPT-001,Senior Sales Exec,3,8077
HIS-01983,12801,2011-04-16,Department Transfer,DPT-001,Software Engineer,2,5935
HIS-01984,22516,2021-08-15,Merit Increase,DPT-007,Operations Analyst,2,6246
HIS-01985,10860,2018-12-14,Promotion,DPT-005,Software Engineer,1,3700
HIS-01986,743,2022-11-08,Merit Increase,DPT-005,IT Support,1,1874
HIS-01987,7480,2021-03-10,Department Transfer,DPT-004,HR Assistant,1,2661
HIS-01988,21472,2021-05-10,Merit Increase,DPT-001,Sales Executive,2,4920
HIS-01989,20796,2018-05-03,Department Transfer,DPT-004,Marketing Specialist,2,6906
HIS-01990,14035,2018-03-17,Merit Increase,DPT-005,Senior Engineer,3,9387
HIS-01991,18477,2020-08-29,Merit Increase,DPT-005,Software Engineer,2,4066
HIS-01992,4103,2019-09-28,Merit Increase,DPT-004,Financial Analyst,2,4280
HIS-01993,9534,2021-10-11,Department Transfer,DPT-002,Marketing Coord,1,2435
HIS-01994,748,2021-08-16,Department Transfer,DPT-007,Financial Clerk,1,3299
HIS-01995,3157,2020-01-13,Department Transfer,DPT-006,COO,5,18637
HIS-01996,12393,2018-05-30,Merit Increase,DPT-005,IT Support,1,2384
HIS-01997,2778,2021-12-12,Promotion,DPT-001,Sales Executive,1,4192
HIS-01998,7075,2017-05-01,Promotion,DPT-004,Finance Manager,3,10914
HIS-01999,5503,2022-10-07,Promotion,DPT-002,Lab Technician,1,2592
HIS-02000,13661,2015-01-13,Merit Increase,DPT-006,Marketing Specialist,2,5081
HIS-02001,19643,2018-08-01,Department Transfer,DPT-003,Senior Analyst,3,7106
HIS-02002,4433,2018-02-25,Promotion,DPT-004,Financial Analyst,1,4628
HIS-02003,12627,2020-10-09,Promotion,DPT-002,Lab Technician,1,3191
HIS-02004,21133,2021-08-24,Promotion,DPT-003,HR Assistant,1,3077
HIS-02005,3337,2020-07-14,Promotion,DPT-007,Operations Analyst,1,5528
HIS-02006,2696,2021-03-08,Promotion,DPT-004,Financial Clerk,1,1671
HIS-02007,19050,2017-03-05,Department Transfer,DPT-003,Research Scientist,2,5779
HIS-02008,22836,2020-03-20,Promotion,DPT-005,Software Engineer,1,5281
HIS-02009,23407,2020-11-10,Merit Increase,DPT-005,IT Manager,4,15319
HIS-02010,3421,2021-06-15,Department Transfer,DPT-007,Marketing Manager,4,15880
HIS-02011,19441,2017-09-10,Promotion,DPT-004,Financial Analyst,1,6575
HIS-02012,5054,2020-04-24,Department Transfer,DPT-007,Sales Representative,1,2113
HIS-02013,14907,2019-05-29,Merit Increase,DPT-004,Financial Analyst,2,8678
HIS-02014,3552,2020-07-23,Promotion,DPT-001,Sales Executive,1,3677
HIS-02015,24646,2022-02-04,Department Transfer,DPT-005,Marketing Specialist,2,4047
HIS-02016,22743,2018-12-15,Department Transfer,DPT-002,Software Engineer,2,5182
HIS-02017,9680,2010-05-22,Promotion,DPT-002,R&D Manager,3,14496
HIS-02018,19049,2022-03-08,Department Transfer,DPT-002,HR Assistant,1,4758
HIS-02019,22899,2022-08-03,Merit Increase,DPT-001,Sales Manager,4,13491
HIS-02020,18447,2021-09-12,Department Transfer,DPT-005,R&D Director,5,18644
HIS-02021,287,2005-09-14,Promotion,DPT-004,Finance Manager,3,12026
HIS-02022,13693,2019-01-08,Department Transfer,DPT-002,Marketing Specialist,2,4928
HIS-02023,24398,2022-11-04,Department Transfer,DPT-004,HR Generalist,2,6260
HIS-02024,13884,2020-07-23,Merit Increase,DPT-001,Sales Executive,2,3519
HIS-02025,22552,2022-05-01,Merit Increase,DPT-003,HR Assistant,1,2024
HIS-02026,19819,2018-03-01,Promotion,DPT-002,Research Scientist,1,4439
HIS-02027,21074,2022-01-08,Merit Increase,DPT-001,Sales Manager,4,11567
HIS-02028,15367,2018-05-15,Merit Increase,DPT-007,Operations Analyst,2,5469
HIS-02029,14143,2022-09-26,Promotion,DPT-004,Senior Analyst,2,6861
HIS-02030,8169,2003-01-06,Department Transfer,DPT-005,HR Director,5,20134
HIS-02031,771,2020-03-27,Department Transfer,DPT-007,Sales Executive,2,5598
HIS-02032,20521,2018-11-23,Promotion,DPT-002,Senior Researcher,2,8850
HIS-02033,12773,2019-07-08,Merit Increase,DPT-001,Sales Executive,2,3655
HIS-02034,10583,2016-03-08,Merit Increase,DPT-004,Financial Clerk,1,2415
HIS-02035,22474,2018-03-31,Department Transfer,DPT-006,Senior Engineer,3,7994
HIS-02036,24305,2021-09-06,Promotion,DPT-004,Senior Analyst,2,8604
HIS-02037,513,2014-04-19,Department Transfer,DPT-003,Operations Analyst,2,5917
HIS-02038,3909,2020-08-16,Department Transfer,DPT-007,Software Engineer,2,4862
HIS-02039,24459,2020-02-25,Department Transfer,DPT-004,Senior Sales Exec,3,8039
HIS-02040,3262,2021-04-28,Merit Increase,DPT-004,Financial Clerk,1,2817
HIS-02041,15366,2020-07-09,Merit Increase,DPT-001,Sales Executive,2,7406
HIS-02042,10359,2014-09-29,Merit Increase,DPT-001,Sales Executive,2,3793
HIS-02043,13496,2015-09-16,Merit Increase,DPT-002,Research Scientist,2,5552
HIS-02044,17474,2016-07-28,Merit Increase,DPT-002,R&D Director,5,17369
HIS-02045,7101,2008-08-28,Department Transfer,DPT-002,Sales Manager,4,16138
HIS-02046,2519,2015-01-22,Department Transfer,DPT-001,Senior Engineer,3,8634
HIS-02047,12012,2021-10-18,Department Transfer,DPT-003,Research Scientist,2,3007
HIS-02048,11087,2018-08-19,Department Transfer,DPT-001,Operations Asst,1,2495
HIS-02049,5098,2022-10-06,Promotion,DPT-002,Lab Technician,1,1885
HIS-02050,8178,2020-08-04,Merit Increase,DPT-005,Senior Engineer,3,9388
HIS-02051,20773,2020-09-28,Promotion,DPT-005,Senior Engineer,2,7227
HIS-02052,14791,2022-11-13,Merit Increase,DPT-004,Finance Manager,4,12009
HIS-02053,16537,2020-03-13,Department Transfer,DPT-004,Senior Engineer,3,9347
HIS-02054,132,2022-04-03,Promotion,DPT-002,Lab Technician,1,2573
HIS-02055,1100,2019-12-23,Promotion,DPT-002,Lab Technician,1,2827
HIS-02056,17736,2022-07-01,Promotion,DPT-003,HR Generalist,1,7603
HIS-02057,18095,2021-12-20,Department Transfer,DPT-006,Financial Clerk,1,2152
HIS-02058,18072,2014-11-13,Promotion,DPT-007,Operations Analyst,1,4642
HIS-02059,13089,2016-05-23,Merit Increase,DPT-005,Software Engineer,2,5038
HIS-02060,21634,2018-12-21,Merit Increase,DPT-001,Sales Executive,2,5222
HIS-02061,24967,2021-05-18,Merit Increase,DPT-002,R&D Manager,4,14519
HIS-02062,3358,2021-08-02,Department Transfer,DPT-006,Research Scientist,2,3766
HIS-02063,22368,2014-03-26,Merit Increase,DPT-001,VP of Sales,5,18901
HIS-02064,10462,2016-11-27,Department Transfer,DPT-005,Financial Clerk,1,2305
HIS-02065,18206,2020-04-23,Promotion,DPT-002,R&D Director,4,16294
HIS-02066,9622,2022-02-06,Promotion,DPT-001,Sales Representative,1,3586
HIS-02067,12996,2020-05-19,Promotion,DPT-007,Operations Analyst,1,4624
HIS-02068,22926,2022-07-03,Promotion,DPT-003,HR Generalist,1,2559
HIS-02069,7930,2021-12-07,Department Transfer,DPT-005,Sales Executive,2,6674
HIS-02070,2475,2021-01-11,Promotion,DPT-004,Financial Analyst,1,5287
HIS-02071,2014,2018-03-23,Promotion,DPT-001,VP of Sales,4,17050
HIS-02072,9018,2022-10-16,Department Transfer,DPT-002,Marketing Coord,1,3247
HIS-02073,9024,2019-02-15,Department Transfer,DPT-007,Research Scientist,2,5073
HIS-02074,19613,2020-08-01,Merit Increase,DPT-001,Sales Representative,1,3097
HIS-02075,7030,2022-08-19,Merit Increase,DPT-001,Sales Representative,1,2356
HIS-02076,18322,2014-10-06,Merit Increase,DPT-005,CIO,5,16814
HIS-02077,1853,2011-01-09,Department Transfer,DPT-006,Senior Analyst,3,10291
HIS-02078,5385,2022-05-27,Merit Increase,DPT-005,Software Engineer,2,5284
HIS-02079,6638,2022-10-14,Promotion,DPT-005,IT Support,1,1724
HIS-02080,11700,2021-06-10,Merit Increase,DPT-001,Sales Representative,1,2704
HIS-02081,8939,1996-07-10,Promotion,DPT-002,R&D Director,4,15718
HIS-02082,17355,2020-08-04,Merit Increase,DPT-002,Research Scientist,2,4387
HIS-02083,24024,2022-05-20,Promotion,DPT-005,IT Support,1,3425
HIS-02084,9491,2018-10-17,Promotion,DPT-004,Financial Analyst,1,3972
HIS-02085,6917,2021-04-08,Merit Increase,DPT-002,Research Scientist,2,5674
HIS-02086,8963,2022-11-06,Promotion,DPT-004,Financial Clerk,1,3182
HIS-02087,13671,2018-10-05,Department Transfer,DPT-003,Sales Executive,2,5617
HIS-02088,1601,2013-02-13,Department Transfer,DPT-005,Sales Representative,1,4929
HIS-02089,1912,2017-03-17,Merit Increase,DPT-007,Operations Asst,1,2613
HIS-02090,13736,2014-06-12,Merit Increase,DPT-001,Sales Executive,2,6472
HIS-02091,11334,2022-06-11,Promotion,DPT-005,IT Support,1,3233
HIS-02092,22122,2015-01-18,Promotion,DPT-001,Sales Executive,1,5447
HIS-02093,10091,2022-03-24,Department Transfer,DPT-003,Lab Technician,1,3405
HIS-02094,11733,2020-09-22,Merit Increase,DPT-002,Lab Technician,1,3603
HIS-02095,1717,2020-04-11,Department Transfer,DPT-007,Sales Representative,1,2348
HIS-02096,22550,2015-05-26,Promotion,DPT-002,Research Scientist,1,5080
HIS-02097,14141,2020-10-20,Promotion,DPT-002,Lab Technician,1,3133
HIS-02098,19523,2020-03-31,Merit Increase,DPT-003,HR Assistant,1,2190
HIS-02099,19973,2019-04-14,Merit Increase,DPT-004,Financial Analyst,2,7854
HIS-02100,20609,2021-05-05,Merit Increase,DPT-006,CMO,5,17471
HIS-02101,18711,2022-11-17,Merit Increase,DPT-006,Senior Marketer,3,8485
HIS-02102,22674,2017-11-30,Promotion,DPT-005,Software Engineer,1,3522
HIS-02103,2607,2022-04-10,Merit Increase,DPT-001,Sales Representative,1,2454
HIS-02104,14906,2022-06-10,Department Transfer,DPT-002,Marketing Specialist,2,6020
HIS-02105,23109,2020-09-27,Promotion,DPT-005,IT Support,1,3037
HIS-02106,23844,2022-01-10,Department Transfer,DPT-005,Marketing Specialist,2,5081
HIS-02107,8890,2007-08-20,Promotion,DPT-001,Sales Manager,3,11755
HIS-02108,2531,2020-05-07,Merit Increase,DPT-005,IT Manager,4,12754
HIS-02109,17604,2020-06-15,Promotion,DPT-004,Financial Analyst,1,5026
HIS-02110,18579,2021-03-02,Merit Increase,DPT-001,Senior Sales Exec,3,9853
HIS-02111,6265,2020-01-05,Promotion,DPT-006,Marketing Coord,1,1732
HIS-02112,4344,2021-08-18,Department Transfer,DPT-003,Senior Marketer,3,8465
HIS-02113,20441,2014-08-11,Merit Increase,DPT-001,Senior Sales Exec,3,11507
HIS-02114,3887,2020-10-11,Promotion,DPT-007,Operations Analyst,1,5689
HIS-02115,13699,2013-07-14,Promotion,DPT-002,Lab Technician,1,3230
HIS-02116,12178,2018-09-19,Merit Increase,DPT-005,Software Engineer,2,4402
HIS-02117,6501,2005-08-22,Merit Increase,DPT-002,R&D Manager,4,15317
HIS-02118,7497,2021-03-18,Department Transfer,DPT-007,Sales Representative,1,3820
HIS-02119,5276,2015-05-01,Department Transfer,DPT-003,Senior Researcher,3,12062
HIS-02120,22321,2013-07-28,Merit Increase,DPT-004,Senior Analyst,3,6851
HIS-02121,1375,2020-01-25,Department Transfer,DPT-007,Lab Technician,1,2317
HIS-02122,13004,2020-10-02,Department Transfer,DPT-006,Research Scientist,2,3923
HIS-02123,16753,2021-08-04,Department Transfer,DPT-003,Sales Executive,2,4737
HIS-02124,5041,2016-08-11,Merit Increase,DPT-006,Marketing Specialist,2,5004
HIS-02125,20127,2022-10-12,Department Transfer,DPT-001,Software Engineer,2,4708
HIS-02126,2393,2012-09-27,Department Transfer,DPT-004,HR Generalist,2,6869
HIS-02127,7305,2021-09-05,Promotion,DPT-001,Sales Representative,1,2054
HIS-02128,23132,2021-07-01,Merit Increase,DPT-002,Lab Technician,1,4130
HIS-02129,19982,2015-11-09,Department Transfer,DPT-007,Financial Analyst,2,5124
HIS-02130,18192,2016-07-29,Department Transfer,DPT-003,Software Engineer,2,2657
HIS-02131,8888,2005-09-09,Department Transfer,DPT-004,Senior Engineer,3,10094
HIS-02132,278,2017-05-14,Promotion,DPT-005,IT Manager,3,12034
HIS-02133,7647,2018-01-15,Merit Increase,DPT-004,Finance Manager,4,15007
HIS-02134,13617,2018-10-03,Department Transfer,DPT-003,Senior Sales Exec,3,10468
HIS-02135,15816,2004-05-24,Merit Increase,DPT-005,Software Engineer,2,4171
HIS-02136,3375,2016-09-08,Merit Increase,DPT-006,Marketing Coord,1,3403
HIS-02137,9082,2021-01-14,Merit Increase,DPT-004,Financial Analyst,2,4862
HIS-02138,2726,2019-06-13,Merit Increase,DPT-002,Research Scientist,2,5056
HIS-02139,2637,2016-10-12,Department Transfer,DPT-003,Operations Analyst,2,4470
HIS-02140,20989,2022-10-30,Merit Increase,DPT-005,IT Support,1,3681
HIS-02141,17912,2021-04-15,Department Transfer,DPT-006,Sales Executive,2,6748
HIS-02142,9606,2022-12-06,Merit Increase,DPT-006,Marketing Coord,1,2293
HIS-02143,9043,2019-05-17,Promotion,DPT-007,Operations Asst,1,2992
HIS-02144,22726,2022-09-05,Merit Increase,DPT-006,Marketing Coord,1,2295
HIS-02145,12800,2021-08-17,Merit Increase,DPT-003,HR Assistant,1,2339
HIS-02146,14399,2020-12-19,Merit Increase,DPT-006,Marketing Specialist,2,5393
HIS-02147,1618,2018-03-02,Merit Increase,DPT-005,Software Engineer,2,4698
HIS-02148,24496,2003-01-27,Merit Increase,DPT-006,CMO,5,18178
HIS-02149,3840,2019-08-29,Promotion,DPT-005,CIO,4,15914
HIS-02150,22011,2020-08-17,Department Transfer,DPT-004,Operations Analyst,2,4187
HIS-02151,16796,2018-06-11,Promotion,DPT-001,Sales Representative,1,2551
HIS-02152,20654,2021-12-12,Department Transfer,DPT-004,Lab Technician,1,2755
HIS-02153,12629,2020-02-21,Promotion,DPT-005,IT Support,1,2354
HIS-02154,7356,2021-10-09,Promotion,DPT-006,Marketing Specialist,1,4630
HIS-02155,17828,1997-03-04,Merit Increase,DPT-001,VP of Sales,5,17083
HIS-02156,22493,2019-09-15,Promotion,DPT-007,Operations Manager,3,11494
HIS-02157,21873,2020-03-22,Merit Increase,DPT-004,Senior Analyst,3,8293
HIS-02158,14346,2022-04-24,Promotion,DPT-001,Sales Representative,1,2419
HIS-02159,7319,2021-02-21,Promotion,DPT-003,HR Assistant,1,1762
HIS-02160,24857,2018-06-09,Promotion,DPT-006,Marketing Coord,1,2375
HIS-02161,8806,2021-05-01,Department Transfer,DPT-004,Marketing Coord,1,3043
HIS-02162,4340,2020-05-12,Promotion,DPT-002,Lab Technician,1,2964
HIS-02163,6463,2022-02-26,Promotion,DPT-007,Operations Analyst,1,4312
HIS-02164,4085,2014-10-09,Department Transfer,DPT-007,Research Scientist,2,2264
HIS-02165,20235,2017-11-02,Merit Increase,DPT-002,Lab Technician,1,2605
HIS-02166,12666,2014-07-28,Department Transfer,DPT-005,Lab Technician,1,2384
HIS-02167,10777,2021-06-16,Department Transfer,DPT-004,Research Scientist,2,6962
HIS-02168,7733,2020-03-19,Department Transfer,DPT-006,Sales Executive,2,4410
HIS-02169,24102,2022-08-21,Merit Increase,DPT-005,IT Support,1,2638
HIS-02170,2056,2016-11-08,Promotion,DPT-005,Software Engineer,1,4437
HIS-02171,2869,2022-09-05,Promotion,DPT-002,R&D Director,4,15947
HIS-02172,23608,2020-02-09,Merit Increase,DPT-005,Software Engineer,2,6027
HIS-02173,23709,2021-03-07,Promotion,DPT-001,Sales Executive,1,4693
HIS-02174,13651,2018-08-08,Department Transfer,DPT-001,HR Generalist,2,5314
HIS-02175,7761,2014-11-28,Merit Increase,DPT-005,Senior Engineer,3,7426
HIS-02176,14517,2015-02-15,Merit Increase,DPT-004,Financial Analyst,2,4907
HIS-02177,16581,2021-01-27,Promotion,DPT-005,Software Engineer,1,4070
HIS-02178,13632,2017-10-13,Merit Increase,DPT-001,Sales Executive,2,5543
HIS-02179,18540,2019-09-24,Promotion,DPT-005,Senior Engineer,2,7081
HIS-02180,21411,2019-08-10,Promotion,DPT-007,Senior Analyst,2,8803
HIS-02181,15048,2019-04-26,Department Transfer,DPT-002,HR Generalist,2,7202
HIS-02182,10023,2022-06-24,Promotion,DPT-007,Operations Analyst,1,5614
HIS-02183,21995,2020-09-02,Merit Increase,DPT-002,R&D Manager,4,13150
HIS-02184,24505,2021-02-11,Merit Increase,DPT-007,Operations Manager,4,14293
HIS-02185,7979,2020-11-08,Merit Increase,DPT-005,IT Support,1,2494
HIS-02186,14003,2019-03-31,Department Transfer,DPT-002,Senior Engineer,3,12428
HIS-02187,21577,2021-03-18,Merit Increase,DPT-004,Financial Clerk,1,2207
HIS-02188,13517,2015-11-26,Merit Increase,DPT-004,Finance Manager,4,16046
HIS-02189,12119,2015-11-05,Merit Increase,DPT-006,Marketing Manager,4,11687
HIS-02190,24329,2020-02-25,Merit Increase,DPT-005,IT Support,1,2058
HIS-02191,10030,2017-06-14,Promotion,DPT-005,IT Support,1,3153
HIS-02192,13471,2021-09-17,Department Transfer,DPT-003,Sales Executive,2,5653
HIS-02193,21982,2022-10-08,Merit Increase,DPT-003,HR Partner,3,12247
HIS-02194,9809,2016-12-14,Department Transfer,DPT-002,Operations Manager,4,16950
HIS-02195,1825,2020-07-22,Merit Increase,DPT-005,Software Engineer,2,4532
HIS-02196,3896,2018-08-13,Promotion,DPT-006,Senior Marketer,2,6537
HIS-02197,17158,2019-05-31,Merit Increase,DPT-005,IT Support,1,2421
HIS-02198,11005,2011-06-06,Merit Increase,DPT-001,Sales Executive,2,5897
HIS-02199,10796,2018-02-23,Department Transfer,DPT-005,Research Scientist,2,5815
HIS-02200,2682,2021-03-24,Merit Increase,DPT-006,Marketing Coord,1,1903
HIS-02201,17450,2022-04-20,Promotion,DPT-003,HR Generalist,1,5705
HIS-02202,22841,2022-11-11,Merit Increase,DPT-007,Operations Asst,1,2033
HIS-02203,16294,2022-08-17,Merit Increase,DPT-006,Marketing Coord,1,2621
HIS-02204,22256,2016-12-21,Merit Increase,DPT-001,VP of Sales,5,17024
HIS-02205,22290,2019-05-08,Department Transfer,DPT-005,Senior Researcher,3,7748
HIS-02206,11701,2020-07-30,Department Transfer,DPT-003,Sales Executive,2,4871
HIS-02207,14028,2019-07-31,Department Transfer,DPT-003,Senior Sales Exec,3,9203
HIS-02208,11453,2017-07-07,Merit Increase,DPT-001,Senior Sales Exec,3,7786
HIS-02209,13252,2018-03-04,Department Transfer,DPT-007,HR Assistant,1,3273
HIS-02210,24544,2020-02-17,Merit Increase,DPT-005,Software Engineer,2,5190
HIS-02211,24003,2015-03-11,Merit Increase,DPT-001,Senior Sales Exec,3,9274
HIS-02212,2035,2017-01-30,Promotion,DPT-005,Software Engineer,1,2781
HIS-02213,9685,2022-06-28,Promotion,DPT-005,IT Support,1,3434
HIS-02214,16629,2014-07-28,Merit Increase,DPT-005,Software Engineer,2,4191
HIS-02215,14813,2019-04-25,Promotion,DPT-004,Financial Clerk,1,1945
HIS-02216,11886,2022-05-24,Department Transfer,DPT-002,Senior Sales Exec,3,11182
HIS-02217,22161,2017-04-06,Department Transfer,DPT-004,Research Scientist,2,6037
HIS-02218,8224,2013-12-15,Merit Increase,DPT-007,Operations Analyst,2,4797
HIS-02219,23538,2019-06-19,Promotion,DPT-007,Senior Analyst,2,7602
HIS-02220,22408,2014-10-27,Promotion,DPT-005,IT Support,1,2986
HIS-02221,9138,2021-03-14,Promotion,DPT-002,Research Scientist,1,4398
HIS-02222,16566,2021-07-23,Department Transfer,DPT-005,Operations Analyst,2,2986
HIS-02223,8378,2019-10-20,Department Transfer,DPT-006,Research Scientist,2,5373
HIS-02224,13974,2017-03-30,Department Transfer,DPT-001,Operations Analyst,2,4059
HIS-02225,4910,2021-12-07,Department Transfer,DPT-007,Financial Clerk,1,4355
HIS-02226,2371,2017-02-03,Merit Increase,DPT-005,IT Support,1,3013
HIS-02227,2842,2022-07-10,Department Transfer,DPT-003,Marketing Specialist,2,5483
HIS-02228,12626,2021-06-30,Merit Increase,DPT-002,Lab Technician,1,2207
HIS-02229,17475,2018-06-28,Merit Increase,DPT-002,R&D Manager,4,12550
HIS-02230,12521,2021-03-02,Merit Increase,DPT-001,Sales Representative,1,2499
HIS-02231,18874,2018-09-13,Department Transfer,DPT-005,Senior Sales Exec,3,10612
HIS-02232,6806,2018-09-27,Merit Increase,DPT-006,Marketing Specialist,2,4508
HIS-02233,5084,2009-05-13,Department Transfer,DPT-003,R&D Manager,4,17459
HIS-02234,14110,2022-04-16,Promotion,DPT-001,Sales Executive,1,3656
HIS-02235,16861,2022-07-12,Department Transfer,DPT-001,HR Assistant,1,2657
HIS-02236,6513,2008-05-26,Merit Increase,DPT-006,CMO,5,17351
HIS-02237,19268,2013-09-01,Merit Increase,DPT-006,Senior Marketer,3,10082
HIS-02238,23417,2022-10-03,Merit Increase,DPT-007,Operations Asst,1,2034
HIS-02239,14772,1992-10-10,Promotion,DPT-007,COO,4,16438
HIS-02240,16884,2022-10-12,Merit Increase,DPT-005,IT Support,1,1972
HIS-02241,10246,2019-10-06,Merit Increase,DPT-007,Operations Analyst,2,4975
HIS-02242,7322,2017-09-08,Merit Increase,DPT-004,Finance Manager,4,14491
HIS-02243,8856,2020-02-16,Department Transfer,DPT-006,Senior Sales Exec,3,7641
HIS-02244,9154,2018-08-02,Promotion,DPT-004,Financial Analyst,1,5392
HIS-02245,8692,2017-09-24,Department Transfer,DPT-001,IT Support,1,5007
HIS-02246,7211,2022-09-28,Merit Increase,DPT-004,Financial Analyst,2,4787
HIS-02247,5091,2018-12-24,Department Transfer,DPT-004,Sales Executive,2,10257
HIS-02248,3011,2020-10-14,Promotion,DPT-004,Financial Analyst,1,7780
HIS-02249,3053,2021-02-28,Department Transfer,DPT-007,Lab Technician,1,3038
HIS-02250,10619,2018-03-26,Merit Increase,DPT-001,Sales Representative,1,3818
HIS-02251,16785,2021-06-12,Department Transfer,DPT-007,Finance Manager,4,17980
HIS-02252,3092,2012-08-20,Department Transfer,DPT-006,Senior Analyst,3,10096
HIS-02253,23301,2018-08-03,Department Transfer,DPT-002,Sales Manager,4,16178
HIS-02254,16640,2021-10-16,Department Transfer,DPT-003,Marketing Specialist,2,5872
HIS-02255,2960,2021-08-27,Department Transfer,DPT-007,Marketing Specialist,2,6597
HIS-02256,21307,2016-06-18,Promotion,DPT-001,Sales Executive,1,3990
HIS-02257,11642,2022-10-14,Department Transfer,DPT-001,Senior Marketer,3,10959
HIS-02258,19749,2020-02-14,Department Transfer,DPT-002,Operations Asst,1,3481
HIS-02259,10610,2014-04-16,Department Transfer,DPT-005,Operations Analyst,2,9227
HIS-02260,15915,2022-09-05,Department Transfer,DPT-004,Marketing Coord,1,2153
HIS-02261,1266,2017-09-12,Promotion,DPT-001,Sales Manager,3,14682
HIS-02262,9371,2021-03-25,Merit Increase,DPT-006,Marketing Coord,1,4286
HIS-02263,6446,2016-09-05,Promotion,DPT-004,Financial Analyst,1,1888
HIS-02264,22077,2022-07-24,Merit Increase,DPT-003,HR Director,5,17664
HIS-02265,9134,2018-08-18,Merit Increase,DPT-002,Research Scientist,2,5583
HIS-02266,21231,2004-11-04,Promotion,DPT-003,HR Manager,3,14805
HIS-02267,11429,2022-04-28,Promotion,DPT-001,Sales Representative,1,1945
HIS-02268,2750,2019-10-15,Department Transfer,DPT-006,Software Engineer,2,6090
HIS-02269,23098,2021-01-30,Department Transfer,DPT-001,Software Engineer,2,9647
HIS-02270,5305,2020-11-18,Department Transfer,DPT-006,HR Assistant,1,2572
HIS-02271,12078,2019-10-06,Merit Increase,DPT-004,Financial Analyst,2,3882
HIS-02272,21380,2017-06-11,Promotion,DPT-007,Operations Analyst,1,5065
HIS-02273,101,2020-02-05,Department Transfer,DPT-004,Sales Representative,1,1960
HIS-02274,8999,2013-02-24,Promotion,DPT-001,Sales Executive,1,5533
HIS-02275,19598,2022-08-11,Department Transfer,DPT-005,HR Assistant,1,2841
HIS-02276,22491,2021-06-04,Department Transfer,DPT-003,Software Engineer,2,4174
HIS-02277,22115,2016-05-12,Promotion,DPT-007,Senior Analyst,2,9053
HIS-02278,18895,2016-06-11,Department Transfer,DPT-006,Research Scientist,2,4172
HIS-02279,22561,2003-12-11,Department Transfer,DPT-002,Senior Marketer,3,10478
HIS-02280,24343,2018-12-18,Merit Increase,DPT-006,Marketing Specialist,2,4266
HIS-02281,12138,2022-10-15,Merit Increase,DPT-005,Software Engineer,2,4262
HIS-02282,10816,2019-03-10,Department Transfer,DPT-003,IT Support,1,3936
HIS-02283,22477,2021-12-05,Department Transfer,DPT-006,Lab Technician,1,3563
HIS-02284,24676,2021-11-07,Merit Increase,DPT-003,HR Partner,3,8545
HIS-02285,19213,2019-12-07,Department Transfer,DPT-003,Software Engineer,2,5487
HIS-02286,24513,2019-08-18,Merit Increase,DPT-002,Lab Technician,1,3168
HIS-02287,24265,2021-06-17,Promotion,DPT-007,Operations Asst,1,2387
HIS-02288,10825,2017-06-11,Promotion,DPT-005,Software Engineer,1,4697
HIS-02289,20608,2019-12-14,Merit Increase,DPT-001,Senior Sales Exec,3,6620
HIS-02290,1442,2019-06-01,Merit Increase,DPT-001,Sales Executive,2,5068
HIS-02291,3401,2015-07-25,Department Transfer,DPT-002,Sales Executive,2,5736
HIS-02292,4666,2019-10-12,Merit Increase,DPT-005,IT Manager,4,11983
HIS-02293,12720,2019-02-20,Department Transfer,DPT-002,Sales Manager,4,13702
HIS-02294,6842,2022-05-14,Promotion,DPT-001,Sales Representative,1,2074
HIS-02295,24909,2018-04-21,Department Transfer,DPT-005,Financial Analyst,2,4132
HIS-02296,7090,2015-03-09,Merit Increase,DPT-001,Sales Executive,2,4992
HIS-02297,13077,2016-07-24,Promotion,DPT-006,Marketing Specialist,1,1989
HIS-02298,19020,2021-06-01,Promotion,DPT-001,Sales Executive,1,3340
HIS-02299,23783,2021-06-03,Department Transfer,DPT-005,Marketing Coord,1,1931
HIS-02300,6270,2021-12-28,Merit Increase,DPT-005,IT Manager,4,15301
HIS-02301,16702,2021-12-22,Promotion,DPT-001,Senior Sales Exec,2,6290
HIS-02302,13734,2020-10-15,Promotion,DPT-006,Marketing Specialist,1,5915
HIS-02303,12061,2013-05-25,Department Transfer,DPT-005,Senior Analyst,3,8899
HIS-02304,24743,2022-02-19,Merit Increase,DPT-001,Sales Representative,1,1801
HIS-02305,3533,2016-10-28,Department Transfer,DPT-007,Lab Technician,1,4949
HIS-02306,7524,2022-12-10,Promotion,DPT-005,IT Support,1,2317
HIS-02307,9302,2007-10-08,Department Transfer,DPT-007,Senior Analyst,3,8683
HIS-02308,19494,2009-07-16,Merit Increase,DPT-002,Lab Technician,1,2700
HIS-02309,5102,2019-12-14,Department Transfer,DPT-002,Software Engineer,2,7386
HIS-02310,12358,2020-02-06,Merit Increase,DPT-006,Marketing Coord,1,3537
HIS-02311,8975,2021-12-14,Department Transfer,DPT-005,HR Assistant,1,4154
HIS-02312,16642,2022-12-14,Merit Increase,DPT-002,Lab Technician,1,2153
HIS-02313,20827,2022-03-14,Department Transfer,DPT-002,Operations Asst,1,2564
HIS-02314,4865,2021-04-15,Merit Increase,DPT-002,R&D Director,5,17947
HIS-02315,13157,2015-09-23,Promotion,DPT-001,Senior Sales Exec,2,8572
HIS-02316,23468,2018-08-23,Merit Increase,DPT-002,Senior Researcher,3,7887
HIS-02317,6129,2019-06-30,Promotion,DPT-001,Sales Representative,1,3319
HIS-02318,9555,2022-09-30,Merit Increase,DPT-005,Senior Engineer,3,7544
HIS-02319,673,2022-05-29,Merit Increase,DPT-001,Sales Representative,1,3760
HIS-02320,12318,2020-10-14,Department Transfer,DPT-002,Senior Sales Exec,3,7676
HIS-02321,19058,2021-11-10,Department Transfer,DPT-004,Sales Executive,2,3858
HIS-02322,19774,2019-06-08,Department Transfer,DPT-004,Operations Analyst,2,2828
HIS-02323,18906,2020-09-29,Promotion,DPT-003,HR Generalist,1,3690
HIS-02324,23338,2020-02-11,Department Transfer,DPT-002,Marketing Coord,1,3320
HIS-02325,10613,2017-11-10,Merit Increase,DPT-001,Sales Executive,2,5732
HIS-02326,10307,2017-08-03,Promotion,DPT-007,Operations Asst,1,2551
HIS-02327,8464,2020-04-07,Department Transfer,DPT-004,Marketing Specialist,2,8864
HIS-02328,13143,2018-09-12,Merit Increase,DPT-002,R&D Manager,4,15961
HIS-02329,23700,2022-07-29,Department Transfer,DPT-006,Lab Technician,1,3224
HIS-02330,2577,2018-05-26,Department Transfer,DPT-001,Senior Analyst,3,7800
HIS-02331,6444,2016-05-28,Promotion,DPT-001,Sales Manager,3,12845
HIS-02332,8025,2017-11-13,Merit Increase,DPT-002,Senior Researcher,3,7085
HIS-02333,11590,2022-04-18,Department Transfer,DPT-007,Software Engineer,2,4836
HIS-02334,9439,2014-10-14,Promotion,DPT-001,VP of Sales,4,16466
HIS-02335,19513,2022-10-17,Merit Increase,DPT-007,Operations Analyst,2,5557
HIS-02336,4765,2020-11-09,Department Transfer,DPT-001,Financial Clerk,1,3501
HIS-02337,21573,2020-03-11,Department Transfer,DPT-006,IT Support,1,3467
HIS-02338,21536,2021-08-07,Department Transfer,DPT-006,COO,5,19455
HIS-02339,5021,2014-11-20,Department Transfer,DPT-004,Software Engineer,2,4403
HIS-02340,19908,2020-09-27,Promotion,DPT-005,Software Engineer,1,5349
HIS-02341,549,2020-07-22,Merit Increase,DPT-004,Senior Analyst,3,10907
HIS-02342,6506,2016-09-19,Merit Increase,DPT-006,Senior Marketer,3,9561
HIS-02343,20583,2022-06-29,Merit Increase,DPT-002,Research Scientist,2,4937
HIS-02344,966,2018-12-28,Merit Increase,DPT-002,Lab Technician,1,3631
HIS-02345,6729,2021-05-24,Department Transfer,DPT-003,Operations Asst,1,2235
HIS-02346,6485,2017-10-16,Promotion,DPT-001,Sales Executive,1,4697
HIS-02347,4740,2021-04-23,Merit Increase,DPT-005,IT Manager,4,12837
HIS-02348,15598,2015-02-02,Merit Increase,DPT-006,Marketing Specialist,2,8673
HIS-02349,2818,2019-08-27,Department Transfer,DPT-003,Sales Representative,1,2287
HIS-02350,4649,2022-08-01,Merit Increase,DPT-007,Operations Analyst,2,3793
HIS-02351,7098,2022-09-17,Department Transfer,DPT-004,Sales Manager,4,16770
HIS-02352,18299,2021-02-16,Merit Increase,DPT-001,Sales Representative,1,2787
HIS-02353,1946,2022-08-14,Department Transfer,DPT-005,Financial Analyst,2,5317
HIS-02354,24344,2021-04-04,Merit Increase,DPT-003,HR Generalist,2,4383
HIS-02355,21936,2021-04-11,Promotion,DPT-002,Senior Researcher,2,9223
HIS-02356,1040,2008-12-16,Department Transfer,DPT-001,R&D Manager,4,15885
HIS-02357,18274,2022-10-21,Merit Increase,DPT-006,Senior Marketer,3,8461
HIS-02358,13178,2020-09-10,Merit Increase,DPT-003,HR Assistant,1,3068
HIS-02359,20223,2021-03-26,Merit Increase,DPT-005,CIO,5,17475
HIS-02360,18880,2021-11-12,Department Transfer,DPT-002,Senior Sales Exec,3,7573
HIS-02361,24006,2019-10-24,Merit Increase,DPT-003,HR Generalist,2,3593
HIS-02362,17913,2022-09-22,Merit Increase,DPT-005,Software Engineer,2,7086
HIS-02363,83,2021-10-15,Department Transfer,DPT-004,Lab Technician,1,2112
HIS-02364,1681,2022-08-14,Merit Increase,DPT-002,Research Scientist,2,2162
HIS-02365,3451,2019-05-11,Merit Increase,DPT-004,Financial Analyst,2,6162
HIS-02366,12093,2018-04-09,Department Transfer,DPT-007,Sales Representative,1,2122
HIS-02367,14014,2021-02-21,Merit Increase,DPT-006,Marketing Coord,1,2365
HIS-02368,15614,2017-07-01,Merit Increase,DPT-002,Senior Researcher,3,6848
HIS-02369,4889,2019-06-25,Promotion,DPT-001,Sales Representative,1,2037
HIS-02370,18019,2019-09-28,Department Transfer,DPT-003,Lab Technician,1,2896
HIS-02371,4077,2019-11-27,Promotion,DPT-003,HR Generalist,1,2573
HIS-02372,9372,2022-08-26,Merit Increase,DPT-001,Sales Executive,2,5037
HIS-02373,14100,2022-03-14,Merit Increase,DPT-007,Operations Analyst,2,3662
HIS-02374,9225,2018-05-19,Merit Increase,DPT-007,Senior Analyst,3,12941
HIS-02375,14358,2022-11-19,Merit Increase,DPT-002,Senior Researcher,3,6803
HIS-02376,15491,2022-07-31,Merit Increase,DPT-004,Finance Manager,4,15749
HIS-02377,6860,2014-11-12,Merit Increase,DPT-005,Software Engineer,2,5914
HIS-02378,15762,2021-11-09,Promotion,DPT-002,Research Scientist,1,2125
HIS-02379,21090,2019-08-21,Promotion,DPT-005,IT Support,1,2853
HIS-02380,4242,2020-03-06,Department Transfer,DPT-001,Lab Technician,1,3383
HIS-02381,6580,2019-07-01,Merit Increase,DPT-005,Senior Engineer,3,9164
HIS-02382,20332,2012-08-13,Department Transfer,DPT-001,Software Engineer,2,6481
HIS-02383,12538,2018-10-26,Department Transfer,DPT-002,IT Support,1,2770
HIS-02384,21342,2022-10-07,Merit Increase,DPT-005,Software Engineer,2,5220
HIS-02385,11046,2017-10-27,Department Transfer,DPT-004,Software Engineer,2,4172
HIS-02386,17285,2022-05-27,Department Transfer,DPT-007,Research Scientist,2,5217
HIS-02387,11251,2021-04-17,Department Transfer,DPT-001,Software Engineer,2,5712
HIS-02388,20545,2012-10-13,Department Transfer,DPT-003,IT Manager,4,16078
HIS-02389,7262,2021-07-30,Department Transfer,DPT-006,Senior Sales Exec,3,6980
HIS-02390,10606,2018-05-22,Merit Increase,DPT-002,Lab Technician,1,1910
HIS-02391,24720,2017-09-20,Merit Increase,DPT-001,Sales Executive,2,5836
HIS-02392,12517,2006-09-10,Merit Increase,DPT-004,Financial Analyst,2,4022
HIS-02393,13512,2018-04-06,Department Transfer,DPT-002,Operations Asst,1,2104
HIS-02394,20448,2008-04-30,Promotion,DPT-001,Sales Manager,3,11004
HIS-02395,2935,2010-09-18,Promotion,DPT-005,Software Engineer,1,5571
HIS-02396,10229,2018-02-27,Promotion,DPT-001,Sales Representative,1,2389
HIS-02397,3361,2018-12-24,Merit Increase,DPT-006,Marketing Coord,1,1948
HIS-02398,16306,2017-05-27,Department Transfer,DPT-006,Senior Engineer,3,6898
HIS-02399,5525,2020-04-01,Merit Increase,DPT-004,Financial Analyst,2,3916
HIS-02400,20658,2011-12-28,Department Transfer,DPT-002,Financial Analyst,2,5165
HIS-02401,3983,2022-09-23,Merit Increase,DPT-002,Lab Technician,1,3552
HIS-02402,22719,2022-09-19,Merit Increase,DPT-001,Sales Executive,2,4461
HIS-02403,21748,2014-09-04,Merit Increase,DPT-003,HR Generalist,2,6345
HIS-02404,17931,2017-03-23,Promotion,DPT-006,Marketing Coord,1,4113
HIS-02405,21514,2019-02-15,Promotion,DPT-002,R&D Director,4,16325
HIS-02406,18845,2021-05-26,Promotion,DPT-005,Senior Engineer,2,8370
HIS-02407,3825,2019-02-16,Promotion,DPT-002,Research Scientist,1,7419
HIS-02408,6498,2022-02-11,Merit Increase,DPT-001,Sales Executive,2,3907
HIS-02409,24414,2021-06-23,Department Transfer,DPT-001,Financial Clerk,1,2577
HIS-02410,5559,2020-02-25,Promotion,DPT-002,Research Scientist,1,3483
HIS-02411,4601,2021-08-10,Merit Increase,DPT-001,Sales Representative,1,2489
HIS-02412,8899,2016-03-13,Promotion,DPT-001,Sales Executive,1,5615
HIS-02413,3928,2014-08-28,Promotion,DPT-005,Software Engineer,1,4446
HIS-02414,13405,2014-11-15,Department Transfer,DPT-006,Senior Researcher,3,10511
HIS-02415,10060,2013-09-09,Merit Increase,DPT-002,Senior Researcher,3,9170
HIS-02416,24184,2019-07-08,Promotion,DPT-001,Sales Representative,1,2095
HIS-02417,9437,2019-04-17,Department Transfer,DPT-004,Software Engineer,2,3831
HIS-02418,12260,2010-07-25,Merit Increase,DPT-006,Senior Marketer,3,9919
HIS-02419,14618,2002-02-28,Promotion,DPT-002,Senior Researcher,2,9555
HIS-02420,13675,2022-10-22,Merit Increase,DPT-007,Senior Analyst,3,7701
HIS-02421,1532,2021-05-19,Promotion,DPT-005,Senior Engineer,2,8650
HIS-02422,23912,2020-11-23,Department Transfer,DPT-004,Operations Analyst,2,5272
HIS-02423,22791,2009-10-09,Department Transfer,DPT-001,Senior Marketer,3,8873
HIS-02424,15423,2018-04-30,Promotion,DPT-002,Research Scientist,1,8660
HIS-02425,18552,2021-07-13,Promotion,DPT-007,Senior Analyst,2,6643
HIS-02426,9825,2018-10-25,Department Transfer,DPT-006,Financial Analyst,2,5310
HIS-02427,1386,2019-12-12,Merit Increase,DPT-002,Research Scientist,2,4469
HIS-02428,21829,2021-12-18,Department Transfer,DPT-006,IT Support,1,2024
HIS-02429,19440,2019-05-11,Promotion,DPT-007,Operations Analyst,1,7392
HIS-02430,14193,2020-11-14,Department Transfer,DPT-003,Financial Clerk,1,3428
HIS-02431,6734,2022-10-17,Merit Increase,DPT-002,Lab Technician,1,2345
HIS-02432,9157,1996-02-22,Promotion,DPT-007,COO,4,16805
HIS-02433,5989,2020-11-24,Department Transfer,DPT-006,IT Support,1,4698
HIS-02434,18407,2019-11-14,Merit Increase,DPT-007,Operations Analyst,2,5498
HIS-02435,15457,2020-06-17,Promotion,DPT-007,Operations Asst,1,2319
HIS-02436,19575,2018-04-04,Department Transfer,DPT-002,Marketing Specialist,2,4424
HIS-02437,13973,2022-04-01,Promotion,DPT-006,CMO,4,16842
HIS-02438,21560,2008-03-21,Promotion,DPT-002,R&D Manager,3,9902
HIS-02439,21319,2019-11-02,Merit Increase,DPT-006,Marketing Specialist,2,5240
HIS-02440,24051,2010-08-04,Merit Increase,DPT-001,Sales Executive,2,4925
HIS-02441,6967,2021-12-28,Merit Increase,DPT-006,CMO,5,18376
HIS-02442,3370,2022-02-21,Merit Increase,DPT-005,Software Engineer,2,4765
HIS-02443,3584,2022-08-09,Promotion,DPT-007,Operations Asst,1,3026
HIS-02444,11396,2021-06-09,Promotion,DPT-002,Lab Technician,1,2492
HIS-02445,7622,2021-06-03,Merit Increase,DPT-005,IT Support,1,2581
HIS-02446,1140,2021-03-09,Promotion,DPT-005,CIO,4,15942
HIS-02447,4436,2021-09-06,Department Transfer,DPT-007,Research Scientist,2,5109
HIS-02448,21984,2019-10-19,Department Transfer,DPT-006,CIO,5,20133
HIS-02449,24529,2021-05-19,Merit Increase,DPT-001,VP of Sales,5,16655
HIS-02450,12092,2022-06-06,Promotion,DPT-002,Research Scientist,1,5848
HIS-02451,20966,2021-10-02,Department Transfer,DPT-003,Lab Technician,1,3625
HIS-02452,9061,2017-10-20,Promotion,DPT-007,Operations Manager,3,10829
HIS-02453,11649,2021-04-11,Merit Increase,DPT-001,VP of Sales,5,17879
HIS-02454,20051,2020-09-14,Merit Increase,DPT-001,Sales Executive,2,1814
HIS-02455,8954,2022-10-01,Merit Increase,DPT-005,Software Engineer,2,5183
HIS-02456,2057,2020-03-24,Department Transfer,DPT-005,Financial Analyst,2,2200
HIS-02457,21716,2019-06-19,Department Transfer,DPT-003,Research Scientist,2,5300
HIS-02458,20252,2014-07-16,Promotion,DPT-002,Senior Researcher,2,7794
HIS-02459,17175,2017-01-13,Merit Increase,DPT-001,Senior Sales Exec,3,7713
HIS-02460,15083,2014-12-17,Promotion,DPT-002,Research Scientist,1,3927
HIS-02461,16669,2021-02-28,Department Transfer,DPT-007,IT Support,1,2189
HIS-02462,6101,2021-03-27,Merit Increase,DPT-002,Lab Technician,1,2305
HIS-02463,17896,2012-07-14,Merit Increase,DPT-005,Software Engineer,2,1898
HIS-02464,24751,2014-07-21,Merit Increase,DPT-005,IT Manager,4,15439
HIS-02465,8099,2019-08-24,Merit Increase,DPT-003,HR Generalist,2,6021
HIS-02466,8965,2018-12-16,Department Transfer,DPT-002,IT Support,1,2892
HIS-02467,17973,2018-04-04,Merit Increase,DPT-001,Sales Executive,2,8521
HIS-02468,24292,2019-07-28,Merit Increase,DPT-001,Sales Executive,2,6296
HIS-02469,14191,2022-09-19,Department Transfer,DPT-006,HR Partner,3,10880
HIS-02470,19302,2019-09-19,Merit Increase,DPT-005,Software Engineer,2,4002
HIS-02471,16916,2019-03-29,Department Transfer,DPT-001,Financial Clerk,1,3556
HIS-02472,19029,2021-09-07,Merit Increase,DPT-001,Sales Executive,2,5515
HIS-02473,17460,2020-06-05,Merit Increase,DPT-002,Lab Technician,1,3140
HIS-02474,13067,2022-02-19,Promotion,DPT-005,IT Support,1,2374
HIS-02475,18765,2022-03-04,Promotion,DPT-007,Operations Asst,1,2450
HIS-02476,24372,2006-03-25,Department Transfer,DPT-003,R&D Manager,4,17142
HIS-02477,1505,2015-12-13,Promotion,DPT-002,Research Scientist,1,5428
HIS-02478,15770,2019-11-18,Promotion,DPT-002,Senior Researcher,2,8614
HIS-02479,8082,2016-09-12,Department Transfer,DPT-004,Sales Executive,2,5178
HIS-02480,16082,2020-05-12,Promotion,DPT-002,Research Scientist,1,3583
HIS-02481,24288,2020-06-04,Promotion,DPT-005,Software Engineer,1,4330
HIS-02482,9741,2018-02-24,Merit Increase,DPT-001,Sales Manager,4,12427
HIS-02483,315,2018-03-11,Promotion,DPT-006,Marketing Specialist,1,5709
HIS-02484,6948,2018-01-09,Merit Increase,DPT-002,Research Scientist,2,3846
HIS-02485,21448,2022-04-11,Promotion,DPT-001,Sales Representative,1,2534
HIS-02486,20832,2016-09-05,Department Transfer,DPT-001,Financial Analyst,2,9675
HIS-02487,13603,2017-09-01,Department Transfer,DPT-001,Financial Analyst,2,5549
HIS-02488,24526,2018-02-19,Promotion,DPT-005,CIO,4,16850
HIS-02489,5575,2021-01-24,Promotion,DPT-005,IT Support,1,2607
HIS-02490,10565,2021-06-25,Promotion,DPT-001,Sales Representative,1,2105
HIS-02491,16355,2022-03-11,Merit Increase,DPT-004,Financial Clerk,1,2357
HIS-02492,15204,2022-12-16,Department Transfer,DPT-007,VP of Sales,5,19687
HIS-02493,3602,2018-06-19,Department Transfer,DPT-001,Software Engineer,2,4013
HIS-02494,20970,2021-03-19,Merit Increase,DPT-004,Financial Clerk,1,3402
HIS-02495,23117,2020-10-11,Department Transfer,DPT-003,Financial Clerk,1,2500
HIS-02496,21271,2020-08-15,Department Transfer,DPT-007,Senior Analyst,3,11349
HIS-02497,8446,2021-10-31,Merit Increase,DPT-005,Software Engineer,2,5913
HIS-02498,15548,2021-03-11,Promotion,DPT-002,R&D Manager,3,12218
HIS-02499,12310,2016-04-16,Department Transfer,DPT-001,Software Engineer,2,5335
HIS-02500,10575,2019-06-09,Promotion,DPT-007,Operations Asst,1,1762
HIS-02501,21902,2021-02-24,Promotion,DPT-002,Research Scientist,1,5958
HIS-02502,19684,2014-06-25,Department Transfer,DPT-002,Senior Analyst,3,7626
HIS-02503,21964,2019-09-14,Department Transfer,DPT-004,Senior Engineer,3,7066
HIS-02504,4629,2020-03-01,Promotion,DPT-005,IT Manager,3,14032
HIS-02505,7291,2021-06-15,Promotion,DPT-005,Senior Engineer,2,6092
HIS-02506,14896,2022-01-02,Merit Increase,DPT-001,Sales Representative,1,4505
HIS-02507,22723,2017-06-29,Promotion,DPT-004,Financial Analyst,1,7946
HIS-02508,4221,2022-06-02,Merit Increase,DPT-002,Lab Technician,1,2539
HIS-02509,7311,2016-03-08,Department Transfer,DPT-005,Senior Analyst,3,8665
HIS-02510,18314,2018-12-30,Department Transfer,DPT-007,Lab Technician,1,2646
HIS-02511,13765,2013-05-10,Department Transfer,DPT-005,Senior Marketer,3,10674
HIS-02512,12897,2016-11-07,Department Transfer,DPT-005,Senior Analyst,3,9775
HIS-02513,14532,2014-08-09,Promotion,DPT-007,Operations Analyst,1,3477
HIS-02514,16948,2017-04-12,Merit Increase,DPT-007,Senior Analyst,3,9725
HIS-02515,12652,2017-06-23,Merit Increase,DPT-001,Sales Executive,2,5181
HIS-02516,15095,2016-01-11,Merit Increase,DPT-005,IT Support,1,4153
HIS-02517,22389,2021-03-01,Promotion,DPT-007,Operations Asst,1,2646
HIS-02518,6379,2018-07-17,Merit Increase,DPT-007,Senior Analyst,3,11159
HIS-02519,16156,2017-01-10,Department Transfer,DPT-002,HR Generalist,2,5180
HIS-02520,10253,2008-09-10,Department Transfer,DPT-003,Sales Manager,4,16577
HIS-02521,23243,2019-12-06,Merit Increase,DPT-004,Senior Analyst,3,8551
HIS-02522,10458,2022-03-24,Merit Increase,DPT-002,Lab Technician,1,1942
HIS-02523,19942,2020-09-20,Department Transfer,DPT-001,IT Support,1,3061
HIS-02524,13153,2021-12-01,Department Transfer,DPT-004,Sales Executive,2,3874
HIS-02525,14153,2020-04-30,Department Transfer,DPT-001,HR Generalist,2,4341
HIS-02526,6316,2021-12-03,Department Transfer,DPT-004,Operations Analyst,2,5189
HIS-02527,13609,2015-02-25,Promotion,DPT-002,Research Scientist,1,3883
HIS-02528,2645,2022-10-28,Merit Increase,DPT-001,Sales Executive,2,5923
HIS-02529,5693,2019-06-20,Department Transfer,DPT-004,IT Support,1,3261
HIS-02530,5190,2020-09-18,Merit Increase,DPT-002,Senior Researcher,3,8022
HIS-02531,3722,2022-02-24,Department Transfer,DPT-004,Marketing Coord,1,2945
HIS-02532,13782,2018-02-16,Department Transfer,DPT-006,Senior Sales Exec,3,10886
HIS-02533,23642,2021-01-01,Promotion,DPT-004,Financial Clerk,1,2391
HIS-02534,298,2018-11-25,Merit Increase,DPT-002,Research Scientist,2,6072
HIS-02535,19914,2020-10-23,Promotion,DPT-002,R&D Director,4,16072
HIS-02536,17624,2020-07-25,Promotion,DPT-007,Senior Analyst,2,11636
HIS-02537,7326,2022-04-15,Promotion,DPT-001,Sales Executive,1,7432
HIS-02538,6493,2022-12-07,Merit Increase,DPT-003,HR Assistant,1,1963
HIS-02539,24435,2015-10-13,Promotion,DPT-002,Senior Researcher,2,8824
HIS-02540,17445,2007-05-31,Merit Increase,DPT-002,Senior Researcher,3,9052
HIS-02541,5390,2021-03-25,Merit Increase,DPT-007,Operations Analyst,2,4863
HIS-02542,5856,2015-02-18,Department Transfer,DPT-005,Senior Marketer,3,11899
HIS-02543,16489,2022-03-16,Department Transfer,DPT-001,Operations Asst,1,2827
HIS-02544,16321,2019-06-11,Merit Increase,DPT-007,Operations Analyst,2,4264
HIS-02545,23604,2016-03-01,Merit Increase,DPT-007,Senior Analyst,3,9034
HIS-02546,17717,2021-11-18,Department Transfer,DPT-007,Senior Researcher,3,10179
HIS-02547,9832,2021-05-12,Merit Increase,DPT-007,Operations Analyst,2,4926
HIS-02548,11873,2012-08-10,Promotion,DPT-002,Lab Technician,1,2086
HIS-02549,2071,2022-03-13,Merit Increase,DPT-006,Marketing Specialist,2,6347
HIS-02550,21072,1998-09-27,Department Transfer,DPT-001,R&D Manager,4,13507
HIS-02551,9350,2019-11-22,Merit Increase,DPT-007,Operations Analyst,2,3810
HIS-02552,6075,2014-09-16,Department Transfer,DPT-001,Lab Technician,1,2373
HIS-02553,5087,2020-12-29,Promotion,DPT-006,Marketing Coord,1,3274
HIS-02554,20122,2016-12-10,Merit Increase,DPT-007,Operations Manager,4,14744
HIS-02555,9233,2020-10-30,Merit Increase,DPT-007,Operations Analyst,2,4419
HIS-02556,15796,2022-04-23,Department Transfer,DPT-006,Lab Technician,1,2653
HIS-02557,3617,2021-06-27,Promotion,DPT-005,Software Engineer,1,8134
HIS-02558,2735,2021-02-28,Promotion,DPT-007,Operations Asst,1,2204
HIS-02559,16400,2020-12-02,Department Transfer,DPT-005,Operations Asst,1,3480
HIS-02560,12836,2009-01-09,Merit Increase,DPT-005,IT Manager,4,10719
HIS-02561,18280,2020-06-12,Promotion,DPT-005,Senior Engineer,2,9095
HIS-02562,19874,2014-08-04,Merit Increase,DPT-003,HR Partner,3,7944
HIS-02563,12874,2018-08-07,Merit Increase,DPT-001,Sales Representative,1,4076
HIS-02564,21248,2021-12-10,Merit Increase,DPT-001,Sales Executive,2,5359
HIS-02565,3197,2022-05-07,Promotion,DPT-007,Operations Asst,1,2146
HIS-02566,23040,2020-06-18,Merit Increase,DPT-007,Operations Analyst,2,5187
HIS-02567,14073,2022-05-27,Department Transfer,DPT-001,R&D Manager,4,11455
HIS-02568,20485,2015-11-11,Promotion,DPT-006,Marketing Manager,3,10737
HIS-02569,15713,2010-06-13,Department Transfer,DPT-004,Sales Manager,4,15937
HIS-02570,15243,2013-08-14,Department Transfer,DPT-005,Financial Analyst,2,5117
HIS-02571,4667,2022-04-03,Merit Increase,DPT-001,Sales Executive,2,5014
HIS-02572,7732,2019-11-03,Department Transfer,DPT-002,Sales Executive,2,4360
HIS-02573,20776,2020-06-25,Department Transfer,DPT-005,Operations Asst,1,2514
HIS-02574,22378,2022-07-24,Department Transfer,DPT-006,Lab Technician,1,2575
HIS-02575,1961,2018-12-08,Merit Increase,DPT-001,Senior Sales Exec,3,7372
HIS-02576,7424,2022-04-16,Merit Increase,DPT-003,HR Generalist,2,6690
HIS-02577,23236,2022-11-01,Department Transfer,DPT-004,Lab Technician,1,3589
HIS-02578,10536,2020-12-20,Merit Increase,DPT-003,HR Assistant,1,3149
HIS-02579,119,2022-09-08,Department Transfer,DPT-006,Operations Analyst,2,4299
HIS-02580,9408,2021-10-07,Merit Increase,DPT-004,Finance Manager,4,15509
HIS-02581,17882,2010-02-10,Merit Increase,DPT-006,Senior Marketer,3,12812
HIS-02582,8291,2022-12-12,Merit Increase,DPT-007,Operations Analyst,2,4257
HIS-02583,20979,2018-05-01,Promotion,DPT-002,Research Scientist,1,5245
HIS-02584,21565,2021-07-03,Promotion,DPT-001,Sales Representative,1,1857
HIS-02585,22558,2019-09-21,Merit Increase,DPT-005,IT Support,1,3082
HIS-02586,21611,2009-08-01,Department Transfer,DPT-004,CIO,5,18572
HIS-02587,19702,2014-06-11,Merit Increase,DPT-004,Senior Analyst,3,9821
HIS-02588,18382,2021-05-08,Department Transfer,DPT-004,Research Scientist,2,4265
HIS-02589,8547,2022-01-06,Department Transfer,DPT-007,Marketing Coord,1,3328
HIS-02590,19515,2019-09-24,Department Transfer,DPT-004,Software Engineer,2,6535
HIS-02591,4255,2022-09-26,Merit Increase,DPT-001,Sales Representative,1,2459
HIS-02592,4529,2016-05-19,Department Transfer,DPT-004,Software Engineer,2,7195
HIS-02593,20944,2018-09-12,Department Transfer,DPT-004,IT Support,1,3583
HIS-02594,15205,2021-01-08,Department Transfer,DPT-005,Senior Analyst,3,7840
HIS-02595,11182,2022-05-19,Merit Increase,DPT-007,COO,5,18007
HIS-02596,7157,2011-07-15,Merit Increase,DPT-004,Financial Analyst,2,4858
HIS-02597,21836,2018-08-25,Promotion,DPT-007,Operations Analyst,1,5157
HIS-02598,5298,2022-10-23,Promotion,DPT-005,IT Support,1,3235
HIS-02599,16335,2021-04-09,Department Transfer,DPT-001,IT Support,1,2814
HIS-02600,9675,2022-10-19,Merit Increase,DPT-002,Lab Technician,1,3764
HIS-02601,12242,2021-03-31,Merit Increase,DPT-001,Sales Representative,1,2469
HIS-02602,19640,2022-11-17,Promotion,DPT-002,Lab Technician,1,3983
HIS-02603,21592,2021-05-15,Department Transfer,DPT-004,Sales Representative,1,4057
HIS-02604,5771,2020-12-20,Department Transfer,DPT-007,IT Support,1,2237
HIS-02605,5913,2020-05-04,Promotion,DPT-005,Software Engineer,1,8528
HIS-02606,5998,2022-03-11,Department Transfer,DPT-002,Marketing Specialist,2,8797
HIS-02607,3762,2022-05-25,Merit Increase,DPT-005,IT Support,1,2176
HIS-02608,9641,2018-02-26,Promotion,DPT-004,Senior Analyst,2,10732
HIS-02609,65,2013-09-07,Promotion,DPT-002,Research Scientist,1,5683
HIS-02610,5552,2019-03-29,Merit Increase,DPT-002,Research Scientist,2,9387
HIS-02611,19632,2020-01-08,Promotion,DPT-001,Sales Representative,1,3008
HIS-02612,18398,2020-01-01,Department Transfer,DPT-004,Research Scientist,2,5234
HIS-02613,23589,2020-08-16,Promotion,DPT-007,Operations Asst,1,2010
HIS-02614,13358,2007-01-05,Merit Increase,DPT-007,Operations Manager,4,13381
HIS-02615,6408,2019-09-10,Promotion,DPT-002,Research Scientist,1,5185
HIS-02616,7579,2017-02-16,Department Transfer,DPT-004,Operations Analyst,2,2395
HIS-02617,20507,2014-04-12,Promotion,DPT-005,Software Engineer,1,5199
HIS-02618,8745,2022-06-20,Promotion,DPT-004,Senior Analyst,2,7032
HIS-02619,24882,2007-03-05,Merit Increase,DPT-001,Sales Manager,4,13208
HIS-02620,15029,2021-09-19,Merit Increase,DPT-004,Financial Clerk,1,4391
HIS-02621,17221,2021-11-09,Merit Increase,DPT-001,Sales Executive,2,4887
HIS-02622,15772,2021-12-22,Department Transfer,DPT-002,Sales Executive,2,5757
HIS-02623,22323,2022-08-31,Department Transfer,DPT-003,Sales Representative,1,2598
HIS-02624,2722,2016-09-16,Department Transfer,DPT-003,Marketing Manager,4,15612
HIS-02625,15923,2003-09-17,Department Transfer,DPT-003,R&D Manager,4,16469
HIS-02626,16981,2016-02-10,Department Transfer,DPT-007,Marketing Specialist,2,9265
HIS-02627,23801,2020-01-26,Department Transfer,DPT-004,Senior Researcher,3,10234
HIS-02628,17557,2018-07-24,Department Transfer,DPT-007,Senior Researcher,3,8847
HIS-02629,446,2013-05-01,Promotion,DPT-007,Operations Analyst,1,3672
HIS-02630,3471,2022-01-07,Merit Increase,DPT-001,Sales Executive,2,6124
HIS-02631,3974,2019-07-18,Promotion,DPT-005,Software Engineer,1,4828
HIS-02632,6882,2019-12-28,Promotion,DPT-002,Senior Researcher,2,6522
HIS-02633,21543,2022-11-29,Merit Increase,DPT-007,Operations Asst,1,2143
HIS-02634,13451,2018-03-16,Merit Increase,DPT-006,Marketing Specialist,2,6136
HIS-02635,15443,2020-05-09,Promotion,DPT-004,Financial Analyst,1,3796
HIS-02636,5235,2022-11-27,Merit Increase,DPT-004,Senior Analyst,3,6470
HIS-02637,7673,2021-09-15,Promotion,DPT-007,Operations Analyst,1,3683
HIS-02638,13410,2022-07-26,Merit Increase,DPT-006,Marketing Specialist,2,4880
HIS-02639,1099,2020-06-20,Department Transfer,DPT-001,Marketing Specialist,2,4155
HIS-02640,11099,2018-04-06,Merit Increase,DPT-005,Software Engineer,2,5986
HIS-02641,17108,2022-08-24,Merit Increase,DPT-007,Operations Asst,1,3185
HIS-02642,13787,2022-09-28,Promotion,DPT-005,IT Support,1,3314
HIS-02643,9802,2017-09-28,Promotion,DPT-002,Research Scientist,1,4907
HIS-02644,18772,2022-08-18,Merit Increase,DPT-006,Marketing Coord,1,2371
HIS-02645,24633,2021-09-01,Merit Increase,DPT-002,R&D Director,5,16314
HIS-02646,471,2022-06-24,Promotion,DPT-001,Sales Executive,1,4431
HIS-02647,11813,2020-08-02,Department Transfer,DPT-005,Sales Executive,2,5023
HIS-02648,5208,2019-04-05,Merit Increase,DPT-003,HR Generalist,2,4380
HIS-02649,2965,2015-11-20,Merit Increase,DPT-007,Operations Asst,1,2871
HIS-02650,19364,2010-01-02,Merit Increase,DPT-005,IT Manager,4,11920
HIS-02651,16636,2021-07-12,Department Transfer,DPT-005,Financial Analyst,2,5851
HIS-02652,14067,2018-07-11,Department Transfer,DPT-003,Senior Analyst,3,11083
HIS-02653,3742,2020-03-17,Merit Increase,DPT-006,Senior Marketer,3,9449
HIS-02654,7677,2020-02-14,Promotion,DPT-005,IT Support,1,2648
HIS-02655,24522,2019-08-05,Merit Increase,DPT-002,R&D Manager,4,12603
HIS-02656,18289,2020-08-18,Department Transfer,DPT-002,Marketing Specialist,2,4554
HIS-02657,5912,2015-09-25,Department Transfer,DPT-005,Senior Analyst,3,10913
HIS-02658,22717,2019-04-29,Department Transfer,DPT-001,Research Scientist,2,4206
HIS-02659,11069,2021-07-12,Promotion,DPT-004,Financial Clerk,1,2322
HIS-02660,5315,2019-07-05,Department Transfer,DPT-005,Finance Manager,4,16305
HIS-02661,23365,2022-08-03,Department Transfer,DPT-002,Marketing Coord,1,4228
HIS-02662,15859,2022-09-16,Department Transfer,DPT-003,Sales Executive,2,6282
HIS-02663,2959,2021-02-28,Merit Increase,DPT-002,Lab Technician,1,2282
HIS-02664,11325,2022-10-18,Department Transfer,DPT-006,Senior Analyst,3,7311
HIS-02665,11133,2021-01-28,Department Transfer,DPT-005,Research Scientist,2,5220
HIS-02666,24930,2016-12-25,Promotion,DPT-002,R&D Director,4,15633
HIS-02667,8476,2022-09-11,Department Transfer,DPT-001,IT Support,1,3522
HIS-02668,9669,2021-09-29,Department Transfer,DPT-001,Software Engineer,2,6878
HIS-02669,4866,2021-08-25,Promotion,DPT-005,IT Support,1,2368
HIS-02670,24933,2001-08-28,Merit Increase,DPT-002,R&D Manager,4,15633
HIS-02671,8722,2019-11-28,Merit Increase,DPT-006,Marketing Manager,4,12422
HIS-02672,5066,2020-06-14,Department Transfer,DPT-004,VP of Sales,5,19015
HIS-02673,3091,2021-09-26,Department Transfer,DPT-005,Financial Clerk,1,2678
HIS-02674,550,2018-03-05,Department Transfer,DPT-001,Senior Marketer,3,10567
HIS-02675,18132,2022-09-16,Department Transfer,DPT-002,HR Assistant,1,2172
HIS-02676,3524,2022-05-26,Promotion,DPT-001,Sales Executive,1,3491
HIS-02677,17785,2020-02-08,Merit Increase,DPT-002,Lab Technician,1,1895
HIS-02678,5169,2019-02-06,Department Transfer,DPT-007,Research Scientist,2,4593
HIS-02679,6247,2016-05-17,Promotion,DPT-001,Sales Executive,1,8435
HIS-02680,12162,2020-02-24,Promotion,DPT-005,Software Engineer,1,4776
HIS-02681,11172,2022-04-15,Department Transfer,DPT-003,Senior Engineer,3,9137
HIS-02682,20184,2020-08-17,Department Transfer,DPT-004,Operations Asst,1,2781
HIS-02683,14693,2018-04-04,Promotion,DPT-006,Senior Marketer,2,7822
HIS-02684,15557,2020-05-12,Merit Increase,DPT-007,Operations Analyst,2,7895
HIS-02685,20231,2021-08-09,Promotion,DPT-005,Software Engineer,1,4922
HIS-02686,11874,2020-08-27,Department Transfer,DPT-003,CIO,5,18701
HIS-02687,17192,2015-07-30,Promotion,DPT-005,Senior Engineer,2,8301
HIS-02688,19079,2019-07-30,Promotion,DPT-001,Sales Representative,1,1991
HIS-02689,3245,2013-07-03,Promotion,DPT-005,IT Manager,3,11952
HIS-02690,6848,2022-09-13,Department Transfer,DPT-002,HR Director,5,20228
HIS-02691,18215,2020-04-13,Department Transfer,DPT-004,IT Support,1,2419
HIS-02692,12697,2019-10-20,Promotion,DPT-001,Senior Sales Exec,2,6897
HIS-02693,22758,2021-11-01,Merit Increase,DPT-007,Operations Analyst,2,5131
HIS-02694,12742,2015-06-25,Department Transfer,DPT-003,Software Engineer,2,5876
HIS-02695,21083,2019-08-16,Promotion,DPT-002,Senior Researcher,2,11080
HIS-02696,5370,2017-06-08,Promotion,DPT-001,Sales Executive,1,2691
HIS-02697,22332,2022-04-24,Promotion,DPT-001,Senior Sales Exec,2,8072
HIS-02698,5842,2017-09-22,Merit Increase,DPT-001,Senior Sales Exec,3,9118
HIS-02699,18324,2022-04-18,Merit Increase,DPT-002,Research Scientist,2,2154
HIS-02700,9993,2018-04-25,Merit Increase,DPT-004,Financial Clerk,1,3395
HIS-02701,13541,2022-04-10,Merit Increase,DPT-004,Financial Clerk,1,1843
HIS-02702,12595,2022-10-21,Promotion,DPT-001,Sales Executive,1,4380
HIS-02703,23217,2021-07-03,Merit Increase,DPT-005,Software Engineer,2,3743
HIS-02704,6,2016-03-23,Department Transfer,DPT-005,Sales Executive,2,4973
HIS-02705,9940,2016-07-27,Department Transfer,DPT-001,Senior Engineer,3,8593
HIS-02706,2396,2021-05-29,Merit Increase,DPT-002,Research Scientist,2,4519
HIS-02707,9320,2019-07-29,Promotion,DPT-005,Software Engineer,1,5411
HIS-02708,15623,2015-05-24,Merit Increase,DPT-006,Senior Marketer,3,10619
HIS-02709,5829,2022-09-08,Merit Increase,DPT-002,R&D Manager,4,14705
HIS-02710,21148,2019-07-12,Department Transfer,DPT-004,Marketing Specialist,2,4311
HIS-02711,14239,2017-06-03,Department Transfer,DPT-007,CFO,5,18939
HIS-02712,2058,2015-01-31,Merit Increase,DPT-003,HR Partner,3,6693
HIS-02713,11529,2022-01-03,Merit Increase,DPT-005,Software Engineer,2,5686
HIS-02714,7529,2018-04-15,Merit Increase,DPT-005,Software Engineer,2,8753
HIS-02715,2825,2004-08-30,Promotion,DPT-002,Research Scientist,1,1836
HIS-02716,17672,2015-09-12,Promotion,DPT-005,Software Engineer,1,4887
HIS-02717,6382,2022-09-06,Department Transfer,DPT-001,Financial Analyst,2,4457
HIS-02718,11375,2022-12-12,Promotion,DPT-007,Senior Analyst,2,7608
HIS-02719,4576,2021-06-19,Department Transfer,DPT-007,Senior Researcher,3,11744
HIS-02720,21123,2019-12-27,Department Transfer,DPT-002,Financial Analyst,2,5842
HIS-02721,6026,2016-08-31,Department Transfer,DPT-003,Senior Researcher,3,7933
HIS-02722,5234,2021-11-06,Promotion,DPT-003,HR Assistant,1,1960
HIS-02723,24227,2021-10-13,Merit Increase,DPT-005,IT Support,1,2889
HIS-02724,12760,2017-04-08,Promotion,DPT-002,Research Scientist,1,4425
HIS-02725,13807,2021-08-08,Merit Increase,DPT-002,Lab Technician,1,2279
HIS-02726,8563,2021-12-25,Department Transfer,DPT-006,Senior Engineer,3,7628
HIS-02727,6932,2020-04-10,Department Transfer,DPT-006,Sales Executive,2,8887
HIS-02728,18674,2022-11-03,Merit Increase,DPT-007,Operations Analyst,2,5030
HIS-02729,13367,2021-10-24,Promotion,DPT-001,Sales Representative,1,3882
HIS-02730,50,2019-12-23,Department Transfer,DPT-003,Sales Representative,1,2177
HIS-02731,15642,2022-12-01,Merit Increase,DPT-003,HR Generalist,2,4416
HIS-02732,24327,2015-12-07,Merit Increase,DPT-005,Software Engineer,2,4323
HIS-02733,19801,2019-02-04,Promotion,DPT-007,Operations Analyst,1,7530
HIS-02734,11871,2016-05-26,Department Transfer,DPT-005,Operations Asst,1,2351
HIS-02735,939,2022-10-30,Merit Increase,DPT-001,Sales Executive,2,4991
HIS-02736,22903,2022-06-11,Promotion,DPT-007,Operations Analyst,1,5758
HIS-02737,468,2021-01-16,Department Transfer,DPT-004,Operations Analyst,2,5805
HIS-02738,9191,2013-02-03,Department Transfer,DPT-002,Senior Analyst,3,11199
HIS-02739,6225,2018-10-15,Merit Increase,DPT-001,Sales Executive,2,4145
HIS-02740,20230,2020-08-18,Department Transfer,DPT-002,Operations Analyst,2,3960
HIS-02741,18432,2014-10-15,Merit Increase,DPT-006,Marketing Specialist,2,4820
HIS-02742,19531,2019-11-13,Merit Increase,DPT-006,Senior Marketer,3,10196
HIS-02743,18079,2022-11-23,Promotion,DPT-001,Sales Executive,1,4347
HIS-02744,5415,2012-07-02,Merit Increase,DPT-001,Sales Manager,4,15228
HIS-02745,7768,2018-11-22,Department Transfer,DPT-004,Lab Technician,1,3426
HIS-02746,6746,2021-11-17,Promotion,DPT-007,Operations Analyst,1,6706
HIS-02747,4100,2019-08-23,Promotion,DPT-001,Sales Representative,1,2189
HIS-02748,16437,2021-06-21,Department Transfer,DPT-007,IT Support,1,2142
HIS-02749,4711,2021-03-24,Department Transfer,DPT-007,HR Assistant,1,2599
HIS-02750,12339,2013-07-11,Merit Increase,DPT-006,Marketing Coord,1,2448
HIS-02751,15310,2021-06-04,Department Transfer,DPT-007,Sales Manager,4,12403
HIS-02752,479,2020-03-27,Promotion,DPT-007,Operations Analyst,1,4006
HIS-02753,9449,2018-03-14,Merit Increase,DPT-002,Lab Technician,1,1983
HIS-02754,54,2022-07-28,Merit Increase,DPT-007,Operations Asst,1,2392
HIS-02755,24782,2018-04-09,Department Transfer,DPT-002,Software Engineer,2,4049
HIS-02756,19011,2021-03-29,Merit Increase,DPT-006,Marketing Specialist,2,5134
HIS-02757,8068,2016-05-30,Promotion,DPT-002,R&D Director,4,17165
HIS-02758,19567,2014-10-12,Department Transfer,DPT-004,Research Scientist,2,6404
HIS-02759,18374,2015-11-15,Merit Increase,DPT-007,Operations Analyst,2,4801
HIS-02760,6502,2020-04-21,Promotion,DPT-001,Sales Representative,1,2050
HIS-02761,22362,2022-10-23,Department Transfer,DPT-001,Marketing Manager,4,16828
HIS-02762,5838,2021-08-05,Promotion,DPT-003,HR Assistant,1,2034
HIS-02763,18228,2018-01-14,Merit Increase,DPT-006,Marketing Specialist,2,6282
HIS-02764,13086,2015-08-27,Merit Increase,DPT-001,Sales Executive,2,3692
HIS-02765,20703,2018-03-28,Promotion,DPT-003,HR Director,4,16647
HIS-02766,9822,2010-10-08,Department Transfer,DPT-003,Marketing Manager,4,16397
HIS-02767,16960,2015-03-14,Promotion,DPT-007,COO,4,16545
HIS-02768,6099,2016-09-17,Merit Increase,DPT-001,Sales Executive,2,3088
HIS-02769,20512,2019-12-19,Merit Increase,DPT-005,Software Engineer,2,4117
HIS-02770,8761,2015-09-09,Promotion,DPT-001,Senior Sales Exec,2,8963
HIS-02771,7099,2018-07-02,Merit Increase,DPT-002,Senior Researcher,3,8077
HIS-02772,3945,2021-08-21,Promotion,DPT-001,Sales Representative,1,3373
HIS-02773,11109,2020-10-06,Department Transfer,DPT-001,Senior Researcher,3,8772
HIS-02774,17029,2022-11-28,Promotion,DPT-005,Software Engineer,1,4693
HIS-02775,24873,2019-07-24,Promotion,DPT-001,Sales Representative,1,2327
HIS-02776,3394,2022-02-08,Department Transfer,DPT-003,Lab Technician,1,2827
HIS-02777,2942,2021-05-22,Merit Increase,DPT-005,IT Support,1,2158
HIS-02778,21191,2022-03-23,Promotion,DPT-002,Lab Technician,1,3846
HIS-02779,9025,2022-09-22,Promotion,DPT-004,Financial Clerk,1,1804
HIS-02780,15806,2019-09-25,Merit Increase,DPT-001,Sales Representative,1,2333
HIS-02781,15246,2014-10-04,Department Transfer,DPT-007,Sales Executive,2,5774
HIS-02782,18985,2021-09-05,Promotion,DPT-005,IT Support,1,2854
HIS-02783,17449,2022-11-13,Department Transfer,DPT-001,Research Scientist,2,4443
HIS-02784,2939,2021-07-23,Merit Increase,DPT-007,Operations Asst,1,2116
HIS-02785,10698,2020-03-31,Department Transfer,DPT-001,Financial Clerk,1,3149
HIS-02786,17926,2012-08-22,Department Transfer,DPT-001,CMO,5,18476
HIS-02787,12280,2014-08-16,Promotion,DPT-002,Research Scientist,1,4470
HIS-02788,23628,2020-04-30,Merit Increase,DPT-007,Senior Analyst,3,8771
HIS-02789,12433,2017-04-06,Promotion,DPT-007,Operations Manager,3,11661
HIS-02790,14995,2022-09-13,Merit Increase,DPT-006,Marketing Coord,1,2282
HIS-02791,7865,2016-08-17,Merit Increase,DPT-002,Research Scientist,2,4790
HIS-02792,6334,2022-08-07,Promotion,DPT-004,Financial Clerk,1,1880
HIS-02793,17020,2015-08-13,Department Transfer,DPT-002,IT Support,1,2642
HIS-02794,2742,2018-01-10,Promotion,DPT-002,Research Scientist,1,5517
HIS-02795,20250,2009-07-12,Merit Increase,DPT-002,Research Scientist,2,5172
HIS-02796,17674,2020-03-16,Promotion,DPT-001,Sales Executive,1,4323
HIS-02797,24088,2020-08-23,Promotion,DPT-006,Marketing Specialist,1,2983
HIS-02798,684,2020-06-18,Merit Increase,DPT-005,IT Support,1,2639
HIS-02799,19659,2021-08-02,Department Transfer,DPT-002,Senior Analyst,3,13054
HIS-02800,16055,2020-11-22,Promotion,DPT-006,Marketing Coord,1,2312
HIS-02801,3097,2018-12-17,Department Transfer,DPT-004,Senior Analyst,3,11296
HIS-02802,7654,2016-08-27,Merit Increase,DPT-006,Senior Marketer,3,11144
HIS-02803,21962,2022-12-11,Merit Increase,DPT-003,HR Assistant,1,2471
HIS-02804,3074,2020-12-10,Merit Increase,DPT-002,R&D Manager,4,16192
HIS-02805,11360,2022-02-28,Promotion,DPT-005,Software Engineer,1,4159
HIS-02806,4887,2021-05-23,Merit Increase,DPT-002,Research Scientist,2,3627
HIS-02807,837,2021-12-03,Department Transfer,DPT-003,Operations Analyst,2,4676
HIS-02808,969,2019-08-27,Merit Increase,DPT-005,IT Support,1,3417
HIS-02809,3187,2021-10-03,Merit Increase,DPT-002,Lab Technician,1,2306
HIS-02810,17915,2022-03-20,Promotion,DPT-001,Sales Executive,1,3550
HIS-02811,17786,2020-11-10,Department Transfer,DPT-005,Lab Technician,1,2389
HIS-02812,2155,2021-10-16,Merit Increase,DPT-001,Sales Representative,1,2460
HIS-02813,15501,2022-08-09,Department Transfer,DPT-005,Operations Asst,1,2380
HIS-02814,5355,2021-03-08,Promotion,DPT-004,Financial Clerk,1,1804
HIS-02815,22764,2019-01-05,Promotion,DPT-006,Marketing Coord,1,2455
HIS-02816,21318,2021-06-15,Department Transfer,DPT-006,Sales Representative,1,2621
HIS-02817,20154,2016-10-15,Promotion,DPT-005,Software Engineer,1,5914
HIS-02818,2047,2021-04-12,Promotion,DPT-001,Senior Sales Exec,2,8693
HIS-02819,6694,2012-06-18,Promotion,DPT-006,Marketing Specialist,1,3830
HIS-02820,7092,2020-07-02,Promotion,DPT-007,Senior Analyst,2,11817
HIS-02821,10935,2022-01-18,Merit Increase,DPT-003,HR Partner,3,7245
HIS-02822,19191,1997-05-02,Merit Increase,DPT-005,IT Manager,4,15215
HIS-02823,15858,2022-05-05,Merit Increase,DPT-004,Finance Manager,4,15800
HIS-02824,22036,2014-10-08,Merit Increase,DPT-005,Software Engineer,2,2815
HIS-02825,13803,2019-02-03,Department Transfer,DPT-002,Operations Analyst,2,5614
HIS-02826,24708,2022-02-25,Promotion,DPT-005,Senior Engineer,2,8121
HIS-02827,6595,2020-11-12,Department Transfer,DPT-007,Software Engineer,2,5487
HIS-02828,19655,2022-01-15,Department Transfer,DPT-002,Financial Analyst,2,5402
HIS-02829,18029,2021-05-15,Merit Increase,DPT-006,Marketing Coord,1,2095
HIS-02830,9139,2021-08-19,Promotion,DPT-004,Financial Clerk,1,3043
HIS-02831,13109,2020-05-11,Merit Increase,DPT-007,Operations Analyst,2,4769
HIS-02832,760,2018-05-05,Promotion,DPT-006,Marketing Coord,1,3889
HIS-02833,12386,2022-02-10,Promotion,DPT-002,Lab Technician,1,2329
HIS-02834,19355,2021-11-22,Merit Increase,DPT-006,Marketing Coord,1,3578
HIS-02835,20933,2022-03-17,Department Transfer,DPT-007,IT Support,1,2630
HIS-02836,14550,2016-05-06,Merit Increase,DPT-005,IT Support,1,2407
HIS-02837,14651,2009-03-11,Promotion,DPT-002,Research Scientist,1,4959
HIS-02838,19534,2022-04-27,Promotion,DPT-007,COO,4,16405
HIS-02839,15625,2017-10-31,Promotion,DPT-004,CFO,4,16470
HIS-02840,14732,2021-02-02,Merit Increase,DPT-001,Sales Executive,2,3978
HIS-02841,15730,2022-01-01,Promotion,DPT-002,Research Scientist,1,5479
HIS-02842,20027,2021-04-29,Merit Increase,DPT-001,VP of Sales,5,17185
HIS-02843,9950,2020-08-12,Merit Increase,DPT-003,HR Partner,3,12669
HIS-02844,14644,2021-05-07,Merit Increase,DPT-005,Software Engineer,2,8982
HIS-02845,10371,2022-02-24,Merit Increase,DPT-002,Senior Researcher,3,12572
HIS-02846,3077,2020-08-08,Department Transfer,DPT-002,Operations Analyst,2,8471
HIS-02847,2525,2016-06-04,Merit Increase,DPT-006,Marketing Coord,1,2277
HIS-02848,7366,2022-09-05,Promotion,DPT-002,Research Scientist,1,4190
HIS-02849,3777,2022-02-12,Promotion,DPT-006,Marketing Coord,1,3331
HIS-02850,23293,2012-06-21,Merit Increase,DPT-005,Software Engineer,2,4305
HIS-02851,8011,2019-05-02,Merit Increase,DPT-006,Marketing Specialist,2,4801
HIS-02852,15121,2020-12-31,Department Transfer,DPT-007,Senior Engineer,3,12163
HIS-02853,21977,2016-06-26,Promotion,DPT-002,Research Scientist,1,4753
HIS-02854,24033,2013-07-30,Merit Increase,DPT-001,VP of Sales,5,16710
HIS-02855,24580,2016-10-14,Promotion,DPT-001,Senior Sales Exec,2,7158
HIS-02856,7856,2021-08-04,Promotion,DPT-003,HR Generalist,1,3580
HIS-02857,12656,2022-12-02,Merit Increase,DPT-002,Research Scientist,2,6037
HIS-02858,8104,2005-02-26,Department Transfer,DPT-002,Senior Sales Exec,3,13828
HIS-02859,1714,2018-04-17,Department Transfer,DPT-003,Financial Clerk,1,2461
HIS-02860,7232,2019-08-21,Merit Increase,DPT-003,HR Partner,3,9700
HIS-02861,14327,2022-06-01,Department Transfer,DPT-001,HR Generalist,2,4395
HIS-02862,12973,2022-01-16,Merit Increase,DPT-006,Marketing Specialist,2,5014
HIS-02863,2967,2006-01-11,Department Transfer,DPT-001,IT Manager,4,17716
HIS-02864,19955,2013-06-20,Merit Increase,DPT-001,Sales Executive,2,6175
HIS-02865,22934,2020-06-25,Promotion,DPT-007,Operations Asst,1,3318
HIS-02866,3651,2022-07-15,Promotion,DPT-006,Marketing Specialist,1,3489
HIS-02867,13758,2022-06-23,Promotion,DPT-006,Marketing Coord,1,2290
HIS-02868,18372,2010-05-28,Merit Increase,DPT-005,Senior Engineer,3,9185
HIS-02869,7369,2021-02-25,Merit Increase,DPT-001,Sales Manager,4,15615
HIS-02870,6112,2018-05-19,Department Transfer,DPT-005,Research Scientist,2,4414
HIS-02871,24196,2018-05-22,Merit Increase,DPT-003,HR Generalist,2,4027
HIS-02872,5677,2022-06-14,Promotion,DPT-005,Software Engineer,1,4677
HIS-02873,2751,2022-08-31,Merit Increase,DPT-002,Lab Technician,1,3288
HIS-02874,10401,2017-04-10,Merit Increase,DPT-001,Sales Representative,1,1889
HIS-02875,18074,2020-12-21,Promotion,DPT-007,Senior Analyst,2,7307
HIS-02876,12418,2019-04-06,Department Transfer,DPT-001,Software Engineer,2,6050
HIS-02877,13493,2020-10-15,Merit Increase,DPT-002,Senior Researcher,3,6819
HIS-02878,8740,2017-05-12,Merit Increase,DPT-005,Senior Engineer,3,9537
HIS-02879,17252,2021-08-13,Merit Increase,DPT-005,IT Support,1,3683
HIS-02880,5314,2022-04-08,Promotion,DPT-007,Operations Analyst,1,5185
HIS-02881,4486,2019-04-09,Promotion,DPT-005,IT Support,1,4032
HIS-02882,23207,2005-11-07,Merit Increase,DPT-002,R&D Director,5,18169
HIS-02883,540,2018-03-13,Merit Increase,DPT-001,Sales Executive,2,4433
HIS-02884,12232,2018-02-25,Merit Increase,DPT-007,COO,5,17581
HIS-02885,10929,2021-08-17,Merit Increase,DPT-005,Software Engineer,2,5840
HIS-02886,21443,2018-06-09,Department Transfer,DPT-007,Software Engineer,2,6671
HIS-02887,20364,2020-10-06,Merit Increase,DPT-007,Operations Manager,4,15870
HIS-02888,22083,2021-09-11,Merit Increase,DPT-004,Financial Clerk,1,2377
HIS-02889,22418,2012-04-27,Department Transfer,DPT-002,Senior Engineer,3,14126
HIS-02890,13218,2007-02-05,Merit Increase,DPT-005,IT Manager,4,15151
HIS-02891,16276,2017-09-20,Promotion,DPT-001,Sales Representative,1,2668
HIS-02892,13368,2019-09-08,Merit Increase,DPT-006,Marketing Specialist,2,5114
HIS-02893,5843,2022-03-01,Promotion,DPT-001,VP of Sales,4,16516
HIS-02894,6728,2015-04-25,Promotion,DPT-001,Sales Executive,1,4747
HIS-02895,24588,2020-12-29,Promotion,DPT-001,Sales Executive,1,5439
HIS-02896,16035,2014-04-30,Department Transfer,DPT-005,Marketing Coord,1,4763
HIS-02897,21956,2017-05-30,Promotion,DPT-001,Senior Sales Exec,2,6030
HIS-02898,2509,2020-04-10,Department Transfer,DPT-003,Marketing Coord,1,4986
HIS-02899,23990,2021-07-13,Merit Increase,DPT-002,Lab Technician,1,2546
HIS-02900,790,2009-11-05,Promotion,DPT-007,Operations Analyst,1,4295
HIS-02901,1390,2019-10-24,Merit Increase,DPT-004,Financial Clerk,1,1903
HIS-02902,19071,2022-08-12,Department Transfer,DPT-002,Sales Representative,1,2418
HIS-02903,6819,2022-11-07,Department Transfer,DPT-004,Operations Analyst,2,4627
HIS-02904,7018,2016-04-18,Merit Increase,DPT-001,Senior Sales Exec,3,6679
HIS-02905,9511,2019-02-14,Merit Increase,DPT-004,Financial Analyst,2,4002
HIS-02906,23610,2014-02-07,Department Transfer,DPT-001,HR Generalist,2,5506
HIS-02907,1461,2007-06-07,Promotion,DPT-002,R&D Manager,3,11613
HIS-02908,511,2020-03-20,Promotion,DPT-005,IT Manager,3,14066
HIS-02909,10123,2018-07-24,Promotion,DPT-007,Operations Analyst,1,4893
HIS-02910,7044,2022-08-15,Promotion,DPT-001,Sales Representative,1,2452
HIS-02911,12148,2022-07-27,Department Transfer,DPT-007,Sales Executive,2,6709
HIS-02912,18800,2020-01-21,Promotion,DPT-007,Senior Analyst,2,8134
HIS-02913,10162,2013-02-04,Merit Increase,DPT-005,Software Engineer,2,5941
HIS-02914,14942,2018-12-23,Merit Increase,DPT-002,Lab Technician,1,3135
HIS-02915,11891,2022-09-23,Department Transfer,DPT-003,IT Support,1,2563
HIS-02916,12261,2022-07-18,Promotion,DPT-007,Operations Analyst,1,5199
HIS-02917,16102,2011-06-07,Promotion,DPT-001,VP of Sales,4,17067
HIS-02918,21296,2017-06-18,Promotion,DPT-002,Research Scientist,1,5090
HIS-02919,15889,2018-04-14,Promotion,DPT-004,Financial Analyst,1,4981
HIS-02920,10077,2022-08-21,Department Transfer,DPT-005,Lab Technician,1,3057
HIS-02921,3177,2019-05-04,Promotion,DPT-005,IT Manager,3,15456
HIS-02922,16510,2014-01-26,Promotion,DPT-001,Senior Sales Exec,2,6771
HIS-02923,5179,2012-08-30,Merit Increase,DPT-004,Senior Analyst,3,7703
HIS-02924,8241,2020-11-28,Promotion,DPT-005,Software Engineer,1,4731
HIS-02925,17872,2011-12-16,Merit Increase,DPT-007,Operations Analyst,2,4215
HIS-02926,10797,2017-01-07,Promotion,DPT-003,HR Assistant,1,1980
HIS-02927,3789,2020-02-14,Promotion,DPT-001,Sales Executive,1,5269
HIS-02928,24171,2019-05-27,Promotion,DPT-004,Senior Analyst,2,8533
HIS-02929,8528,2021-11-05,Merit Increase,DPT-006,Marketing Specialist,2,4142
HIS-02930,12396,2019-04-17,Merit Increase,DPT-002,Senior Researcher,3,6889
HIS-02931,11508,2019-12-15,Merit Increase,DPT-001,Sales Representative,1,2125
HIS-02932,370,2020-03-31,Merit Increase,DPT-001,Senior Sales Exec,3,8571
HIS-02933,17471,2018-07-29,Promotion,DPT-006,Marketing Coord,1,2461
HIS-02934,12821,2022-09-09,Department Transfer,DPT-007,VP of Sales,5,18384
HIS-02935,5420,2021-12-29,Merit Increase,DPT-002,Lab Technician,1,3260
HIS-02936,22087,2018-03-20,Merit Increase,DPT-003,HR Assistant,1,2336
HIS-02937,1701,2015-04-24,Department Transfer,DPT-002,Senior Analyst,3,9459
HIS-02938,19140,2022-01-21,Department Transfer,DPT-006,Operations Asst,1,3896
HIS-02939,22013,2013-09-22,Department Transfer,DPT-002,Senior Engineer,3,9253
HIS-02940,10331,2021-03-04,Merit Increase,DPT-005,IT Support,1,3104
HIS-02941,6307,2019-11-10,Promotion,DPT-002,Research Scientist,1,3604
HIS-02942,20939,2022-06-15,Merit Increase,DPT-001,Sales Representative,1,2288
HIS-02943,19658,2022-06-24,Merit Increase,DPT-007,Senior Analyst,3,9351
HIS-02944,18678,2020-06-07,Merit Increase,DPT-007,Senior Analyst,3,9951
HIS-02945,23748,2002-06-25,Department Transfer,DPT-005,Operations Manager,4,15924
HIS-02946,14076,2016-04-04,Promotion,DPT-005,Software Engineer,1,4109
HIS-02947,21943,2021-01-22,Merit Increase,DPT-006,Marketing Coord,1,3321
HIS-02948,15767,2022-07-11,Promotion,DPT-005,IT Support,1,1853
HIS-02949,14779,2022-02-02,Department Transfer,DPT-006,Financial Clerk,1,3967
HIS-02950,331,2019-10-04,Merit Increase,DPT-002,Lab Technician,1,4327
HIS-02951,23602,2020-03-27,Department Transfer,DPT-001,Senior Researcher,3,9343
HIS-02952,7471,2012-07-03,Merit Increase,DPT-006,Marketing Specialist,2,4854
HIS-02953,21522,2021-03-29,Merit Increase,DPT-007,Operations Analyst,2,8174
HIS-02954,9001,2018-07-29,Promotion,DPT-007,Operations Analyst,1,5217
HIS-02955,11710,2022-06-03,Department Transfer,DPT-002,Software Engineer,2,4939
HIS-02956,23292,2020-05-21,Merit Increase,DPT-002,Lab Technician,1,3109
HIS-02957,341,2007-12-28,Merit Increase,DPT-004,Finance Manager,4,12662
HIS-02958,24999,2021-02-03,Department Transfer,DPT-006,Software Engineer,2,5497
HIS-02959,12243,2012-07-31,Merit Increase,DPT-007,Operations Analyst,2,3832
HIS-02960,15005,2019-03-03,Department Transfer,DPT-005,Senior Sales Exec,3,9139
HIS-02961,7456,2021-06-23,Merit Increase,DPT-007,Operations Asst,1,3781
HIS-02962,20921,2021-02-14,Promotion,DPT-007,Operations Analyst,1,4194
HIS-02963,24018,2022-11-23,Department Transfer,DPT-005,Marketing Coord,1,2760
HIS-02964,18134,2022-02-08,Merit Increase,DPT-004,Financial Clerk,1,2414
HIS-02965,24791,2014-03-10,Department Transfer,DPT-007,Senior Researcher,3,13181
HIS-02966,8246,2018-07-31,Promotion,DPT-005,Software Engineer,1,8037
HIS-02967,1076,2018-10-04,Promotion,DPT-003,HR Partner,2,9169
HIS-02968,7060,2020-07-27,Promotion,DPT-007,Operations Asst,1,2023
HIS-02969,4942,2010-08-28,Merit Increase,DPT-003,HR Manager,4,12755
HIS-02970,24214,2019-07-12,Promotion,DPT-002,Lab Technician,1,2036
HIS-02971,12678,2019-06-18,Promotion,DPT-006,Marketing Coord,1,2545
HIS-02972,14919,2017-07-10,Promotion,DPT-005,Software Engineer,1,3727
HIS-02973,2351,2022-09-15,Department Transfer,DPT-007,Senior Engineer,3,7264
HIS-02974,7748,2018-06-10,Promotion,DPT-005,Software Engineer,1,4852
HIS-02975,2027,2018-04-25,Merit Increase,DPT-005,Software Engineer,2,6179
HIS-02976,7242,2016-12-24,Merit Increase,DPT-007,Operations Analyst,2,6250
HIS-02977,5068,2018-05-20,Promotion,DPT-002,Senior Researcher,2,6239
HIS-02978,23542,2020-02-03,Promotion,DPT-005,Software Engineer,1,4632
HIS-02979,1155,2016-06-24,Department Transfer,DPT-002,Senior Engineer,3,7306
HIS-02980,2215,2015-03-28,Promotion,DPT-005,IT Manager,3,10937
HIS-02981,14972,2022-07-30,Merit Increase,DPT-004,Financial Clerk,1,2061
HIS-02982,20103,2018-07-20,Department Transfer,DPT-006,Lab Technician,1,2646
HIS-02983,731,2021-10-22,Merit Increase,DPT-001,Sales Executive,2,3852
HIS-02984,15055,2019-12-28,Promotion,DPT-004,Financial Analyst,1,4136
HIS-02985,5318,2015-07-30,Promotion,DPT-007,Senior Analyst,2,9117
HIS-02986,6615,2011-05-17,Promotion,DPT-001,Sales Manager,3,14519
HIS-02987,5226,2021-03-22,Merit Increase,DPT-001,Senior Sales Exec,3,7882
HIS-02988,18005,2020-05-21,Promotion,DPT-007,Senior Analyst,2,9106
HIS-02989,11161,2019-06-28,Promotion,DPT-002,Research Scientist,1,5261
HIS-02990,1381,2022-01-24,Merit Increase,DPT-001,Sales Representative,1,2502
HIS-02991,13057,2017-10-31,Merit Increase,DPT-002,R&D Manager,4,12186
HIS-02992,16963,2021-02-17,Merit Increase,DPT-005,IT Manager,4,15131
HIS-02993,23852,2021-08-03,Promotion,DPT-001,Sales Executive,1,3774
HIS-02994,14379,2021-05-09,Department Transfer,DPT-005,Senior Researcher,3,10598
HIS-02995,14374,2018-10-24,Merit Increase,DPT-004,Financial Analyst,2,5565
HIS-02996,3188,2021-06-22,Department Transfer,DPT-006,Research Scientist,2,9025
HIS-02997,686,2021-10-17,Promotion,DPT-005,IT Support,1,2501
HIS-02998,16491,2020-03-24,Merit Increase,DPT-001,Sales Representative,1,2070
HIS-02999,16742,2010-10-09,Merit Increase,DPT-007,Operations Analyst,2,5869
HIS-03000,12348,2021-09-06,Promotion,DPT-006,Marketing Specialist,1,4369
HIS-03001,4939,2020-03-28,Merit Increase,DPT-006,Marketing Specialist,2,4044
HIS-03002,6497,2019-12-18,Merit Increase,DPT-002,Senior Researcher,3,12549
HIS-03003,11652,2013-07-15,Merit Increase,DPT-005,Senior Engineer,3,9937
HIS-03004,23068,2020-05-29,Department Transfer,DPT-006,Sales Representative,1,2809
HIS-03005,22404,2021-07-02,Promotion,DPT-002,R&D Manager,3,13898
HIS-03006,6924,2022-11-06,Merit Increase,DPT-005,IT Support,1,4106
HIS-03007,12198,2014-02-08,Department Transfer,DPT-007,Senior Sales Exec,3,8133
HIS-03008,14296,2017-08-20,Merit Increase,DPT-006,Marketing Specialist,2,4259
HIS-03009,20578,2020-04-20,Merit Increase,DPT-005,IT Support,1,4092
HIS-03010,12761,2019-03-31,Merit Increase,DPT-001,Sales Representative,1,3160
HIS-03011,23400,2021-04-29,Merit Increase,DPT-001,Sales Representative,1,3403
HIS-03012,8891,2019-08-20,Merit Increase,DPT-002,Senior Researcher,3,6817
HIS-03013,6807,2022-10-12,Merit Increase,DPT-005,IT Support,1,1929
HIS-03014,13085,2022-11-04,Department Transfer,DPT-006,Lab Technician,1,2333
HIS-03015,8914,2020-12-12,Merit Increase,DPT-002,Lab Technician,1,2659
HIS-03016,1008,2021-05-16,Merit Increase,DPT-006,Marketing Coord,1,2001
HIS-03017,6959,2019-04-01,Department Transfer,DPT-007,Senior Engineer,3,13667
HIS-03018,19638,2014-07-29,Department Transfer,DPT-005,Sales Executive,2,6556
HIS-03019,3458,2020-06-21,Department Transfer,DPT-003,IT Support,1,3313
HIS-03020,4177,2020-11-20,Promotion,DPT-005,Software Engineer,1,4286
HIS-03021,4820,2022-04-14,Merit Increase,DPT-001,Sales Representative,1,3390
HIS-03022,16858,2018-05-15,Department Transfer,DPT-005,Sales Representative,1,2787
HIS-03023,1603,2020-05-28,Merit Increase,DPT-002,Lab Technician,1,2778
HIS-03024,22557,2021-10-06,Promotion,DPT-001,Senior Sales Exec,2,6459
HIS-03025,17993,2022-09-21,Merit Increase,DPT-001,Sales Manager,4,12427
HIS-03026,4299,2019-03-22,Merit Increase,DPT-003,HR Assistant,1,3482
HIS-03027,7011,2022-08-12,Department Transfer,DPT-001,Research Scientist,2,5241
HIS-03028,6439,2022-06-14,Department Transfer,DPT-006,Sales Representative,1,3196
HIS-03029,18879,2017-03-13,Merit Increase,DPT-002,Lab Technician,1,4652
HIS-03030,873,2022-06-22,Promotion,DPT-005,Senior Engineer,2,12095
HIS-03031,19901,2022-09-03,Promotion,DPT-002,Lab Technician,1,2105
HIS-03032,21174,2020-02-09,Promotion,DPT-001,Sales Representative,1,2434
HIS-03033,23162,2019-11-17,Promotion,DPT-002,Research Scientist,1,4510
HIS-03034,19751,2021-07-11,Merit Increase,DPT-007,Operations Manager,4,16364
HIS-03035,532,2017-07-23,Department Transfer,DPT-001,Senior Analyst,3,7981
HIS-03036,14704,2022-02-05,Promotion,DPT-005,Software Engineer,1,3194
HIS-03037,5233,2022-10-22,Promotion,DPT-005,Software Engineer,1,3788
HIS-03038,4929,2022-12-13,Merit Increase,DPT-005,Software Engineer,2,3719
HIS-03039,24954,2020-03-11,Merit Increase,DPT-002,Lab Technician,1,4397
HIS-03040,1278,2017-05-31,Department Transfer,DPT-001,Senior Analyst,3,12443
HIS-03041,21002,2021-03-27,Merit Increase,DPT-004,Financial Analyst,2,5645
HIS-03042,12594,2017-06-24,Promotion,DPT-003,HR Generalist,1,3542
HIS-03043,4078,2004-07-27,Promotion,DPT-002,Research Scientist,1,4147
HIS-03044,22696,2020-09-28,Department Transfer,DPT-002,Operations Analyst,2,5304
HIS-03045,22184,2018-09-17,Promotion,DPT-005,IT Support,1,2351
HIS-03046,5111,2022-04-17,Merit Increase,DPT-007,Operations Asst,1,2085
HIS-03047,16235,2017-03-06,Department Transfer,DPT-002,IT Manager,4,13907
HIS-03048,3589,2020-07-18,Merit Increase,DPT-001,Senior Sales Exec,3,6932
HIS-03049,1371,2020-09-22,Merit Increase,DPT-007,Operations Asst,1,1832
HIS-03050,15136,2014-06-14,Promotion,DPT-001,Sales Representative,1,3462
HIS-03051,7318,2022-07-05,Merit Increase,DPT-005,Software Engineer,2,5678
HIS-03052,9442,2022-03-01,Promotion,DPT-001,Sales Representative,1,2825
HIS-03053,1483,2020-09-20,Merit Increase,DPT-004,Financial Clerk,1,2511
HIS-03054,8709,2021-12-23,Department Transfer,DPT-004,Senior Sales Exec,3,11340
HIS-03055,11028,2022-06-22,Merit Increase,DPT-004,Financial Analyst,2,4958
HIS-03056,20330,2019-05-31,Promotion,DPT-005,IT Support,1,1899
HIS-03057,10446,2018-08-24,Merit Increase,DPT-005,IT Support,1,4758
HIS-03058,11208,2019-09-01,Department Transfer,DPT-007,Research Scientist,2,4234
HIS-03059,23657,2021-05-10,Merit Increase,DPT-002,Lab Technician,1,4068
HIS-03060,49,2017-06-26,Promotion,DPT-004,Financial Clerk,1,2049
HIS-03061,16220,2021-07-01,Promotion,DPT-006,Marketing Coord,1,2848
HIS-03062,18728,2021-12-22,Department Transfer,DPT-003,Senior Sales Exec,3,12826
HIS-03063,22240,2020-04-23,Merit Increase,DPT-001,Sales Representative,1,2704
HIS-03064,14398,2017-07-17,Promotion,DPT-001,Sales Executive,1,4451
HIS-03065,13919,2019-05-17,Promotion,DPT-007,Operations Asst,1,2156
HIS-03066,7020,2016-09-23,Promotion,DPT-005,IT Support,1,2321
HIS-03067,3048,2013-05-16,Merit Increase,DPT-002,Research Scientist,2,4059
HIS-03068,6149,2016-01-01,Merit Increase,DPT-005,Software Engineer,2,4194
HIS-03069,16485,2015-02-10,Department Transfer,DPT-003,Lab Technician,1,2670
HIS-03070,2402,2020-07-06,Promotion,DPT-001,Sales Manager,3,11281
HIS-03071,1344,2021-07-01,Merit Increase,DPT-005,IT Support,1,1903
HIS-03072,3639,2018-07-17,Promotion,DPT-002,Lab Technician,1,2276
HIS-03073,11728,2021-08-30,Promotion,DPT-005,Senior Engineer,2,8682
HIS-03074,18424,2022-08-17,Merit Increase,DPT-005,IT Manager,4,15653
HIS-03075,15916,2020-04-30,Department Transfer,DPT-005,HR Generalist,2,5578
HIS-03076,18064,2022-08-25,Department Transfer,DPT-002,Operations Analyst,2,4451
HIS-03077,8345,2018-11-15,Merit Increase,DPT-007,Operations Asst,1,2116
HIS-03078,20843,2019-01-18,Merit Increase,DPT-002,Research Scientist,2,3935
HIS-03079,5516,2017-09-16,Promotion,DPT-006,Marketing Manager,3,11148
HIS-03080,9800,2020-02-06,Merit Increase,DPT-007,Operations Asst,1,1978
HIS-03081,1615,2022-07-12,Merit Increase,DPT-002,Research Scientist,2,4125
HIS-03082,13458,2017-01-14,Merit Increase,DPT-001,Sales Representative,1,2457
HIS-03083,3055,2022-03-21,Merit Increase,DPT-005,IT Support,1,1942
HIS-03084,17927,2022-06-14,Promotion,DPT-001,Sales Representative,1,2029
HIS-03085,5920,2022-12-04,Merit Increase,DPT-005,IT Support,1,2784
HIS-03086,24615,2012-09-01,Department Transfer,DPT-003,Software Engineer,2,5649
HIS-03087,3815,2019-05-28,Merit Increase,DPT-002,Lab Technician,1,2317
HIS-03088,16944,2019-03-20,Department Transfer,DPT-005,CFO,5,20542
HIS-03089,23056,2021-04-25,Merit Increase,DPT-002,Lab Technician,1,2519
HIS-03090,10640,2021-09-11,Department Transfer,DPT-006,Lab Technician,1,2818
HIS-03091,18975,2022-06-07,Merit Increase,DPT-002,Lab Technician,1,3019
HIS-03092,103,2021-11-05,Promotion,DPT-002,Research Scientist,1,6971
HIS-03093,19975,2022-07-14,Merit Increase,DPT-006,Marketing Coord,1,2338
HIS-03094,43,2019-02-06,Merit Increase,DPT-001,Sales Executive,2,3690
HIS-03095,5889,2011-06-03,Promotion,DPT-006,Marketing Coord,1,2765
HIS-03096,14815,2021-02-12,Promotion,DPT-005,IT Support,1,2337
HIS-03097,15839,2022-04-06,Promotion,DPT-007,COO,4,16666
HIS-03098,6528,2021-05-09,Merit Increase,DPT-006,Senior Marketer,3,6601
HIS-03099,8982,2018-12-18,Merit Increase,DPT-005,IT Support,1,1874
HIS-03100,7989,2022-12-05,Merit Increase,DPT-006,Marketing Specialist,2,8197
HIS-03101,11010,2016-09-02,Merit Increase,DPT-002,R&D Director,5,17123
HIS-03102,16327,2022-09-22,Department Transfer,DPT-007,Sales Executive,2,6441
HIS-03103,4517,2016-09-30,Department Transfer,DPT-005,Senior Analyst,3,7562
HIS-03104,13674,2022-11-09,Promotion,DPT-002,Lab Technician,1,2221
HIS-03105,833,2015-05-30,Promotion,DPT-001,Senior Sales Exec,2,10382
HIS-03106,2614,2017-10-31,Department Transfer,DPT-002,Senior Engineer,3,7316
HIS-03107,23349,2022-10-28,Department Transfer,DPT-001,Senior Researcher,3,10547
HIS-03108,17432,2021-10-04,Promotion,DPT-007,Operations Asst,1,2532
HIS-03109,16200,2022-11-03,Merit Increase,DPT-006,Marketing Coord,1,3931
HIS-03110,22254,2020-12-25,Merit Increase,DPT-005,IT Support,1,2193
HIS-03111,24035,2018-07-04,Department Transfer,DPT-006,Senior Sales Exec,3,9657
HIS-03112,7378,2016-12-24,Promotion,DPT-003,HR Partner,2,8657
HIS-03113,15486,2016-01-14,Promotion,DPT-006,Marketing Manager,3,11877
HIS-03114,3485,2019-02-20,Merit Increase,DPT-005,Software Engineer,2,4344
HIS-03115,19627,2018-07-16,Promotion,DPT-001,Sales Executive,1,5345
HIS-03116,10274,2021-09-21,Promotion,DPT-001,Sales Executive,1,3126
HIS-03117,14677,2015-06-02,Merit Increase,DPT-001,Sales Executive,2,8890
HIS-03118,10733,2021-03-31,Promotion,DPT-006,Marketing Specialist,1,4947
HIS-03119,13226,2022-02-06,Promotion,DPT-002,Lab Technician,1,1965
HIS-03120,12791,2020-03-02,Merit Increase,DPT-002,Research Scientist,2,6010
HIS-03121,11274,2005-02-23,Promotion,DPT-001,Senior Sales Exec,2,8774
HIS-03122,20713,2014-04-05,Promotion,DPT-003,HR Manager,3,14389
HIS-03123,24989,2019-04-28,Promotion,DPT-006,Marketing Specialist,1,4721
HIS-03124,22211,2022-02-19,Promotion,DPT-004,Financial Analyst,1,5631
HIS-03125,14426,2020-07-30,Promotion,DPT-006,Marketing Coord,1,2583
HIS-03126,23326,2021-05-26,Promotion,DPT-001,Sales Representative,1,1704
HIS-03127,22123,2015-04-18,Department Transfer,DPT-002,Senior Analyst,3,7749
HIS-03128,2363,2021-05-29,Merit Increase,DPT-002,Lab Technician,1,2110
HIS-03129,11398,2015-06-30,Promotion,DPT-005,Software Engineer,1,8224
HIS-03130,14988,2022-07-31,Promotion,DPT-006,Marketing Coord,1,2407
HIS-03131,18411,2018-02-21,Department Transfer,DPT-002,Financial Analyst,2,5967
HIS-03132,10421,2020-07-03,Promotion,DPT-001,Sales Executive,1,4802
HIS-03133,22450,2022-07-25,Department Transfer,DPT-006,Software Engineer,2,9698
HIS-03134,20067,2021-05-24,Promotion,DPT-002,Research Scientist,1,4270
HIS-03135,5810,2019-04-20,Merit Increase,DPT-003,HR Generalist,2,6040
HIS-03136,7397,2022-08-14,Promotion,DPT-001,Sales Representative,1,1909
HIS-03137,9870,2019-09-17,Merit Increase,DPT-001,Sales Representative,1,2454
HIS-03138,19612,2022-10-16,Merit Increase,DPT-001,Sales Representative,1,1964
HIS-03139,4923,2022-06-20,Promotion,DPT-005,Software Engineer,1,8350
HIS-03140,24878,2019-09-04,Department Transfer,DPT-006,VP of Sales,5,18729
HIS-03141,5778,2020-05-21,Promotion,DPT-001,Sales Representative,1,2552
HIS-03142,9719,2015-02-05,Merit Increase,DPT-001,Sales Manager,4,16003
HIS-03143,19318,2016-09-27,Department Transfer,DPT-001,Operations Analyst,2,6563
HIS-03144,9915,2016-12-16,Merit Increase,DPT-004,Financial Clerk,1,2564
HIS-03145,16280,2021-07-25,Department Transfer,DPT-001,CIO,5,19579
HIS-03146,3992,2014-10-13,Promotion,DPT-002,R&D Director,4,17075
HIS-03147,5297,2020-03-06,Department Transfer,DPT-006,Financial Clerk,1,2554
HIS-03148,4017,2013-12-13,Merit Increase,DPT-007,Senior Analyst,3,7714
HIS-03149,19571,2021-09-22,Promotion,DPT-004,Financial Clerk,1,2119
HIS-03150,7475,2016-07-20,Department Transfer,DPT-004,Lab Technician,1,3006
HIS-03151,2207,2018-08-16,Merit Increase,DPT-002,Lab Technician,1,4025
HIS-03152,2629,2015-02-04,Promotion,DPT-004,Financial Analyst,1,4770
HIS-03153,4600,2010-08-18,Promotion,DPT-002,R&D Manager,3,14036
HIS-03154,17396,2020-01-09,Department Transfer,DPT-001,Operations Analyst,2,5944
HIS-03155,22080,2017-11-26,Department Transfer,DPT-003,Research Scientist,2,3640
HIS-03156,16353,2017-04-12,Merit Increase,DPT-001,Sales Executive,2,1943
HIS-03157,19793,2014-01-04,Promotion,DPT-004,Finance Manager,3,14493
HIS-03158,7829,2016-10-19,Promotion,DPT-005,CIO,4,16241
HIS-03159,767,2017-02-14,Merit Increase,DPT-006,Marketing Specialist,2,4480
HIS-03160,22172,2020-11-18,Promotion,DPT-004,Financial Clerk,1,2716
HIS-03161,24698,2022-07-06,Department Transfer,DPT-004,IT Support,1,2339
HIS-03162,11752,2008-12-28,Merit Increase,DPT-007,Operations Asst,1,2486
HIS-03163,22441,2010-09-05,Merit Increase,DPT-005,IT Manager,4,12463
HIS-03164,6675,2015-01-18,Promotion,DPT-001,Senior Sales Exec,2,8800
HIS-03165,17657,2021-08-23,Merit Increase,DPT-001,Sales Representative,1,2340
HIS-03166,23627,2001-11-03,Department Transfer,DPT-002,Senior Engineer,3,10292
HIS-03167,10415,2022-07-26,Merit Increase,DPT-007,Operations Asst,1,2344
HIS-03168,991,2020-09-23,Merit Increase,DPT-006,Marketing Coord,1,2664
HIS-03169,22460,2021-07-30,Promotion,DPT-007,Operations Analyst,1,4606
HIS-03170,10868,2018-01-28,Merit Increase,DPT-006,Senior Marketer,3,10209
HIS-03171,8919,2020-11-28,Promotion,DPT-003,HR Partner,2,9265
HIS-03172,12349,2020-02-09,Department Transfer,DPT-004,Sales Executive,2,5074
HIS-03173,16148,2022-04-17,Department Transfer,DPT-001,Software Engineer,2,4431
HIS-03174,23754,2021-09-06,Promotion,DPT-004,Financial Analyst,1,4082
HIS-03175,9848,2022-02-24,Merit Increase,DPT-002,Research Scientist,2,4433
HIS-03176,23,2021-09-26,Promotion,DPT-002,Lab Technician,1,4255
HIS-03177,8617,2018-02-19,Department Transfer,DPT-004,Operations Asst,1,3916
HIS-03178,21099,2022-12-16,Merit Increase,DPT-004,Financial Clerk,1,3823
HIS-03179,21345,2016-11-12,Promotion,DPT-002,Senior Researcher,2,7152
HIS-03180,8208,2022-05-23,Merit Increase,DPT-001,Sales Executive,2,4074
HIS-03181,8767,2022-06-11,Promotion,DPT-006,Marketing Specialist,1,4436
HIS-03182,11682,2010-01-22,Merit Increase,DPT-002,R&D Director,5,17741
HIS-03183,3822,2019-09-14,Department Transfer,DPT-001,Research Scientist,2,4780
HIS-03184,8447,2020-06-18,Department Transfer,DPT-006,Senior Engineer,3,6873
HIS-03185,7636,2005-12-28,Merit Increase,DPT-001,Senior Sales Exec,3,9554
HIS-03186,7659,2020-04-30,Promotion,DPT-004,Finance Manager,3,13520
HIS-03187,8093,2020-09-24,Merit Increase,DPT-005,IT Support,1,3254
HIS-03188,22396,2021-02-22,Merit Increase,DPT-003,HR Partner,3,9279
HIS-03189,21377,2019-06-01,Department Transfer,DPT-004,Lab Technician,1,4998
HIS-03190,4487,2022-03-01,Promotion,DPT-001,Sales Executive,1,8325
HIS-03191,18581,2021-08-15,Merit Increase,DPT-002,Research Scientist,2,6609
HIS-03192,5150,2010-09-29,Promotion,DPT-001,Sales Representative,1,1658
HIS-03193,763,2016-03-17,Promotion,DPT-002,Research Scientist,1,3819
HIS-03194,10238,2019-12-05,Department Transfer,DPT-006,Lab Technician,1,4177
HIS-03195,7721,2021-10-22,Merit Increase,DPT-005,Software Engineer,2,6060
HIS-03196,7287,2022-01-25,Merit Increase,DPT-004,Financial Clerk,1,1840
HIS-03197,21610,2015-02-07,Merit Increase,DPT-002,R&D Manager,4,16100
HIS-03198,1579,2016-04-19,Department Transfer,DPT-004,IT Support,1,4191
HIS-03199,19010,2020-04-13,Promotion,DPT-001,Sales Executive,1,1863
HIS-03200,22935,2015-06-26,Department Transfer,DPT-006,IT Support,1,3756
HIS-03201,21446,2022-10-01,Merit Increase,DPT-002,Senior Researcher,3,7076
HIS-03202,24348,2017-06-25,Department Transfer,DPT-002,Sales Representative,1,2663
HIS-03203,2249,2018-06-27,Department Transfer,DPT-007,IT Support,1,3551
HIS-03204,21205,2018-04-15,Promotion,DPT-002,Research Scientist,1,3833
HIS-03205,5724,2021-12-25,Promotion,DPT-001,Senior Sales Exec,2,6914
HIS-03206,11417,2013-05-16,Merit Increase,DPT-007,Operations Manager,4,12190
HIS-03207,18270,2019-10-07,Department Transfer,DPT-003,CIO,5,20075
HIS-03208,22887,2014-02-09,Promotion,DPT-005,IT Manager,3,13787
HIS-03209,3805,2019-05-28,Promotion,DPT-002,Senior Researcher,2,7909
HIS-03210,13981,2021-12-13,Merit Increase,DPT-001,Sales Representative,1,2403
HIS-03211,5758,2017-03-08,Promotion,DPT-003,HR Assistant,1,2011
