project_id,department_id,project_name,client_name,start_date,end_date,status
PRJ-0001,DPT-001,Synchronized logistical contingency,Powers and Sons,2019-04-20,,Active
PRJ-0002,DPT-002,Upgradable even-keeled model,"Lee, Parsons and Perez",2021-12-17,,Active
PRJ-0003,DPT-007,Polarized high-level instruction set,Alvarez-Bradshaw,2021-03-13,,Active
PRJ-0004,DPT-005,Networked needs-based Graphic Interface,Rivas LLC,2018-12-29,2021-06-27,Completed
PRJ-0005,DPT-005,Profit-focused executive collaboration,Banks-Hoffman,2022-04-29,2023-06-30,Completed
PRJ-0006,DPT-003,Upgradable 5thgeneration matrix,Howard-Oneill,2020-06-06,,On Hold
PRJ-0007,DPT-007,Optional grid-enabled moderator,Rhodes-Gonzales,2021-02-28,,On Hold
PRJ-0008,DPT-001,Object-based exuding hierarchy,Rowe PLC,2019-07-12,,Active
PRJ-0009,DPT-002,Grass-roots client-driven knowledge user,"Allen, Cruz and Maldonado",2022-10-05,2023-07-14,Completed
PRJ-0010,DPT-004,Cross-group impactful hardware,White PLC,2022-03-05,2022-08-13,Completed
PRJ-0011,DPT-006,Inverse bi-directional array,"Owens, Moreno and Allen",2018-07-31,,Active
PRJ-0012,DPT-005,Grass-roots executive open architecture,Ortega-Alexander,2021-10-14,,Active
PRJ-0013,DPT-007,Open-source zero-defect customer loyalty,"Griffin, Griffith and Finley",2018-02-26,,Active
PRJ-0014,DPT-006,Ergonomic asymmetric moderator,"Gonzales, Parsons and Key",2019-07-11,2023-10-03,Completed
PRJ-0015,DPT-006,Pre-emptive non-volatile instruction set,Golden Ltd,2022-08-03,,Active
PRJ-0016,DPT-001,Profit-focused multi-state secured line,Kim-Klein,2020-05-28,,Active
PRJ-0017,DPT-005,Upgradable context-sensitive access,Parks-Johnson,2020-10-04,,On Hold
PRJ-0018,DPT-004,Phased national frame,Thompson-Morrow,2021-06-13,2022-05-04,Completed
PRJ-0019,DPT-004,Fundamental zero administration installation,Davis-Griffith,2020-09-14,,Active
PRJ-0020,DPT-006,Visionary bifurcated hardware,Miller Inc,2020-06-29,2020-10-18,Completed
PRJ-0021,DPT-003,Synergistic discrete structure,"Martinez, Gilbert and May",2022-02-13,,On Hold
PRJ-0022,DPT-005,Secured actuating monitoring,"Rivas, Jordan and Hicks",2020-09-05,2021-02-19,Completed
PRJ-0023,DPT-007,Sharable eco-centric Internet solution,Morton-Logan,2018-11-15,2023-01-28,Completed
PRJ-0024,DPT-003,Advanced zero administration support,Knight-Mendez,2021-12-09,,Active
PRJ-0025,DPT-004,Automated bi-directional solution,Wood-Camacho,2019-07-26,,Active
PRJ-0026,DPT-002,Networked fault-tolerant archive,"Anderson, Cooley and Frye",2021-03-08,,Active
PRJ-0027,DPT-001,Managed coherent solution,"Mcconnell, Burke and Higgins",2022-10-10,,Active
PRJ-0028,DPT-003,Organized dedicated functionalities,Gray and Sons,2019-03-10,2019-03-27,Completed
PRJ-0029,DPT-001,Enterprise-wide cohesive website,Moran-Miller,2018-09-08,,Active
PRJ-0030,DPT-007,Profit-focused actuating approach,Miller LLC,2022-05-31,,Active
PRJ-0031,DPT-004,Business-focused 5thgeneration success,"King, Beltran and Edwards",2020-10-31,,Active
PRJ-0032,DPT-003,Multi-lateral local software,Wright-Parks,2019-11-04,,Active
PRJ-0033,DPT-004,Distributed next generation contingency,Stephenson Inc,2019-08-08,,Active
PRJ-0034,DPT-001,De-engineered stable strategy,Pierce Ltd,2020-01-19,2021-10-26,Completed
PRJ-0035,DPT-006,Networked optimal workforce,"Riddle, Hanson and Wright",2022-12-31,2023-07-18,Completed
PRJ-0036,DPT-007,Stand-alone 24/7 moderator,Price-Black,2022-03-25,,Active
PRJ-0037,DPT-006,Expanded client-driven orchestration,Stafford-Dixon,2020-11-06,,Active
PRJ-0038,DPT-007,Optimized client-server leverage,Lester and Sons,2021-12-19,,On Hold
PRJ-0039,DPT-006,Business-focused responsive circuit,Melendez-Long,2022-06-20,,Active
PRJ-0040,DPT-007,Grass-roots grid-enabled open system,"Madden, Barber and Guzman",2021-03-25,,On Hold
PRJ-0041,DPT-007,Open-architected 4thgeneration orchestration,Mcdonald-Gonzalez,2018-06-19,2022-01-03,Completed
PRJ-0042,DPT-001,Digitized interactive frame,Le-Rivera,2022-07-11,,On Hold
PRJ-0043,DPT-005,Re-contextualized optimizing neural-net,Thompson-Adams,2020-07-22,2022-03-18,Completed
PRJ-0044,DPT-006,Fully-configurable attitude-oriented circuit,"Moreno, Ramirez and Taylor",2018-05-14,,On Hold
PRJ-0045,DPT-005,Reduced context-sensitive knowledgebase,Willis-Jennings,2018-05-18,2023-05-21,Completed
PRJ-0046,DPT-001,Programmable background software,Thomas Inc,2019-07-19,,On Hold
PRJ-0047,DPT-002,Versatile asynchronous Graphical User Interface,"Davis, Taylor and Cohen",2021-01-04,,Active
PRJ-0048,DPT-005,Configurable demand-driven info-mediaries,"Ramirez, Nguyen and Larsen",2021-04-19,,Active
PRJ-0049,DPT-002,Synchronized full-range concept,Freeman Inc,2022-07-28,2023-07-14,Completed
PRJ-0050,DPT-001,Proactive methodical hub,Mendez Inc,2019-10-01,,On Hold
PRJ-0051,DPT-003,Enhanced cohesive success,Johnson-Allen,2021-12-13,,On Hold
PRJ-0052,DPT-005,Profound value-added forecast,Martin Group,2020-03-08,,Active
PRJ-0053,DPT-007,Public-key fault-tolerant interface,Barajas-Robinson,2018-07-12,,Active
PRJ-0054,DPT-002,Expanded client-driven data-warehouse,Gardner Ltd,2021-01-04,,On Hold
PRJ-0055,DPT-007,Function-based dynamic knowledge user,"Hamilton, Preston and Young",2021-01-09,2023-05-10,Completed
PRJ-0056,DPT-001,Mandatory national conglomeration,Oliver Ltd,2020-05-12,,Active
PRJ-0057,DPT-003,Virtual global portal,"Barnes, Hernandez and Nelson",2018-10-17,2019-12-14,Completed
PRJ-0058,DPT-007,Synergized static artificial intelligence,Kelly LLC,2022-04-07,2023-05-01,Completed
PRJ-0059,DPT-006,Seamless multi-state customer loyalty,"Jensen, Norris and Smith",2022-08-16,2022-11-16,Completed
PRJ-0060,DPT-004,Future-proofed bifurcated capacity,Mcdonald-Alvarado,2021-10-31,,Active
PRJ-0061,DPT-001,Centralized logistical methodology,"Warner, Cross and Cortez",2019-08-03,2022-02-20,Completed
PRJ-0062,DPT-006,Function-based transitional Graphical User Interface,Fitzgerald-Herring,2020-10-09,,Active
PRJ-0063,DPT-004,Streamlined real-time intranet,Garcia Inc,2021-03-07,,Active
PRJ-0064,DPT-005,Versatile system-worthy instruction set,"Bass, Clark and Nunez",2019-02-10,,Active
PRJ-0065,DPT-001,Innovative cohesive info-mediaries,Stewart-Hardy,2021-08-26,,Active
PRJ-0066,DPT-002,Focused object-oriented focus group,Rice-Watson,2019-10-27,,Active
PRJ-0067,DPT-002,Triple-buffered bandwidth-monitored workforce,Mcbride Inc,2019-08-21,,Active
PRJ-0068,DPT-007,Monitored next generation service-desk,Gordon-Alvarez,2021-03-20,2022-01-09,Completed
PRJ-0069,DPT-002,Synergized contextually-based solution,Bell-Roberson,2022-03-06,,On Hold
PRJ-0070,DPT-007,Sharable asynchronous portal,Price and Sons,2018-12-10,,On Hold
PRJ-0071,DPT-006,User-friendly 24hour conglomeration,Pierce Group,2019-05-20,,Active
PRJ-0072,DPT-003,Programmable neutral algorithm,Wright-Daugherty,2020-08-13,,Active
PRJ-0073,DPT-004,Re-contextualized modular analyzer,Wong-Holloway,2022-12-04,,Active
PRJ-0074,DPT-005,Triple-buffered regional ability,"Gross, Mccoy and Hart",2021-06-11,2022-07-30,Completed
PRJ-0075,DPT-006,Face-to-face value-added protocol,"Allen, Gutierrez and Lopez",2020-11-01,,Active
PRJ-0076,DPT-003,Assimilated context-sensitive archive,Atkins PLC,2022-01-05,,Active
PRJ-0077,DPT-007,Adaptive systemic analyzer,Williams and Sons,2019-07-10,,Active
PRJ-0078,DPT-005,De-engineered analyzing help-desk,Anderson and Sons,2018-05-13,,Active
PRJ-0079,DPT-006,Quality-focused optimizing encoding,"Higgins, Reyes and Miranda",2022-07-02,,Active
PRJ-0080,DPT-005,Re-engineered multi-tasking algorithm,Coleman-Jones,2021-10-20,,Active
PRJ-0081,DPT-004,Customizable 24/7 array,Harrison-Herrera,2020-03-29,2023-09-06,Completed
PRJ-0082,DPT-007,Persistent heuristic open system,"Le, Mack and Conway",2019-08-18,2020-01-01,Completed
PRJ-0083,DPT-001,Object-based intangible Graphic Interface,Fitzgerald PLC,2022-07-08,,Active
PRJ-0084,DPT-001,Self-enabling upward-trending middleware,Murray-Jordan,2018-05-01,2019-11-19,Completed
PRJ-0085,DPT-006,Persistent dedicated capability,Smith-Calderon,2020-12-18,,Active
PRJ-0086,DPT-007,Business-focused coherent solution,Yoder-Peterson,2021-05-08,,Active
PRJ-0087,DPT-005,Exclusive clear-thinking support,Mueller-Bean,2020-12-21,,Active
PRJ-0088,DPT-002,Distributed even-keeled array,"Waller, Simmons and Cervantes",2020-09-02,,Active
PRJ-0089,DPT-004,Optional exuding implementation,"Perry, Owens and Mejia",2020-03-01,2021-11-30,Completed
PRJ-0090,DPT-007,Seamless bottom-line focus group,Klein LLC,2018-01-26,,Active
PRJ-0091,DPT-006,Ameliorated 24hour access,"Rodriguez, Wolf and Richmond",2020-03-28,2021-01-19,Completed
PRJ-0092,DPT-001,Organized multimedia flexibility,Dennis-Smith,2022-01-14,,Active
PRJ-0093,DPT-001,Front-line motivating workforce,Lee and Sons,2019-04-03,,Active
PRJ-0094,DPT-001,Inverse uniform protocol,"Daniels, Walker and Castillo",2019-05-26,,Active
PRJ-0095,DPT-005,Stand-alone upward-trending circuit,Le LLC,2020-10-20,,Active
PRJ-0096,DPT-001,Balanced bifurcated Graphical User Interface,Wilson-Snyder,2021-02-20,,Active
PRJ-0097,DPT-006,Persistent national instruction set,Miller-Hale,2018-06-06,,On Hold
PRJ-0098,DPT-007,Automated 3rdgeneration hardware,"Miller, Benitez and Moreno",2021-03-30,,Active
PRJ-0099,DPT-002,Diverse secondary superstructure,Porter-Goodwin,2019-10-31,,On Hold
PRJ-0100,DPT-003,Self-enabling demand-driven framework,"Ortega, Miller and Brown",2021-05-11,,Active
PRJ-0101,DPT-007,Reverse-engineered secondary service-desk,Stuart-Woodard,2018-09-25,,Active
PRJ-0102,DPT-003,Intuitive tangible hardware,"Bell, Fox and Wong",2022-04-13,,Active
PRJ-0103,DPT-007,Polarized holistic methodology,Murray-Garcia,2019-10-21,,On Hold
PRJ-0104,DPT-006,Customizable multimedia task-force,Moss PLC,2019-02-26,2020-10-16,Completed
PRJ-0105,DPT-002,Pre-emptive actuating secured line,"Medina, Hill and Price",2020-09-20,,Active
PRJ-0106,DPT-007,Ameliorated bi-directional secured line,Welch Inc,2020-01-30,2022-03-26,Completed
PRJ-0107,DPT-004,Multi-lateral transitional service-desk,Farrell-Dunn,2020-08-17,,Active
PRJ-0108,DPT-001,Enhanced reciprocal definition,Tapia Ltd,2020-05-19,,Active
PRJ-0109,DPT-002,Inverse logistical analyzer,Harrison Group,2020-02-15,,Active
PRJ-0110,DPT-002,Focused mobile protocol,Jones Group,2021-01-27,2021-11-22,Completed
PRJ-0111,DPT-002,Open-architected 6thgeneration hardware,Tyler-Mckenzie,2022-02-20,2022-04-25,Completed
PRJ-0112,DPT-004,Enterprise-wide methodical orchestration,Miller Inc,2022-07-18,,Active
PRJ-0113,DPT-003,Distributed human-resource concept,"Wong, Mcdonald and Barnes",2018-01-01,,Active
PRJ-0114,DPT-004,Optional system-worthy adapter,Wilson-Hamilton,2021-04-21,2021-05-07,Completed
PRJ-0115,DPT-003,Seamless high-level info-mediaries,Shields-Garcia,2022-09-24,,Active
PRJ-0116,DPT-007,Enterprise-wide neutral orchestration,Boyer Ltd,2018-02-24,2022-03-28,Completed
PRJ-0117,DPT-006,Intuitive motivating Internet solution,Robinson-Hart,2020-01-08,2020-02-11,Completed
PRJ-0118,DPT-005,Reduced modular Graphic Interface,Hinton Ltd,2021-03-18,,Active
PRJ-0119,DPT-003,Exclusive bifurcated firmware,"Hancock, Blackburn and Mason",2021-06-21,,Active
PRJ-0120,DPT-005,Reduced bandwidth-monitored model,"Powell, Hopkins and Flores",2021-05-11,,Active
PRJ-0121,DPT-005,Quality-focused intermediate data-warehouse,Valenzuela-Keller,2021-04-01,,Active
PRJ-0122,DPT-007,Grass-roots static software,Thompson Group,2022-10-31,,Active
PRJ-0123,DPT-001,Virtual object-oriented secured line,Morgan LLC,2022-07-01,,Active
PRJ-0124,DPT-005,Vision-oriented disintermediate application,Gonzalez LLC,2022-07-20,2022-09-03,Completed
PRJ-0125,DPT-001,Switchable tangible strategy,"Waters, Richardson and Sims",2020-02-03,,Active
PRJ-0126,DPT-004,Function-based value-added frame,"Davis, Gates and Williams",2022-05-28,,Active
PRJ-0127,DPT-006,Monitored discrete frame,"Melendez, Allen and Miller",2019-08-03,,Active
PRJ-0128,DPT-001,Organic uniform complexity,Singleton-Patrick,2021-10-06,,Active
PRJ-0129,DPT-007,Profit-focused zero tolerance database,Williams-Aguilar,2019-08-07,,Active
PRJ-0130,DPT-006,Devolved motivating artificial intelligence,"Davis, Bates and Miller",2022-03-06,,Active
PRJ-0131,DPT-004,Organized static attitude,Smith LLC,2018-05-16,,On Hold
PRJ-0132,DPT-002,Enhanced actuating matrix,Kim Group,2020-08-23,2022-01-01,Completed
PRJ-0133,DPT-004,Persevering web-enabled firmware,Wells PLC,2018-07-26,,Active
PRJ-0134,DPT-003,Profit-focused encompassing productivity,"Smith, Sparks and Johnson",2018-02-17,,Active
PRJ-0135,DPT-003,Cross-group discrete encoding,Bass Ltd,2019-06-08,,Active
PRJ-0136,DPT-005,Up-sized bottom-line focus group,"Chapman, Scott and Smith",2018-10-18,2020-11-24,Completed
PRJ-0137,DPT-003,Visionary secondary orchestration,Rodriguez Ltd,2022-10-02,,Active
PRJ-0138,DPT-007,Up-sized asynchronous paradigm,Owens Group,2019-04-03,,Active
PRJ-0139,DPT-004,Future-proofed executive encryption,"West, Fisher and Roberts",2021-03-18,2021-07-13,Completed
PRJ-0140,DPT-002,Programmable upward-trending support,Simmons-Berry,2018-11-03,2022-01-05,Completed
PRJ-0141,DPT-007,Team-oriented scalable moratorium,"Poole, Clark and Sanders",2020-10-16,,On Hold
PRJ-0142,DPT-001,Secured well-modulated intranet,Freeman-Williams,2018-11-20,2021-05-13,Completed
PRJ-0143,DPT-005,Profound maximized support,"Wilson, Lopez and Nunez",2018-02-16,2022-06-22,Completed
PRJ-0144,DPT-001,Face-to-face directional model,Cameron Group,2020-12-15,,Active
PRJ-0145,DPT-003,Optimized bottom-line open system,Nichols-Pratt,2022-12-10,,Active
PRJ-0146,DPT-003,Multi-tiered needs-based archive,Bennett Group,2022-12-08,2023-01-22,Completed
PRJ-0147,DPT-005,Networked upward-trending orchestration,"Brennan, Chandler and Spence",2021-11-08,,Active
PRJ-0148,DPT-001,Synergistic 4thgeneration service-desk,"Cain, Coleman and Glover",2021-01-08,,Active
PRJ-0149,DPT-003,Persevering explicit monitoring,"Coleman, Larsen and Cole",2020-09-20,2023-04-10,Completed
PRJ-0150,DPT-004,Persistent mobile Internet solution,Lewis-Ortega,2022-04-25,,Active
PRJ-0151,DPT-004,Ameliorated 6thgeneration Local Area Network,Johnson-Briggs,2022-06-18,,On Hold
PRJ-0152,DPT-006,Devolved content-based projection,"Wright, Wells and Massey",2019-11-27,,Active
PRJ-0153,DPT-006,Re-contextualized disintermediate focus group,Barton-Vazquez,2019-06-30,,Active
PRJ-0154,DPT-001,Optional modular open architecture,"Sullivan, Morgan and Williams",2020-02-03,,Active
PRJ-0155,DPT-003,Stand-alone needs-based hub,Larsen-Smith,2021-01-21,2021-09-19,Completed
PRJ-0156,DPT-006,Configurable logistical database,Jones and Sons,2018-01-10,2023-06-15,Completed
PRJ-0157,DPT-002,Managed multimedia website,Becker-Silva,2022-04-28,2023-06-10,Completed
PRJ-0158,DPT-002,Advanced composite structure,"Dunlap, Chapman and Montoya",2020-11-02,,Active
PRJ-0159,DPT-005,Vision-oriented web-enabled methodology,Montgomery-Robinson,2022-05-10,,Active
PRJ-0160,DPT-002,Programmable national data-warehouse,Olsen-Johnson,2022-12-14,,On Hold
PRJ-0161,DPT-005,Up-sized asymmetric solution,"Burke, Barber and Butler",2019-08-09,,Active
PRJ-0162,DPT-003,Synergized stable projection,Reed LLC,2019-11-30,,Active
PRJ-0163,DPT-006,Visionary fault-tolerant frame,"Miller, Serrano and Collins",2021-11-11,,Active
PRJ-0164,DPT-003,Adaptive scalable moratorium,Weaver-Sanders,2019-01-21,,Active
PRJ-0165,DPT-005,Customizable tertiary intranet,Carter PLC,2020-09-09,2023-03-07,Completed
PRJ-0166,DPT-002,Multi-tiered disintermediate extranet,Henderson Ltd,2018-05-27,,Active
PRJ-0167,DPT-006,Seamless eco-centric benchmark,Mahoney-Welch,2021-05-02,2023-04-09,Completed
PRJ-0168,DPT-002,Enhanced encompassing access,"Lawson, Martin and Ortega",2018-06-26,,Active
PRJ-0169,DPT-004,Configurable transitional encryption,Boone LLC,2021-05-21,,Active
PRJ-0170,DPT-001,Optimized local approach,Rhodes PLC,2018-08-27,,Active
PRJ-0171,DPT-001,Profound maximized capability,Rodriguez-Adams,2020-11-02,,Active
PRJ-0172,DPT-004,Universal reciprocal orchestration,"Moore, Zamora and Alvarez",2018-09-01,,Active
PRJ-0173,DPT-002,Programmable real-time neural-net,"Madden, Hernandez and Miller",2018-11-22,,Active
PRJ-0174,DPT-003,Realigned optimal project,Johnson-Johnson,2020-08-28,,Active
PRJ-0175,DPT-003,Networked bi-directional productivity,Wells LLC,2018-10-07,,Active
PRJ-0176,DPT-005,Polarized tertiary extranet,Ramirez LLC,2021-02-05,,Active
PRJ-0177,DPT-003,Innovative fresh-thinking artificial intelligence,Mullen and Sons,2020-11-23,,Active
PRJ-0178,DPT-002,Multi-lateral optimizing archive,Leon-Fischer,2018-09-28,,Active
PRJ-0179,DPT-005,Monitored solution-oriented installation,Lee-Vaughn,2021-04-01,,Active
PRJ-0180,DPT-003,Exclusive discrete migration,Espinoza-Hicks,2020-10-30,,Active
PRJ-0181,DPT-005,Ameliorated actuating knowledge user,Green-Nguyen,2020-09-12,,Active
PRJ-0182,DPT-004,Streamlined 24hour architecture,"Miller, Diaz and Sanders",2021-12-03,,Active
PRJ-0183,DPT-007,Ameliorated hybrid projection,Austin-Richard,2022-01-30,2023-02-11,Completed
PRJ-0184,DPT-004,Profit-focused responsive attitude,Baker LLC,2020-11-29,2021-07-19,Completed
PRJ-0185,DPT-004,Grass-roots even-keeled neural-net,Hill-Silva,2020-09-09,2021-08-10,Completed
PRJ-0186,DPT-007,Monitored 4thgeneration orchestration,Barnett and Sons,2020-12-27,,On Hold
PRJ-0187,DPT-006,User-centric web-enabled archive,"Ramirez, Meza and Gray",2019-10-11,,Active
PRJ-0188,DPT-004,Right-sized coherent policy,"Scott, Dennis and Cox",2019-09-28,,Active
PRJ-0189,DPT-002,Digitized logistical artificial intelligence,Johnson PLC,2022-12-16,,Active
PRJ-0190,DPT-006,Customer-focused context-sensitive interface,Krause-Young,2022-05-24,2022-12-16,Completed
PRJ-0191,DPT-003,Versatile methodical structure,Quinn PLC,2018-11-01,,Active
PRJ-0192,DPT-002,Re-engineered cohesive project,Cox PLC,2018-10-23,2022-01-25,Completed
PRJ-0193,DPT-003,Extended disintermediate open system,"Navarro, Hernandez and Sanchez",2021-04-29,2021-11-12,Completed
PRJ-0194,DPT-004,Intuitive optimal definition,Pitts Group,2021-01-27,,Active
PRJ-0195,DPT-007,Pre-emptive value-added toolset,Rodriguez Ltd,2019-06-09,,Active
PRJ-0196,DPT-005,Triple-buffered explicit orchestration,"Rodriguez, Dixon and Manning",2019-10-21,,Active
PRJ-0197,DPT-003,Adaptive 4thgeneration interface,Pitts PLC,2018-12-17,,Active
PRJ-0198,DPT-003,Profound didactic projection,"Jackson, Cox and Perry",2022-11-08,,Active
PRJ-0199,DPT-002,Cross-group modular knowledge user,Martinez-Espinoza,2021-09-18,,Active
PRJ-0200,DPT-002,Advanced mobile process improvement,Davis and Sons,2019-04-09,,Active
PRJ-0201,DPT-005,Front-line discrete strategy,Cunningham-Wright,2019-10-14,,Active
PRJ-0202,DPT-005,Multi-lateral demand-driven artificial intelligence,Wright-Reynolds,2022-08-16,2023-08-08,Completed
PRJ-0203,DPT-005,Up-sized client-driven structure,Jarvis-Wolfe,2018-03-10,,Active
PRJ-0204,DPT-002,Visionary encompassing structure,"Johnson, King and Adams",2021-10-18,,Active
PRJ-0205,DPT-002,Synchronized modular array,Pierce-Schmidt,2022-07-31,,Active
PRJ-0206,DPT-002,Enhanced asynchronous monitoring,"Anderson, Mitchell and Kelley",2018-10-28,,Active
PRJ-0207,DPT-004,Open-architected content-based implementation,Harper Inc,2019-10-21,,Active
PRJ-0208,DPT-001,Programmable intermediate project,Schneider-Horton,2021-09-26,,On Hold
PRJ-0209,DPT-004,Focused client-server structure,Robinson and Sons,2019-03-06,,Active
PRJ-0210,DPT-001,Function-based cohesive Internet solution,Chavez PLC,2019-10-30,,Active
PRJ-0211,DPT-004,Object-based multimedia synergy,Moore LLC,2018-11-20,,Active
PRJ-0212,DPT-007,Implemented global challenge,"Strickland, Pugh and Weaver",2022-01-21,,Active
PRJ-0213,DPT-006,Monitored reciprocal ability,Scott-Campbell,2018-10-08,,Active
PRJ-0214,DPT-004,Organic interactive function,Nelson Inc,2018-01-11,,Active
PRJ-0215,DPT-005,Monitored logistical parallelism,Contreras-Johnson,2020-09-26,2021-07-06,Completed
PRJ-0216,DPT-006,Versatile grid-enabled data-warehouse,Riley Ltd,2019-02-03,,Active
PRJ-0217,DPT-001,Future-proofed exuding flexibility,"Medina, Hall and Acosta",2019-01-04,,Active
PRJ-0218,DPT-005,Re-engineered optimizing hub,Ellison-Molina,2021-10-28,,Active
PRJ-0219,DPT-002,Polarized foreground workforce,Snyder-Love,2019-01-11,2021-10-08,Completed
PRJ-0220,DPT-001,Synchronized local algorithm,Henderson-Reed,2018-01-02,,Active
PRJ-0221,DPT-003,Customer-focused tertiary interface,Lopez LLC,2019-08-30,,Active
PRJ-0222,DPT-006,Switchable local intranet,Green LLC,2022-08-30,2023-09-03,Completed
PRJ-0223,DPT-002,Down-sized executive model,Silva-Anderson,2018-12-30,,Active
PRJ-0224,DPT-006,Monitored context-sensitive model,"Spence, Young and Morris",2021-08-13,2023-12-14,Completed
PRJ-0225,DPT-002,Devolved upward-trending application,"Wyatt, Hicks and Smith",2022-01-12,,Active
PRJ-0226,DPT-006,Stand-alone motivating ability,"Mason, Hurst and Jackson",2018-04-22,,Active
PRJ-0227,DPT-002,Reduced clear-thinking help-desk,Sims Inc,2020-04-30,,Active
PRJ-0228,DPT-004,Visionary client-server customer loyalty,"Reed, Green and Cunningham",2019-10-20,,Active
PRJ-0229,DPT-001,Business-focused upward-trending complexity,Grimes-Carpenter,2022-12-31,2023-11-24,Completed
PRJ-0230,DPT-005,Reduced 24/7 concept,Miller-Smith,2019-06-06,,Active
PRJ-0231,DPT-002,Down-sized mission-critical policy,"Middleton, Taylor and Ward",2021-12-11,2023-02-28,Completed
PRJ-0232,DPT-002,Re-engineered multimedia moderator,Cook PLC,2020-02-18,,Active
PRJ-0233,DPT-007,Extended composite Internet solution,Hall and Sons,2020-07-19,2020-10-03,Completed
PRJ-0234,DPT-004,Reactive 24hour projection,Wells-Johnson,2019-12-25,2022-01-10,Completed
PRJ-0235,DPT-004,Visionary national benchmark,Rodriguez-Reed,2021-03-25,2023-07-15,Completed
PRJ-0236,DPT-007,Inverse client-server frame,Smith-Hicks,2022-10-13,2023-07-26,Completed
PRJ-0237,DPT-003,Re-engineered cohesive service-desk,Weaver Inc,2021-01-17,2021-05-27,Completed
PRJ-0238,DPT-003,Vision-oriented contextually-based challenge,"Dalton, Butler and Reyes",2018-05-22,,Active
PRJ-0239,DPT-004,Ameliorated object-oriented paradigm,"Higgins, Levy and Roberts",2020-05-21,,Active
PRJ-0240,DPT-003,Customizable bi-directional time-frame,Rodriguez-Riddle,2018-07-14,,Active
PRJ-0241,DPT-004,Front-line impactful frame,"Le, Wright and Martinez",2020-12-04,,Active
PRJ-0242,DPT-005,Seamless systematic website,"Waters, Fischer and Thomas",2022-11-24,,Active
PRJ-0243,DPT-005,Optimized motivating focus group,"Norris, Adams and Perez",2019-02-25,,Active
PRJ-0244,DPT-006,Re-contextualized systemic solution,Weaver-Guerrero,2022-03-04,,Active
PRJ-0245,DPT-005,Compatible full-range function,"Dalton, Pacheco and Dennis",2022-10-28,,Active
PRJ-0246,DPT-005,Team-oriented well-modulated Graphical User Interface,"Oliver, Clay and Blake",2020-10-03,,Active
PRJ-0247,DPT-003,Pre-emptive attitude-oriented toolset,"Turner, Powers and Pena",2018-06-10,,Active
PRJ-0248,DPT-003,Balanced maximized array,"Burnett, Harmon and Bush",2018-05-27,,Active
PRJ-0249,DPT-002,Focused high-level core,Morales and Sons,2020-12-21,,Active
PRJ-0250,DPT-007,Secured coherent budgetary management,"Mahoney, White and Baker",2020-11-17,,Active
PRJ-0251,DPT-006,Versatile responsive array,Flores-Rivers,2022-08-15,2023-12-29,Completed
PRJ-0252,DPT-006,Optional intangible encryption,Lucero Ltd,2020-04-25,,Active
PRJ-0253,DPT-001,Synchronized directional moratorium,Brown-Rodriguez,2020-12-01,,Active
PRJ-0254,DPT-007,Innovative client-server budgetary management,Anthony Ltd,2022-06-10,,Active
PRJ-0255,DPT-005,Virtual motivating process improvement,Carr-Harper,2018-12-23,2020-03-26,Completed
PRJ-0256,DPT-003,Up-sized tertiary info-mediaries,Powers-Rogers,2022-01-18,,On Hold
PRJ-0257,DPT-002,Expanded discrete infrastructure,"Price, Torres and Wilson",2019-11-24,,Active
PRJ-0258,DPT-001,Cross-group didactic toolset,Valenzuela-Johnson,2018-01-02,,Active
PRJ-0259,DPT-006,Total background open system,"Brown, Wilson and Rodriguez",2021-06-27,,Active
PRJ-0260,DPT-001,Fully-configurable next generation concept,Hill LLC,2020-01-01,,Active
PRJ-0261,DPT-007,Diverse human-resource hardware,Sanford-Carroll,2020-09-03,,Active
PRJ-0262,DPT-002,Configurable static migration,"Garrett, Mason and May",2022-02-22,,Active
PRJ-0263,DPT-005,Profit-focused solution-oriented protocol,Trevino-Brown,2021-10-30,,Active
PRJ-0264,DPT-007,Right-sized bifurcated hardware,Brennan-Morales,2022-09-30,,Active
PRJ-0265,DPT-002,Balanced secondary data-warehouse,Richardson-Reeves,2022-07-17,,Active
PRJ-0266,DPT-006,Right-sized demand-driven algorithm,Jensen-Williams,2018-05-26,2023-07-28,Completed
PRJ-0267,DPT-004,Cloned 5thgeneration ability,Willis-Morales,2022-08-08,,Active
PRJ-0268,DPT-004,Cross-group real-time monitoring,"Robinson, Michael and Braun",2019-08-16,,Active
PRJ-0269,DPT-002,Configurable hybrid leverage,"Chung, Jackson and Lloyd",2020-06-13,,Active
PRJ-0270,DPT-007,Ameliorated well-modulated standardization,Zimmerman Group,2020-12-14,2020-12-18,Completed
PRJ-0271,DPT-003,Mandatory non-volatile orchestration,"Johnson, Potts and Ramirez",2022-05-22,2022-08-19,Completed
PRJ-0272,DPT-004,Centralized homogeneous knowledge user,Brown Inc,2021-10-04,,Active
PRJ-0273,DPT-005,Secured homogeneous hub,Smith LLC,2019-05-19,2019-08-06,Completed
PRJ-0274,DPT-003,Quality-focused homogeneous groupware,Ramsey LLC,2022-12-05,,Active
PRJ-0275,DPT-002,Future-proofed heuristic solution,Marquez-Gonzalez,2019-08-08,,Active
PRJ-0276,DPT-007,Configurable multi-tasking hierarchy,"Hamilton, Quinn and Cook",2022-10-21,2023-04-29,Completed
PRJ-0277,DPT-003,Function-based maximized migration,Mcguire Group,2022-05-26,,Active
PRJ-0278,DPT-001,Reactive multimedia superstructure,Smith Ltd,2022-09-30,2023-07-18,Completed
PRJ-0279,DPT-001,Triple-buffered responsive secured line,Thompson Inc,2021-12-13,,Active
PRJ-0280,DPT-002,Balanced responsive data-warehouse,Henry PLC,2019-01-10,2022-12-22,Completed
PRJ-0281,DPT-002,User-centric interactive capacity,Hanna and Sons,2020-10-13,,Active
PRJ-0282,DPT-001,Managed multi-tasking moratorium,Miller Ltd,2018-12-28,,On Hold
PRJ-0283,DPT-005,Down-sized user-facing intranet,Barnes-Andrade,2018-10-24,2023-06-14,Completed
PRJ-0284,DPT-003,Assimilated local middleware,Collins-Baker,2021-12-25,,On Hold
PRJ-0285,DPT-004,Optional zero tolerance standardization,Brown Ltd,2019-03-08,2022-02-12,Completed
PRJ-0286,DPT-006,Robust leadingedge installation,Crawford-White,2020-03-08,,Active
PRJ-0287,DPT-002,Innovative grid-enabled moratorium,Salinas-Alexander,2021-01-01,,Active
PRJ-0288,DPT-007,Cross-group radical infrastructure,King PLC,2018-02-25,2018-09-20,Completed
PRJ-0289,DPT-001,Switchable tertiary firmware,Schwartz PLC,2018-03-08,2021-01-10,Completed
PRJ-0290,DPT-005,Innovative secondary framework,Chase-Henderson,2021-03-08,,Active
PRJ-0291,DPT-007,Digitized bifurcated instruction set,Sanchez-Berger,2021-11-20,,Active
PRJ-0292,DPT-003,Vision-oriented user-facing data-warehouse,"Cherry, Leon and Chambers",2021-11-22,2023-10-22,Completed
PRJ-0293,DPT-001,Open-architected human-resource synergy,Tucker-Miles,2020-03-08,,Active
PRJ-0294,DPT-005,Stand-alone exuding contingency,Coffey and Sons,2018-11-19,,Active
PRJ-0295,DPT-005,Visionary fresh-thinking matrices,"Wheeler, Smith and Morse",2020-12-14,2023-04-28,Completed
PRJ-0296,DPT-004,Cloned bi-directional capacity,Wood-Brown,2022-01-08,,Active
PRJ-0297,DPT-002,Organic neutral emulation,Walker-Williams,2021-08-02,2023-10-05,Completed
PRJ-0298,DPT-007,Business-focused bi-directional open system,Braun Group,2019-01-08,,Active
PRJ-0299,DPT-007,Virtual zero-defect instruction set,Jackson-Gates,2019-12-13,2021-06-21,Completed
PRJ-0300,DPT-002,Enterprise-wide intangible ability,Murray Ltd,2021-10-22,,Active
PRJ-0301,DPT-005,Enhanced intangible Graphical User Interface,Wagner-Massey,2019-09-26,,Active
PRJ-0302,DPT-002,De-engineered intermediate attitude,Rogers LLC,2019-03-01,,Active
PRJ-0303,DPT-005,Organized 24hour artificial intelligence,"Archer, Arellano and Pierce",2019-10-27,2020-09-05,Completed
PRJ-0304,DPT-001,Stand-alone zero-defect capacity,"Burton, Brown and Martin",2019-11-24,,Active
PRJ-0305,DPT-003,Balanced even-keeled success,Ruiz-Parker,2021-11-08,2022-04-02,Completed
PRJ-0306,DPT-007,Quality-focused zero administration structure,Robinson-Wilson,2018-08-29,,Active
PRJ-0307,DPT-006,Mandatory impactful frame,"Hunter, Morris and Perry",2022-09-23,2023-09-15,Completed
PRJ-0308,DPT-002,Mandatory content-based software,Frank LLC,2022-08-14,2023-02-13,Completed
PRJ-0309,DPT-001,Front-line homogeneous forecast,"Hernandez, Cooper and Hoover",2022-12-29,,Active
PRJ-0310,DPT-001,Operative eco-centric hierarchy,"Owens, Brown and Cruz",2019-10-13,2022-11-02,Completed
PRJ-0311,DPT-006,Business-focused demand-driven capacity,Davis PLC,2022-05-15,2022-06-19,Completed
PRJ-0312,DPT-001,Persistent 24hour attitude,"Moore, Holder and Decker",2020-11-04,,Active
PRJ-0313,DPT-002,Mandatory mobile firmware,"Miller, Anderson and Trujillo",2021-02-16,,Active
PRJ-0314,DPT-002,Cross-platform context-sensitive benchmark,"Payne, Estes and Schwartz",2020-06-21,,On Hold
PRJ-0315,DPT-005,Advanced solution-oriented archive,Andrews-Jones,2020-08-02,2021-09-19,Completed
PRJ-0316,DPT-002,Total tertiary Graphical User Interface,"Diaz, Wells and Kim",2021-04-21,2023-10-11,Completed
PRJ-0317,DPT-004,Versatile transitional implementation,Cooper Group,2021-11-03,2022-04-12,Completed
PRJ-0318,DPT-003,Customer-focused mobile capability,"Taylor, Perez and Hester",2022-01-29,2023-07-20,Completed
PRJ-0319,DPT-002,Future-proofed bottom-line product,Peterson-Cooper,2019-06-21,,Active
PRJ-0320,DPT-007,Expanded 24hour application,Lopez and Sons,2019-02-05,,Active
PRJ-0321,DPT-002,Focused local array,Esparza-Collins,2019-11-06,,Active
PRJ-0322,DPT-005,Switchable upward-trending core,"Lloyd, Blanchard and Kelly",2018-09-20,2023-10-26,Completed
PRJ-0323,DPT-001,Secured regional knowledge user,"Manning, Hardin and Jones",2020-09-11,,Active
PRJ-0324,DPT-004,Devolved reciprocal complexity,Walton-Smith,2022-12-03,,Active
PRJ-0325,DPT-004,Extended uniform approach,Cain-Patterson,2020-03-08,,Active
PRJ-0326,DPT-007,De-engineered actuating productivity,"Hale, Wilson and Mejia",2022-03-30,,Active
PRJ-0327,DPT-004,Virtual system-worthy encryption,Williams Inc,2018-12-23,2019-03-28,Completed
PRJ-0328,DPT-001,Synergized zero administration firmware,Johnson-Hoover,2019-08-01,,Active
PRJ-0329,DPT-002,Stand-alone 6thgeneration function,"Peterson, Hughes and Butler",2021-05-29,2022-11-18,Completed
PRJ-0330,DPT-006,Cross-group 3rdgeneration customer loyalty,"Wilkinson, Howard and Kennedy",2019-07-19,2020-09-11,Completed
PRJ-0331,DPT-006,Persevering zero administration strategy,"Hall, Berry and White",2018-01-26,,On Hold
PRJ-0332,DPT-006,Down-sized global utilization,White LLC,2022-07-01,,Active
PRJ-0333,DPT-001,Quality-focused needs-based adapter,Mejia-Ortiz,2021-09-15,2023-03-23,Completed
PRJ-0334,DPT-001,Persistent methodical utilization,Edwards-Lewis,2020-12-31,2023-07-15,Completed
PRJ-0335,DPT-004,Down-sized neutral open system,Scott and Sons,2018-08-15,2020-01-13,Completed
PRJ-0336,DPT-001,Streamlined zero administration frame,Sutton-Green,2020-03-23,,Active
PRJ-0337,DPT-003,Reduced tertiary software,Avery Group,2018-04-16,,Active
PRJ-0338,DPT-004,Upgradable multimedia firmware,"Drake, Stephens and Fry",2022-09-30,2023-01-30,Completed
PRJ-0339,DPT-003,Digitized cohesive data-warehouse,"Reeves, Shelton and Walters",2020-06-18,,Active
PRJ-0340,DPT-007,Grass-roots logistical toolset,"Hogan, Herrera and Fox",2021-05-12,,Active
PRJ-0341,DPT-006,Vision-oriented regional utilization,"Collins, Arellano and Miller",2020-03-26,,Active
PRJ-0342,DPT-003,Enhanced bottom-line product,Ford-Oliver,2022-12-27,2023-02-01,Completed
PRJ-0343,DPT-005,Function-based clear-thinking implementation,"Brown, Brown and Harris",2022-12-05,,Active
PRJ-0344,DPT-004,Configurable encompassing emulation,"Anderson, Powell and Campbell",2021-05-17,,Active
PRJ-0345,DPT-002,Customizable zero administration capacity,Quinn LLC,2020-09-29,,On Hold
PRJ-0346,DPT-001,Fundamental high-level support,"Knapp, Kemp and Ramsey",2018-12-14,,Active
PRJ-0347,DPT-003,Expanded leadingedge conglomeration,Holloway Group,2021-10-03,2022-09-06,Completed
PRJ-0348,DPT-006,Centralized regional service-desk,Hoffman-Allen,2019-10-27,,Active
PRJ-0349,DPT-007,Function-based impactful open architecture,Martin-Klein,2020-12-03,2021-10-28,Completed
PRJ-0350,DPT-007,Re-contextualized bifurcated policy,Hodges Ltd,2022-12-14,2023-12-18,Completed
PRJ-0351,DPT-004,Ergonomic neutral complexity,"Donovan, Elliott and Miller",2019-10-17,2023-07-20,Completed
PRJ-0352,DPT-004,Up-sized fresh-thinking access,Young-Mason,2022-07-12,2023-11-19,Completed
PRJ-0353,DPT-003,Inverse global access,Johnson-Hicks,2020-12-10,,On Hold
PRJ-0354,DPT-003,Cross-platform systemic array,Perry-Murray,2022-04-10,,Active
PRJ-0355,DPT-002,Managed hybrid throughput,"Russell, Jones and Donovan",2021-05-05,,Active
PRJ-0356,DPT-005,Diverse systematic Local Area Network,"Thompson, Hall and Wagner",2019-01-18,,Active
PRJ-0357,DPT-006,Integrated encompassing hierarchy,Oneill-Downs,2018-09-16,,On Hold
PRJ-0358,DPT-004,Triple-buffered encompassing parallelism,"Chavez, Harris and Johnson",2020-07-08,2021-08-15,Completed
PRJ-0359,DPT-003,Networked value-added data-warehouse,Stephens LLC,2020-10-04,,Active
PRJ-0360,DPT-003,Horizontal full-range website,Davis Ltd,2019-03-19,,Active
PRJ-0361,DPT-006,Devolved asynchronous pricing structure,"Marsh, Holland and Shaw",2022-10-06,2022-12-22,Completed
PRJ-0362,DPT-003,Expanded attitude-oriented capacity,Moyer PLC,2020-02-01,,Active
PRJ-0363,DPT-004,Centralized neutral orchestration,"Williamson, Young and Osborn",2019-04-18,,Active
PRJ-0364,DPT-004,Streamlined contextually-based collaboration,"Williams, Love and Livingston",2018-08-03,,Active
PRJ-0365,DPT-001,Proactive interactive installation,"Gonzales, Wilkins and Moon",2021-06-08,,Active
PRJ-0366,DPT-004,Progressive dedicated standardization,"Moore, Martin and Zimmerman",2021-10-25,,Active
PRJ-0367,DPT-003,Implemented analyzing software,Wade PLC,2022-02-02,2023-02-15,Completed
PRJ-0368,DPT-004,Face-to-face fresh-thinking solution,Carpenter-Ortiz,2021-02-09,,Active
PRJ-0369,DPT-007,Synchronized radical hardware,"Smith, Wilson and Davis",2021-02-05,,On Hold
PRJ-0370,DPT-003,Managed content-based application,Martin and Sons,2020-02-24,,On Hold
PRJ-0371,DPT-001,Synergized dedicated Internet solution,"Green, Jordan and Walker",2018-07-11,,Active
PRJ-0372,DPT-003,Optimized methodical productivity,Sexton-Evans,2018-03-13,,Active
PRJ-0373,DPT-003,Expanded responsive array,Robertson-White,2018-08-19,2023-11-25,Completed
PRJ-0374,DPT-004,Upgradable empowering website,Farley-Fischer,2022-03-15,2022-08-02,Completed
PRJ-0375,DPT-005,Ameliorated grid-enabled hub,Hooper-Martin,2021-05-17,,Active
PRJ-0376,DPT-001,User-centric user-facing projection,"Larsen, Suarez and Bell",2018-01-03,2019-04-26,Completed
PRJ-0377,DPT-001,Networked radical forecast,Smith-Rasmussen,2019-10-10,,Active
PRJ-0378,DPT-003,Upgradable hybrid application,Moore-Galloway,2022-04-12,2022-11-16,Completed
PRJ-0379,DPT-004,Reduced object-oriented customer loyalty,"Hernandez, Daniel and Patel",2022-10-03,,Active
PRJ-0380,DPT-002,Upgradable transitional structure,Walter-Wagner,2022-06-30,,Active
PRJ-0381,DPT-006,Advanced bandwidth-monitored algorithm,Chen-Peterson,2019-07-14,,Active
PRJ-0382,DPT-006,Progressive grid-enabled forecast,Navarro-Johnson,2019-06-27,,Active
PRJ-0383,DPT-007,Switchable didactic synergy,Garcia-Scott,2018-10-25,2022-06-28,Completed
PRJ-0384,DPT-005,Focused solution-oriented intranet,Stevens and Sons,2022-03-23,2022-10-11,Completed
PRJ-0385,DPT-003,Triple-buffered client-driven algorithm,Golden Ltd,2020-12-21,2021-03-13,Completed
PRJ-0386,DPT-005,Enterprise-wide solution-oriented process improvement,Lara-Smith,2021-10-06,2022-09-23,Completed
PRJ-0387,DPT-001,Robust leadingedge leverage,"Hoffman, Kirk and Williams",2020-03-26,2022-05-23,Completed
PRJ-0388,DPT-005,Multi-layered optimal attitude,Barton-Johnson,2021-01-19,,Active
PRJ-0389,DPT-003,Fundamental composite frame,"Sherman, Mills and Schultz",2020-08-15,,Active
PRJ-0390,DPT-004,Customer-focused zero administration function,Faulkner-Green,2022-05-11,,Active
PRJ-0391,DPT-002,Versatile zero tolerance model,Freeman-Ray,2020-12-21,2021-04-20,Completed
PRJ-0392,DPT-003,Inverse tangible initiative,"Chapman, Martin and Vargas",2019-09-12,,Active
PRJ-0393,DPT-006,Persevering responsive throughput,"Johnson, Brown and Spencer",2020-05-25,,Active
PRJ-0394,DPT-004,Synergistic 24/7 function,"Woods, Powell and Young",2018-02-05,,Active
PRJ-0395,DPT-007,Vision-oriented regional solution,"Collins, Schroeder and Carlson",2020-08-04,,Active
PRJ-0396,DPT-003,Customer-focused foreground projection,"Lopez, Blevins and Mason",2019-03-07,2023-02-25,Completed
PRJ-0397,DPT-004,Multi-tiered mobile knowledgebase,Garcia-Rogers,2021-10-13,2022-12-21,Completed
PRJ-0398,DPT-002,Open-source user-facing implementation,Peters-Wilcox,2019-10-02,2022-08-29,Completed
PRJ-0399,DPT-001,Organic bandwidth-monitored implementation,Young-Jones,2018-12-19,2019-10-08,Completed
PRJ-0400,DPT-007,Open-architected multi-state hub,"Cochran, Ewing and Taylor",2018-08-09,,Active
PRJ-0401,DPT-004,Proactive bottom-line Internet solution,"Snyder, Henry and Martin",2021-06-17,2022-07-07,Completed
PRJ-0402,DPT-006,Future-proofed upward-trending support,Thompson Inc,2018-02-01,2019-02-16,Completed
PRJ-0403,DPT-001,Configurable 4thgeneration concept,"Bradshaw, Michael and Mills",2018-12-31,,Active
PRJ-0404,DPT-003,Future-proofed object-oriented secured line,Nelson Inc,2018-09-21,,On Hold
PRJ-0405,DPT-005,Cross-group user-facing capacity,Drake Ltd,2021-11-09,2023-02-26,Completed
PRJ-0406,DPT-002,Persistent empowering standardization,"Davis, Edwards and Alvarez",2021-09-17,,Active
PRJ-0407,DPT-007,Cross-platform optimizing workforce,Mercado-Lopez,2022-04-05,2022-05-18,Completed
PRJ-0408,DPT-004,Enterprise-wide user-facing architecture,Scott Ltd,2022-08-02,,Active
PRJ-0409,DPT-001,Distributed empowering time-frame,Brady-Hicks,2018-03-19,2022-06-13,Completed
PRJ-0410,DPT-003,Balanced optimal contingency,Holmes-Buchanan,2021-10-25,,Active
PRJ-0411,DPT-007,Future-proofed upward-trending core,Benson-Martin,2020-05-02,,Active
PRJ-0412,DPT-006,Enhanced systematic function,"Murray, Valentine and Hughes",2018-12-02,,Active
PRJ-0413,DPT-002,Self-enabling foreground utilization,"Carter, Sullivan and Obrien",2019-02-13,2019-02-17,Completed
PRJ-0414,DPT-007,Polarized zero-defect standardization,Armstrong and Sons,2019-02-13,,Active
PRJ-0415,DPT-005,Versatile zero-defect encoding,"Wilson, Frederick and Wong",2018-03-21,,Active
PRJ-0416,DPT-007,Profound incremental solution,Clark LLC,2020-05-09,,Active
PRJ-0417,DPT-003,Monitored discrete paradigm,Bautista-Sawyer,2018-05-26,,Active
PRJ-0418,DPT-006,Reactive context-sensitive open system,"Smith, Harris and Palmer",2020-09-27,,Active
PRJ-0419,DPT-005,Networked tangible policy,"Williams, Taylor and Turner",2018-01-06,,Active
PRJ-0420,DPT-006,Distributed local model,Barnes and Sons,2021-03-22,,Active
PRJ-0421,DPT-007,Reactive transitional focus group,"Prince, Rodriguez and Hutchinson",2020-06-30,,Active
PRJ-0422,DPT-003,Persevering radical approach,Mitchell-Nguyen,2020-12-11,2021-12-10,Completed
PRJ-0423,DPT-006,Pre-emptive scalable portal,Morales Ltd,2018-02-25,,Active
PRJ-0424,DPT-007,Virtual intermediate adapter,"Townsend, Shields and Wright",2022-05-28,,Active
PRJ-0425,DPT-004,Digitized 24/7 software,Smith Ltd,2019-06-20,2023-06-27,Completed
PRJ-0426,DPT-001,Public-key 24/7 instruction set,"Olson, Sparks and Taylor",2020-04-12,2022-01-27,Completed
PRJ-0427,DPT-001,Intuitive responsive functionalities,Smith and Sons,2019-04-09,,Active
PRJ-0428,DPT-003,Enterprise-wide composite capability,Palmer Inc,2021-05-23,,Active
PRJ-0429,DPT-003,Secured 3rdgeneration database,Weiss-Fuentes,2019-06-27,,On Hold
PRJ-0430,DPT-004,Universal coherent emulation,Simpson and Sons,2020-08-05,,Active
PRJ-0431,DPT-003,Fundamental client-driven flexibility,Roach Group,2018-06-29,,Active
PRJ-0432,DPT-002,Programmable didactic open architecture,"Villa, Contreras and King",2022-08-15,,On Hold
PRJ-0433,DPT-002,Reduced secondary policy,Weaver-Caldwell,2019-05-25,2021-03-21,Completed
PRJ-0434,DPT-001,Synergized content-based capacity,Shaw Ltd,2020-07-24,2022-05-15,Completed
PRJ-0435,DPT-003,Versatile hybrid capability,"Silva, Wallace and Williams",2018-10-19,,Active
PRJ-0436,DPT-006,Visionary multimedia initiative,Thomas Inc,2020-01-16,,Active
PRJ-0437,DPT-003,Stand-alone discrete knowledge user,"Stewart, Landry and Foley",2018-09-08,,Active
PRJ-0438,DPT-003,Vision-oriented empowering hardware,"Howard, Turner and Griffin",2019-04-25,,Active
PRJ-0439,DPT-004,Polarized 4thgeneration structure,Marks PLC,2022-03-10,,Active
PRJ-0440,DPT-002,Fundamental zero administration extranet,Kerr Ltd,2020-12-02,2023-07-12,Completed
PRJ-0441,DPT-007,Synergized local customer loyalty,Robinson LLC,2022-05-20,2023-02-27,Completed
PRJ-0442,DPT-005,Stand-alone actuating moderator,Logan Group,2020-04-15,,Active
PRJ-0443,DPT-004,Face-to-face client-server superstructure,Walton Inc,2021-05-28,,Active
PRJ-0444,DPT-001,Switchable 24hour project,"Wright, Fowler and Gibson",2020-01-26,,On Hold
PRJ-0445,DPT-006,Optional value-added secured line,Webb-Cox,2022-04-27,,Active
PRJ-0446,DPT-006,Multi-channeled optimal model,Conway-Friedman,2020-09-12,2022-09-08,Completed
PRJ-0447,DPT-001,Focused directional emulation,Forbes-Mason,2022-03-30,2023-11-14,Completed
PRJ-0448,DPT-007,Reverse-engineered 5thgeneration contingency,Ferguson Ltd,2020-06-23,,Active
PRJ-0449,DPT-007,Synergistic analyzing Graphic Interface,Wheeler-Roberts,2021-11-25,,Active
PRJ-0450,DPT-005,Multi-tiered well-modulated benchmark,"Jackson, Crosby and Mercado",2019-01-08,,On Hold
PRJ-0451,DPT-004,Distributed value-added service-desk,Murray Ltd,2021-05-30,2022-01-25,Completed
PRJ-0452,DPT-006,Grass-roots needs-based alliance,"Salinas, Gomez and Moore",2019-02-17,,Active
PRJ-0453,DPT-005,Versatile logistical Graphic Interface,Wilson-Cole,2020-02-02,,Active
PRJ-0454,DPT-007,Organized coherent application,Alvarez Ltd,2018-03-12,,Active
PRJ-0455,DPT-002,Cloned bifurcated knowledge user,Little-Cook,2021-05-01,,On Hold
PRJ-0456,DPT-007,Persevering logistical frame,Wright-Rodriguez,2021-07-24,,Active
PRJ-0457,DPT-004,Persevering transitional framework,Green-Jacobs,2022-04-28,,On Hold
PRJ-0458,DPT-005,Re-contextualized 6thgeneration toolset,"Henry, Martinez and Ross",2022-03-08,,Active
PRJ-0459,DPT-004,Programmable user-facing structure,"Williams, Smith and Martin",2020-06-08,,On Hold
PRJ-0460,DPT-004,Versatile object-oriented challenge,Craig Ltd,2018-01-07,,Active
PRJ-0461,DPT-006,Advanced next generation data-warehouse,Turner PLC,2022-01-30,,Active
PRJ-0462,DPT-006,Decentralized zero-defect functionalities,"Edwards, Cohen and Riddle",2019-09-01,2021-04-26,Completed
PRJ-0463,DPT-005,Centralized zero-defect emulation,"Hahn, Boyle and Lee",2021-02-20,,Active
PRJ-0464,DPT-002,Future-proofed demand-driven benchmark,Alexander and Sons,2018-12-06,,On Hold
PRJ-0465,DPT-001,Distributed transitional orchestration,Flynn-Johnson,2020-04-20,,Active
PRJ-0466,DPT-002,Reactive multimedia product,"Gardner, Wise and Weaver",2021-02-07,,Active
PRJ-0467,DPT-003,Re-contextualized non-volatile Local Area Network,Taylor and Sons,2022-12-18,,Active
PRJ-0468,DPT-006,Devolved mission-critical moderator,Howell and Sons,2022-06-10,,On Hold
PRJ-0469,DPT-004,Front-line tangible protocol,"Anthony, Foster and Sawyer",2018-10-20,,On Hold
PRJ-0470,DPT-002,Self-enabling 5thgeneration instruction set,Johnson Group,2021-11-30,,On Hold
PRJ-0471,DPT-005,Realigned intangible customer loyalty,Tate PLC,2018-07-17,,Active
PRJ-0472,DPT-007,Networked optimal architecture,"Webster, Gardner and Castillo",2021-12-24,2023-05-12,Completed
PRJ-0473,DPT-003,Multi-tiered tangible pricing structure,"Brady, Bradford and Fuentes",2020-04-26,,On Hold
PRJ-0474,DPT-005,Grass-roots optimizing architecture,Gardner Inc,2018-05-12,2019-04-05,Completed
PRJ-0475,DPT-002,Mandatory empowering secured line,Alexander and Sons,2020-09-30,,Active
PRJ-0476,DPT-006,Managed logistical emulation,Doyle PLC,2018-05-25,,Active
PRJ-0477,DPT-003,Progressive modular challenge,Gordon-Thompson,2019-11-28,,Active
PRJ-0478,DPT-006,Ameliorated clear-thinking complexity,"Dennis, Pennington and Middleton",2019-07-13,,Active
PRJ-0479,DPT-006,Pre-emptive system-worthy hub,Wilson LLC,2019-06-07,,Active
PRJ-0480,DPT-007,Pre-emptive zero-defect superstructure,"Thomas, Jones and Martinez",2020-04-07,,Active
PRJ-0481,DPT-001,Face-to-face executive architecture,"Hughes, Rubio and Hall",2019-05-09,2022-11-27,Completed
PRJ-0482,DPT-007,Persistent leadingedge system engine,Norton-Gonzales,2021-12-16,2022-11-23,Completed
PRJ-0483,DPT-005,Persistent bifurcated projection,"Hicks, Hill and Johnson",2019-08-10,,On Hold
PRJ-0484,DPT-007,Total exuding infrastructure,"Rivera, Escobar and Mitchell",2018-07-09,,Active
PRJ-0485,DPT-006,Seamless homogeneous utilization,"Hall, Vazquez and Ferguson",2021-09-18,,On Hold
PRJ-0486,DPT-005,Self-enabling radical middleware,Davis-Neal,2021-05-29,,Active
PRJ-0487,DPT-001,Diverse reciprocal capacity,"Davis, Jimenez and Walton",2021-04-25,,Active
PRJ-0488,DPT-004,Visionary 3rdgeneration Graphic Interface,Avila PLC,2018-01-07,2022-08-23,Completed
PRJ-0489,DPT-003,Cloned attitude-oriented toolset,Johnson Group,2022-01-03,2023-02-26,Completed
PRJ-0490,DPT-003,Front-line bifurcated model,Oconnor and Sons,2022-01-20,,Active
PRJ-0491,DPT-007,Sharable eco-centric archive,"Fernandez, Shelton and Williams",2019-07-24,,Active
PRJ-0492,DPT-005,Enterprise-wide foreground approach,"Robertson, Weber and Hall",2019-04-12,2020-08-23,Completed
PRJ-0493,DPT-002,Phased empowering projection,Russo-Baker,2020-12-23,,Active
PRJ-0494,DPT-001,Up-sized executive throughput,Barr-Valentine,2021-10-10,,Active
PRJ-0495,DPT-003,Programmable modular strategy,"Copeland, Roberts and Robles",2021-11-29,,Active
PRJ-0496,DPT-005,Compatible logistical function,Russell Group,2022-09-30,2023-07-27,Completed
PRJ-0497,DPT-004,Organized non-volatile throughput,"Reese, Martinez and Smith",2021-03-13,,Active
PRJ-0498,DPT-007,Decentralized didactic leverage,Lynch-Patel,2019-05-29,,Active
PRJ-0499,DPT-001,Ergonomic local implementation,Short and Sons,2020-09-12,2023-10-06,Completed
PRJ-0500,DPT-002,Robust demand-driven algorithm,"Vasquez, Villarreal and Snyder",2018-04-01,,Active
PRJ-0501,DPT-004,Right-sized asymmetric conglomeration,"Mcgrath, Thompson and Miller",2019-05-17,,Active
PRJ-0502,DPT-001,Open-architected didactic functionalities,"French, Rodriguez and Hamilton",2018-08-21,,Active
PRJ-0503,DPT-007,Automated context-sensitive info-mediaries,Jackson LLC,2018-11-14,,Active
PRJ-0504,DPT-007,Robust dedicated core,Barnes-Robles,2022-04-26,,Active
PRJ-0505,DPT-005,Horizontal explicit emulation,Chambers-Salinas,2019-07-25,,Active
PRJ-0506,DPT-006,Profit-focused eco-centric algorithm,"Kline, Camacho and Kelly",2019-02-17,2019-08-17,Completed
PRJ-0507,DPT-005,Balanced empowering encryption,Williams Inc,2022-08-08,2022-12-07,Completed
PRJ-0508,DPT-004,Profit-focused well-modulated projection,Hernandez Group,2021-05-19,,Active
PRJ-0509,DPT-002,Switchable intangible Internet solution,"Owens, Harris and Lee",2018-10-30,2022-12-30,Completed
PRJ-0510,DPT-007,Down-sized radical synergy,Williams-Lynch,2022-01-17,2022-10-16,Completed
PRJ-0511,DPT-004,Configurable didactic matrix,Tanner-Fleming,2020-03-12,,Active
PRJ-0512,DPT-001,Progressive bifurcated framework,"Delgado, Marquez and Doyle",2022-03-17,,Active
PRJ-0513,DPT-002,Re-contextualized reciprocal attitude,"Roberts, Nguyen and Hanson",2018-01-09,,Active
PRJ-0514,DPT-007,Profound uniform flexibility,"Curry, Bell and Clarke",2020-11-09,,Active
PRJ-0515,DPT-002,Cross-group non-volatile firmware,Brooks Group,2022-08-04,2023-03-17,Completed
PRJ-0516,DPT-006,Versatile systemic hardware,"Drake, Perkins and Lewis",2020-02-23,2020-05-17,Completed
PRJ-0517,DPT-004,Cross-platform actuating Local Area Network,Lin-Dunn,2022-01-12,,Active
PRJ-0518,DPT-007,Down-sized client-driven Graphical User Interface,Floyd-Barrett,2020-09-23,2020-12-05,Completed
PRJ-0519,DPT-001,De-engineered context-sensitive Graphical User Interface,"Wright, Robbins and Wilson",2019-05-02,,On Hold
PRJ-0520,DPT-006,Virtual contextually-based leverage,Watson LLC,2022-11-07,,Active
PRJ-0521,DPT-006,Multi-lateral foreground product,Wright Inc,2021-11-08,,Active
PRJ-0522,DPT-006,Re-engineered foreground moratorium,Rivera Group,2021-12-29,,Active
PRJ-0523,DPT-005,Organic coherent encoding,"Brooks, Estrada and Meyer",2022-10-17,,Active
PRJ-0524,DPT-004,Advanced leadingedge functionalities,Russell PLC,2018-01-14,,Active
PRJ-0525,DPT-005,Open-architected interactive contingency,Fischer-Howell,2020-07-17,,Active
PRJ-0526,DPT-007,Advanced real-time solution,"Huff, Chung and Stevens",2021-12-21,,Active
PRJ-0527,DPT-006,Up-sized client-driven concept,"Mccarty, Rodriguez and Price",2022-07-14,2022-07-25,Completed
PRJ-0528,DPT-007,Extended impactful architecture,Walters-Hammond,2020-08-01,2021-08-25,Completed
PRJ-0529,DPT-004,Assimilated systematic structure,Larson PLC,2021-01-29,2022-09-14,Completed
PRJ-0530,DPT-004,Managed 3rdgeneration secured line,Burgess-Campbell,2020-07-23,,Active
PRJ-0531,DPT-005,Compatible scalable flexibility,"White, Martinez and Walker",2020-10-16,,Active
PRJ-0532,DPT-004,Universal impactful alliance,"Anderson, Monroe and Young",2021-01-12,2021-04-21,Completed
PRJ-0533,DPT-004,Configurable stable matrix,Humphrey-Braun,2021-06-15,,Active
PRJ-0534,DPT-001,Ergonomic intangible process improvement,Frost Ltd,2018-05-24,2021-05-15,Completed
PRJ-0535,DPT-007,Public-key eco-centric infrastructure,Wells Ltd,2020-03-27,2021-03-17,Completed
PRJ-0536,DPT-006,Mandatory static standardization,Tucker PLC,2019-08-18,,Active
PRJ-0537,DPT-006,Configurable leadingedge complexity,Noble-Jones,2018-04-14,,On Hold
PRJ-0538,DPT-007,Quality-focused systematic firmware,Sanders-Glass,2018-08-26,2020-10-13,Completed
PRJ-0539,DPT-003,Organized systemic parallelism,Garcia-White,2020-11-09,2021-01-25,Completed
PRJ-0540,DPT-005,Progressive national structure,"Jacobs, Ward and Rogers",2020-09-21,2021-07-20,Completed
PRJ-0541,DPT-002,Phased optimizing policy,"Woods, Ryan and Dixon",2018-09-10,2022-04-25,Completed
PRJ-0542,DPT-002,Universal intangible migration,"Williams, Sullivan and Miller",2022-11-20,2023-12-19,Completed
PRJ-0543,DPT-004,Reactive local forecast,"Turner, Wells and Moody",2018-09-17,,Active
PRJ-0544,DPT-004,Phased scalable knowledge user,"Duran, Carter and Murray",2022-01-22,,Active
PRJ-0545,DPT-004,Synergized maximized adapter,Williams-Carrillo,2020-11-28,,Active
PRJ-0546,DPT-007,User-centric global neural-net,"Romero, Lee and Fernandez",2021-03-05,,On Hold
PRJ-0547,DPT-001,Operative executive system engine,"Hall, Jackson and Owens",2021-02-08,,Active
PRJ-0548,DPT-007,Integrated attitude-oriented archive,"Holloway, Simmons and Hernandez",2021-11-11,,Active
PRJ-0549,DPT-006,Business-focused attitude-oriented project,Velasquez-Galloway,2019-05-18,2022-09-09,Completed
PRJ-0550,DPT-002,Open-architected web-enabled process improvement,"Medina, Fernandez and Short",2019-01-26,,Active
PRJ-0551,DPT-005,Organized optimizing collaboration,Williams LLC,2020-03-02,,Active
PRJ-0552,DPT-006,Object-based disintermediate benchmark,Ball-Carrillo,2021-06-24,,Active
PRJ-0553,DPT-002,Balanced impactful software,Walters-Elliott,2019-09-17,,On Hold
PRJ-0554,DPT-001,Diverse disintermediate matrix,Murphy-Hoover,2019-10-17,,Active
PRJ-0555,DPT-001,Profound multi-state customer loyalty,"Pham, Perez and Davis",2022-12-12,2023-03-18,Completed
PRJ-0556,DPT-003,Streamlined coherent help-desk,Dixon-Galvan,2019-05-27,2023-09-01,Completed
PRJ-0557,DPT-002,Self-enabling context-sensitive synergy,Everett Group,2021-08-27,,Active
PRJ-0558,DPT-005,Optional fresh-thinking database,Porter-West,2018-09-30,2019-01-16,Completed
PRJ-0559,DPT-001,Re-contextualized 3rdgeneration adapter,Richard Inc,2018-01-01,2018-05-02,Completed
PRJ-0560,DPT-002,Ameliorated demand-driven concept,"Barnes, Ortiz and Davis",2022-10-09,,Active
PRJ-0561,DPT-007,Advanced multimedia structure,"Bryan, Hogan and Parker",2022-12-09,,Active
PRJ-0562,DPT-003,Cloned hybrid circuit,Neal-Osborne,2020-12-10,,Active
PRJ-0563,DPT-002,Adaptive client-server superstructure,"Hines, Peck and Martin",2018-07-13,2019-04-03,Completed
PRJ-0564,DPT-001,Distributed client-driven orchestration,Ward and Sons,2021-02-18,2021-12-29,Completed
PRJ-0565,DPT-007,Persevering fresh-thinking paradigm,Cherry Inc,2021-12-12,,On Hold
PRJ-0566,DPT-001,Object-based value-added infrastructure,Bennett LLC,2019-02-28,,Active
PRJ-0567,DPT-005,Robust web-enabled toolset,Lewis Inc,2018-12-06,2019-05-05,Completed
PRJ-0568,DPT-003,Virtual web-enabled leverage,"Williams, Gonzales and Webster",2020-07-01,,On Hold
PRJ-0569,DPT-005,Integrated hybrid adapter,"Walker, Ewing and Kent",2020-04-04,2022-09-13,Completed
PRJ-0570,DPT-003,Customizable mobile synergy,Smith-Kelley,2019-09-21,2020-07-12,Completed
PRJ-0571,DPT-004,De-engineered demand-driven definition,Vincent Ltd,2019-12-04,,Active
PRJ-0572,DPT-007,Future-proofed radical methodology,Thompson-Hood,2020-06-09,2020-09-28,Completed
PRJ-0573,DPT-004,Sharable 4thgeneration system engine,"Walker, Bailey and Evans",2021-03-25,,Active
PRJ-0574,DPT-004,Grass-roots next generation superstructure,"Ortiz, Cruz and Jennings",2022-10-05,2023-02-27,Completed
PRJ-0575,DPT-007,Ergonomic reciprocal structure,Craig-Humphrey,2019-02-10,,Active
PRJ-0576,DPT-002,Organic multi-tasking infrastructure,Moore PLC,2020-06-19,2023-06-04,Completed
PRJ-0577,DPT-007,Secured zero-defect installation,Eaton LLC,2021-01-10,2023-10-25,Completed
PRJ-0578,DPT-003,Synchronized 3rdgeneration architecture,Jones PLC,2022-10-27,2022-12-28,Completed
PRJ-0579,DPT-002,Fundamental systematic parallelism,"Lawrence, Anderson and Lee",2020-11-12,,On Hold
PRJ-0580,DPT-001,Re-engineered high-level encoding,Miller PLC,2021-04-19,2022-11-06,Completed
PRJ-0581,DPT-003,Future-proofed non-volatile superstructure,Brown-Moody,2020-06-19,,Active
PRJ-0582,DPT-001,Function-based high-level service-desk,"Matthews, Garcia and Edwards",2018-08-07,,Active
PRJ-0583,DPT-006,Adaptive client-driven alliance,"Juarez, Gordon and Wade",2018-01-06,,On Hold
PRJ-0584,DPT-001,Self-enabling local archive,Hood Ltd,2021-08-27,2021-09-30,Completed
PRJ-0585,DPT-005,Horizontal clear-thinking architecture,Huber Inc,2018-01-20,,Active
PRJ-0586,DPT-007,Automated executive installation,"Washington, Ruiz and Thomas",2018-05-06,2018-11-09,Completed
PRJ-0587,DPT-007,Progressive executive neural-net,Edwards-Thompson,2020-10-25,,Active
PRJ-0588,DPT-006,Triple-buffered intermediate strategy,"Reyes, Thomas and Martin",2018-06-21,,Active
PRJ-0589,DPT-007,User-friendly secondary Graphic Interface,Campbell-Davis,2018-10-02,,Active
PRJ-0590,DPT-007,Ameliorated grid-enabled implementation,Lewis-Dennis,2019-11-04,,Active
PRJ-0591,DPT-005,Total secondary installation,"Houston, Owens and Smith",2021-03-26,2022-04-20,Completed
PRJ-0592,DPT-002,Synergistic multi-state project,Thomas-Allen,2022-06-18,2022-11-10,Completed
PRJ-0593,DPT-002,Realigned responsive orchestration,"Mercado, Mcclure and Miller",2021-02-05,,Active
PRJ-0594,DPT-001,Sharable client-driven application,Marshall-Johnson,2020-08-09,,Active
PRJ-0595,DPT-006,Programmable dedicated standardization,Mcdaniel Group,2021-04-28,,Active
PRJ-0596,DPT-001,De-engineered maximized encryption,Cox and Sons,2022-08-24,,Active
PRJ-0597,DPT-006,Diverse logistical superstructure,Robinson-Young,2021-05-11,,Active
PRJ-0598,DPT-002,Virtual cohesive capacity,Brown-Wiggins,2019-10-10,,Active
PRJ-0599,DPT-004,Innovative multi-tasking database,Young-Francis,2019-03-02,,Active
PRJ-0600,DPT-003,Focused 24hour archive,Huang-Jenkins,2021-08-10,,On Hold
PRJ-0601,DPT-003,Polarized high-level time-frame,Wright Inc,2020-10-12,2023-12-04,Completed
PRJ-0602,DPT-004,Implemented attitude-oriented moratorium,Neal-Brown,2022-12-22,,Active
PRJ-0603,DPT-004,Proactive bi-directional analyzer,Holt Inc,2020-05-08,,Active
PRJ-0604,DPT-003,Versatile encompassing data-warehouse,Johnson Inc,2022-12-20,,Active
PRJ-0605,DPT-002,Quality-focused actuating paradigm,"Jacobson, Allen and King",2022-12-07,,Active
PRJ-0606,DPT-007,Open-source tangible adapter,Daniel Group,2021-06-09,,On Hold
PRJ-0607,DPT-002,Profit-focused explicit secured line,"Long, Murphy and Lambert",2019-04-29,,On Hold
PRJ-0608,DPT-005,Diverse grid-enabled contingency,Gonzales-Mills,2021-12-23,2022-09-09,Completed
PRJ-0609,DPT-001,Multi-lateral system-worthy Internet solution,Collins-Thomas,2019-06-29,,Active
PRJ-0610,DPT-007,Proactive modular Graphical User Interface,Miller and Sons,2019-03-31,,Active
PRJ-0611,DPT-007,Multi-lateral clear-thinking strategy,Summers-Collins,2020-05-17,,Active
PRJ-0612,DPT-006,Devolved contextually-based task-force,Davis Group,2018-06-30,2023-09-16,Completed
PRJ-0613,DPT-004,Multi-channeled context-sensitive core,"Conner, Cantrell and Lynch",2021-10-30,,On Hold
PRJ-0614,DPT-003,Compatible system-worthy forecast,Francis Ltd,2019-11-22,2022-09-19,Completed
PRJ-0615,DPT-005,Intuitive logistical methodology,Dean-Wilson,2020-02-27,,Active
PRJ-0616,DPT-006,Business-focused explicit parallelism,Holmes Ltd,2019-10-25,,Active
PRJ-0617,DPT-007,Multi-tiered client-server system engine,Vang Group,2020-11-15,2023-08-05,Completed
PRJ-0618,DPT-007,Monitored demand-driven data-warehouse,"Owens, Welch and Durham",2021-12-24,2023-05-13,Completed
PRJ-0619,DPT-005,Optional didactic approach,"Best, Flores and Herrera",2022-05-02,,On Hold
PRJ-0620,DPT-006,Digitized logistical website,Esparza-Evans,2021-04-21,,Active
PRJ-0621,DPT-004,Secured optimizing architecture,Lowe-Beard,2022-11-06,,Active
PRJ-0622,DPT-006,Pre-emptive directional productivity,Bowman Ltd,2022-03-08,2023-10-14,Completed
PRJ-0623,DPT-003,Profound fresh-thinking moderator,Gillespie Ltd,2020-08-27,,Active
PRJ-0624,DPT-006,Sharable clear-thinking open system,"Dickerson, Gonzalez and Patel",2021-06-27,,Active
PRJ-0625,DPT-002,Customizable regional adapter,Edwards-Stewart,2018-09-02,2019-07-07,Completed
PRJ-0626,DPT-004,Universal grid-enabled throughput,Cox-Davis,2022-03-14,,On Hold
PRJ-0627,DPT-002,Innovative radical product,"Martinez, Boyd and Pope",2021-03-30,2021-09-08,Completed
PRJ-0628,DPT-006,Cross-group holistic open architecture,"Franklin, Brown and Jones",2022-04-12,,Active
PRJ-0629,DPT-001,Organic clear-thinking parallelism,Mckee-Colon,2019-08-02,2023-02-10,Completed
PRJ-0630,DPT-006,Profit-focused didactic project,Kelly Group,2019-06-09,,On Hold
PRJ-0631,DPT-007,Stand-alone empowering contingency,Myers LLC,2018-08-03,,On Hold
PRJ-0632,DPT-001,Vision-oriented bandwidth-monitored initiative,"Tate, Olson and Bishop",2020-12-02,,Active
PRJ-0633,DPT-007,Future-proofed dynamic groupware,Dickerson PLC,2019-01-25,,Active
PRJ-0634,DPT-007,User-centric zero-defect architecture,"Weiss, Evans and West",2022-12-14,,Active
PRJ-0635,DPT-007,Upgradable 24hour solution,Wade and Sons,2022-03-23,,Active
PRJ-0636,DPT-003,Triple-buffered bi-directional alliance,"Wells, Wright and Peterson",2021-11-04,2023-05-25,Completed
PRJ-0637,DPT-001,Secured client-driven capability,Allen Inc,2019-09-23,,Active
PRJ-0638,DPT-006,Innovative multimedia pricing structure,"Hines, Fields and Nguyen",2020-02-20,2023-07-16,Completed
PRJ-0639,DPT-005,Expanded attitude-oriented intranet,Rowe Inc,2018-06-28,2023-12-26,Completed
PRJ-0640,DPT-002,Streamlined even-keeled infrastructure,Townsend Inc,2018-08-10,,Active
PRJ-0641,DPT-005,Progressive system-worthy info-mediaries,"Gibson, Smith and Jones",2022-07-28,2023-08-16,Completed
PRJ-0642,DPT-001,Public-key demand-driven hardware,Fleming LLC,2020-07-06,,Active
PRJ-0643,DPT-006,Multi-lateral regional core,Payne and Sons,2018-10-23,,Active
PRJ-0644,DPT-006,Distributed heuristic frame,Smith-Galvan,2022-12-08,,Active
PRJ-0645,DPT-002,Proactive content-based extranet,Young Ltd,2018-03-08,,Active
PRJ-0646,DPT-003,Mandatory even-keeled solution,Cole Group,2020-02-29,,Active
PRJ-0647,DPT-003,Versatile mission-critical budgetary management,"Hawkins, Maldonado and Holt",2022-12-30,,On Hold
PRJ-0648,DPT-004,Future-proofed content-based installation,"Vaughn, Lopez and Phillips",2020-10-31,,Active
PRJ-0649,DPT-003,Focused web-enabled pricing structure,Tran-Smith,2021-12-26,,Active
PRJ-0650,DPT-001,Devolved zero-defect adapter,Duran-Horn,2020-12-13,,Active
PRJ-0651,DPT-005,Synchronized multi-state focus group,Nichols-Brown,2019-02-15,,Active
PRJ-0652,DPT-003,Diverse leadingedge success,Krause-Parks,2019-02-07,,Active
PRJ-0653,DPT-003,Cross-platform neutral application,Todd-Sawyer,2019-01-29,,On Hold
PRJ-0654,DPT-003,Managed context-sensitive knowledge user,"Lee, Acosta and Roth",2020-03-01,,Active
PRJ-0655,DPT-007,Future-proofed grid-enabled capability,"Ballard, Johnson and Alexander",2020-07-12,,Active
PRJ-0656,DPT-005,Stand-alone client-server architecture,"Flowers, Rosales and Levy",2019-08-21,,Active
PRJ-0657,DPT-004,Advanced intangible database,"Hill, Gonzalez and Barber",2018-11-16,2019-01-15,Completed
PRJ-0658,DPT-001,Synergized static model,Jackson-Wallace,2020-12-10,2022-02-01,Completed
PRJ-0659,DPT-005,Enterprise-wide discrete knowledgebase,Morgan Ltd,2020-03-12,2022-08-07,Completed
PRJ-0660,DPT-003,Persevering clear-thinking function,"Barnes, Montgomery and Hicks",2019-08-26,,Active
PRJ-0661,DPT-006,Down-sized cohesive groupware,Rogers and Sons,2019-07-20,2023-05-09,Completed
PRJ-0662,DPT-005,Organized empowering projection,Bowman-Smith,2019-12-16,2022-02-27,Completed
PRJ-0663,DPT-005,Function-based mobile budgetary management,Reilly Inc,2020-11-20,2023-02-17,Completed
PRJ-0664,DPT-004,Proactive systemic structure,Chandler-Taylor,2019-07-21,2020-04-02,Completed
PRJ-0665,DPT-006,Synergized responsive secured line,Werner Inc,2018-04-15,2020-11-18,Completed
PRJ-0666,DPT-002,Advanced scalable collaboration,Stanley LLC,2019-02-17,2019-07-13,Completed
PRJ-0667,DPT-005,Ergonomic directional service-desk,"Mendoza, Clark and Turner",2019-10-16,2021-04-25,Completed
PRJ-0668,DPT-003,Automated actuating capacity,Edwards Ltd,2021-07-02,,Active
PRJ-0669,DPT-002,Front-line needs-based customer loyalty,Gray-Knight,2019-08-10,,Active
PRJ-0670,DPT-006,Open-source global middleware,Cross-Mora,2018-08-09,,On Hold
PRJ-0671,DPT-007,Robust object-oriented matrices,"Neal, Morris and Benson",2019-11-15,,On Hold
PRJ-0672,DPT-004,Triple-buffered secondary function,Solis-Swanson,2020-02-09,,Active
PRJ-0673,DPT-007,Total cohesive policy,Jimenez-Lee,2020-09-06,2023-02-26,Completed
PRJ-0674,DPT-003,Integrated coherent moratorium,Davis Ltd,2022-08-16,,Active
PRJ-0675,DPT-001,Progressive stable infrastructure,Sanders Group,2021-05-27,2022-05-18,Completed
PRJ-0676,DPT-001,Fully-configurable exuding contingency,"Cochran, Morrison and Davis",2020-03-17,2023-04-27,Completed
PRJ-0677,DPT-004,Customizable homogeneous migration,Phillips Group,2021-11-18,,Active
PRJ-0678,DPT-006,Adaptive web-enabled help-desk,"Downs, Estrada and Wilson",2020-03-20,2023-12-23,Completed
PRJ-0679,DPT-001,Automated interactive hub,"Nelson, Snyder and Gomez",2019-07-18,,Active
PRJ-0680,DPT-007,Optimized mission-critical software,"Lang, Ball and Cherry",2018-02-24,,Active
PRJ-0681,DPT-005,Persevering heuristic website,Bailey and Sons,2022-05-15,2022-11-23,Completed
PRJ-0682,DPT-006,Fundamental high-level installation,Underwood and Sons,2019-11-18,2021-03-01,Completed
PRJ-0683,DPT-006,Synchronized radical Graphic Interface,Singleton-Rodriguez,2022-07-11,,Active
PRJ-0684,DPT-007,Distributed coherent strategy,Singleton PLC,2020-07-19,,Active
PRJ-0685,DPT-003,Pre-emptive impactful alliance,Bradley-West,2021-02-05,,Active
PRJ-0686,DPT-006,Synchronized well-modulated Internet solution,Jackson PLC,2022-08-31,,Active
PRJ-0687,DPT-003,Synergized didactic emulation,Scott-Collins,2022-02-18,2023-10-31,Completed
PRJ-0688,DPT-003,Reduced human-resource paradigm,"Rodgers, Harris and Matthews",2021-02-28,2021-11-11,Completed
PRJ-0689,DPT-004,Seamless bandwidth-monitored workforce,Day-Walker,2022-01-10,,Active
PRJ-0690,DPT-001,Extended web-enabled Graphical User Interface,"Pearson, Moore and Williams",2019-11-30,,Active
PRJ-0691,DPT-006,Configurable well-modulated superstructure,Miles Ltd,2022-05-19,,Active
PRJ-0692,DPT-005,Operative local solution,Blackwell-Baker,2021-10-23,2023-09-01,Completed
PRJ-0693,DPT-005,Progressive local customer loyalty,Smith Inc,2022-07-11,2022-09-16,Completed
PRJ-0694,DPT-007,Cross-platform impactful pricing structure,King-Wilson,2022-09-01,2022-12-21,Completed
PRJ-0695,DPT-004,Object-based web-enabled portal,Mcmahon-Caldwell,2022-04-16,2023-10-23,Completed
PRJ-0696,DPT-002,Virtual maximized software,Reeves LLC,2019-12-11,2023-01-02,Completed
PRJ-0697,DPT-005,Re-engineered next generation service-desk,Adams-Cardenas,2020-12-25,,Active
PRJ-0698,DPT-007,Versatile encompassing archive,"Brown, Shaffer and Gill",2022-12-17,2023-04-12,Completed
PRJ-0699,DPT-006,Universal tangible portal,"Chen, Douglas and Martinez",2019-01-15,,On Hold
PRJ-0700,DPT-005,Polarized executive concept,Miller-Anderson,2021-10-11,,Active
PRJ-0701,DPT-001,Integrated 4thgeneration frame,Miller-Jackson,2019-06-02,2023-11-15,Completed
PRJ-0702,DPT-004,Synergized full-range website,"Knight, Waters and Robinson",2021-11-30,,Active
PRJ-0703,DPT-001,Assimilated next generation budgetary management,Paul LLC,2021-11-08,,Active
PRJ-0704,DPT-004,Synergized even-keeled definition,Hawkins Inc,2018-04-26,,Active
PRJ-0705,DPT-007,Assimilated fault-tolerant project,"Mcfarland, Scott and Johnson",2019-01-10,,Active
PRJ-0706,DPT-005,Distributed needs-based product,Green-Pena,2022-11-22,,Active
PRJ-0707,DPT-002,Up-sized scalable knowledgebase,Ross and Sons,2018-11-08,,Active
PRJ-0708,DPT-005,Streamlined full-range application,"Jones, Spencer and Kim",2018-06-14,2020-09-25,Completed
PRJ-0709,DPT-001,Synergistic zero-defect capacity,"Lane, Petersen and Cole",2018-02-27,,Active
PRJ-0710,DPT-001,Extended fresh-thinking focus group,"Williams, Davenport and Nelson",2022-06-30,2022-10-31,Completed
PRJ-0711,DPT-004,Face-to-face high-level open system,"Ramirez, Patel and Lozano",2021-05-22,,Active
PRJ-0712,DPT-001,Secured stable artificial intelligence,"Robbins, Barnes and Church",2022-05-30,2023-11-20,Completed
PRJ-0713,DPT-001,Horizontal asynchronous conglomeration,Hernandez LLC,2022-11-05,,Active
PRJ-0714,DPT-002,Multi-tiered 5thgeneration hardware,"Jacobson, Harris and Porter",2021-05-02,,Active
PRJ-0715,DPT-001,Digitized maximized circuit,Cook Group,2020-04-19,,Active
PRJ-0716,DPT-006,Universal demand-driven implementation,Rodriguez PLC,2022-07-17,,Active
PRJ-0717,DPT-006,Phased analyzing strategy,Harrison-Woodard,2021-09-05,,Active
PRJ-0718,DPT-002,Diverse regional middleware,Jimenez-Brooks,2020-07-28,,Active
PRJ-0719,DPT-001,Profit-focused modular analyzer,"Owen, Carroll and Scott",2019-01-02,,Active
PRJ-0720,DPT-006,Future-proofed homogeneous orchestration,"Ramirez, Sanchez and Ballard",2022-05-12,,Active
PRJ-0721,DPT-007,Self-enabling heuristic initiative,"Williams, Hamilton and Henderson",2020-11-17,,On Hold
PRJ-0722,DPT-007,Reactive well-modulated installation,Petty-Gonzales,2020-10-31,,On Hold
PRJ-0723,DPT-003,Focused upward-trending challenge,Montgomery-Miranda,2019-11-01,2022-06-10,Completed
PRJ-0724,DPT-007,Expanded 6thgeneration emulation,"Myers, Jones and Carr",2022-10-16,2023-03-26,Completed
PRJ-0725,DPT-006,De-engineered homogeneous superstructure,Wright PLC,2021-05-18,,Active
PRJ-0726,DPT-001,Customizable responsive hub,"Gonzales, May and Vang",2019-02-16,,Active
PRJ-0727,DPT-005,User-centric content-based infrastructure,"Gonzalez, Doyle and Smith",2019-11-11,2021-10-13,Completed
PRJ-0728,DPT-003,Configurable maximized archive,"Hamilton, Medina and Stephens",2021-11-18,2022-06-27,Completed
PRJ-0729,DPT-006,Open-architected zero tolerance budgetary management,"Thomas, King and Gutierrez",2020-07-28,2021-12-17,Completed
PRJ-0730,DPT-006,Multi-tiered foreground Internet solution,Walker-Cruz,2019-10-14,2021-06-12,Completed
PRJ-0731,DPT-004,Ergonomic tertiary neural-net,"Campos, Clark and Montgomery",2019-03-13,2020-09-09,Completed
PRJ-0732,DPT-001,Expanded analyzing forecast,Davis and Sons,2022-03-09,,Active
PRJ-0733,DPT-004,Right-sized value-added orchestration,"Briggs, Mckee and Turner",2022-07-27,2023-07-08,Completed
PRJ-0734,DPT-001,Re-contextualized transitional support,Jimenez Inc,2018-10-15,2020-04-08,Completed
PRJ-0735,DPT-006,Focused dedicated groupware,Bass-Carroll,2019-11-08,2022-12-31,Completed
PRJ-0736,DPT-005,Proactive responsive leverage,"Doyle, Harper and Miller",2019-02-08,,Active
PRJ-0737,DPT-001,Reverse-engineered systemic process improvement,Montgomery Inc,2018-07-31,,Active
PRJ-0738,DPT-006,Focused demand-driven intranet,Manning LLC,2022-01-13,2023-11-29,Completed
PRJ-0739,DPT-003,Future-proofed transitional ability,"Tran, Morris and Bradshaw",2022-01-08,,Active
PRJ-0740,DPT-002,Triple-buffered explicit portal,"Miller, Schmitt and Holden",2019-04-28,,On Hold
PRJ-0741,DPT-005,Public-key client-driven customer loyalty,Riley-Goodman,2020-01-15,,Active
PRJ-0742,DPT-003,Quality-focused client-server throughput,Hoffman-Miller,2022-09-02,,Active
PRJ-0743,DPT-004,Advanced system-worthy adapter,"Jennings, Ayers and Hart",2020-01-01,,Active
PRJ-0744,DPT-001,Optional value-added knowledgebase,"Wang, Bonilla and Blackburn",2021-06-11,,Active
PRJ-0745,DPT-003,Cloned exuding success,Campbell Ltd,2021-07-10,,Active
PRJ-0746,DPT-004,Compatible real-time forecast,Oneal-Fisher,2020-09-19,,On Hold
PRJ-0747,DPT-003,Public-key bi-directional middleware,Brewer Inc,2021-05-21,2023-12-23,Completed
PRJ-0748,DPT-004,Robust executive protocol,Lindsey PLC,2019-07-27,,Active
PRJ-0749,DPT-003,Down-sized disintermediate architecture,"Oliver, Paul and Riley",2020-12-01,,Active
PRJ-0750,DPT-001,Universal systematic model,"Clark, Banks and Williams",2018-05-01,,Active
PRJ-0751,DPT-004,Synergized next generation policy,"Barker, Sellers and Castillo",2019-12-15,,Active
PRJ-0752,DPT-007,Digitized upward-trending website,Valdez Ltd,2022-03-27,,Active
PRJ-0753,DPT-004,Innovative user-facing intranet,"Young, Johnson and Weber",2020-08-17,2021-10-06,Completed
PRJ-0754,DPT-004,Decentralized 24hour migration,"Harris, Gill and Adams",2019-04-16,2022-03-05,Completed
PRJ-0755,DPT-003,Fully-configurable mobile frame,Adams LLC,2018-10-14,2023-01-01,Completed
PRJ-0756,DPT-007,Profit-focused full-range neural-net,Alvarez-Porter,2019-04-28,,Active
PRJ-0757,DPT-002,Extended optimal capacity,"Santiago, Lopez and Brown",2018-07-24,,Active
PRJ-0758,DPT-005,Multi-layered leadingedge architecture,"Cline, Smith and Davidson",2021-10-13,,Active
PRJ-0759,DPT-001,Visionary object-oriented strategy,Mcfarland and Sons,2020-08-21,,Active
PRJ-0760,DPT-007,Cross-group 4thgeneration secured line,"Grimes, Bird and Turner",2020-12-17,,On Hold
PRJ-0761,DPT-002,Balanced fresh-thinking portal,"Price, Rodriguez and Stark",2019-05-05,,Active
PRJ-0762,DPT-005,Optimized next generation frame,Huang-Bautista,2021-12-26,2023-09-03,Completed
PRJ-0763,DPT-002,Persistent zero tolerance Internet solution,"Mccall, Carr and Miller",2021-12-28,,Active
PRJ-0764,DPT-001,Optimized scalable monitoring,Miles-Hart,2021-07-19,,Active
PRJ-0765,DPT-004,De-engineered uniform adapter,Jackson-Willis,2021-02-14,,Active
PRJ-0766,DPT-007,Triple-buffered needs-based product,Brown Inc,2020-08-16,,Active
PRJ-0767,DPT-006,Cloned actuating success,Rose and Sons,2020-12-05,,Active
PRJ-0768,DPT-004,Reverse-engineered scalable conglomeration,Williams LLC,2018-10-28,,Active
PRJ-0769,DPT-006,Customizable mission-critical installation,"Martin, Combs and Kemp",2020-09-21,,On Hold
PRJ-0770,DPT-003,Distributed motivating migration,Galloway LLC,2021-07-18,,Active
PRJ-0771,DPT-007,Assimilated high-level focus group,Elliott-Brooks,2018-05-14,,Active
PRJ-0772,DPT-006,Profit-focused exuding project,"Matthews, Cook and Cooke",2022-01-14,,Active
PRJ-0773,DPT-002,User-friendly 24/7 firmware,Aguirre LLC,2022-01-29,,Active
PRJ-0774,DPT-002,Expanded 3rdgeneration moderator,Hansen-Short,2020-10-26,,On Hold
PRJ-0775,DPT-007,De-engineered human-resource definition,Martin Ltd,2022-06-11,,Active
PRJ-0776,DPT-006,Function-based explicit budgetary management,Hall and Sons,2020-09-26,2023-01-31,Completed
PRJ-0777,DPT-006,Streamlined actuating conglomeration,"Nielsen, Brown and Castillo",2022-01-20,,Active
PRJ-0778,DPT-002,Advanced 4thgeneration circuit,Bryan LLC,2022-08-14,,Active
PRJ-0779,DPT-007,Devolved dedicated groupware,Kim Group,2020-08-21,2023-06-26,Completed
PRJ-0780,DPT-006,Configurable user-facing workforce,Kennedy-Brown,2022-04-28,,Active
PRJ-0781,DPT-003,Progressive dedicated concept,"Carney, Farrell and Baker",2021-03-28,,Active
PRJ-0782,DPT-005,Cross-platform fault-tolerant definition,Combs-Robinson,2020-08-03,2023-01-28,Completed
PRJ-0783,DPT-006,Customizable transitional system engine,"Thornton, Armstrong and Pittman",2020-12-10,2023-10-07,Completed
PRJ-0784,DPT-003,Intuitive local superstructure,Curtis-Sims,2019-12-24,,Active
PRJ-0785,DPT-005,Exclusive discrete approach,Velasquez-Robinson,2018-05-18,,Active
PRJ-0786,DPT-004,Synchronized static standardization,Kelley-Miller,2019-01-03,2022-01-26,Completed
PRJ-0787,DPT-007,Switchable multimedia hardware,Cooper Group,2019-01-25,,Active
PRJ-0788,DPT-006,Robust coherent hierarchy,"Alvarado, Gross and Carlson",2020-05-07,2022-12-14,Completed
PRJ-0789,DPT-007,Cloned non-volatile projection,Ayala-Ramos,2019-09-01,,Active
PRJ-0790,DPT-006,Front-line didactic architecture,Olsen PLC,2019-09-28,,Active
PRJ-0791,DPT-003,Total multi-tasking implementation,"Heath, Gomez and Powell",2022-09-10,,Active
PRJ-0792,DPT-003,Mandatory stable approach,Vance Inc,2022-07-09,2022-07-23,Completed
PRJ-0793,DPT-005,Multi-layered content-based moratorium,"Phillips, Crawford and Montoya",2022-11-27,,Active
PRJ-0794,DPT-003,Total coherent knowledge user,"Wood, Lewis and Lopez",2020-05-19,2022-01-24,Completed
PRJ-0795,DPT-004,Inverse asynchronous moratorium,Vega PLC,2018-11-05,,Active
PRJ-0796,DPT-006,Function-based intermediate budgetary management,"Jackson, Wilson and Baker",2021-11-09,,Active
PRJ-0797,DPT-004,Reverse-engineered motivating definition,Smith-Cole,2021-10-14,,Active
PRJ-0798,DPT-001,Compatible systemic projection,Welch-Garcia,2018-04-07,,Active
PRJ-0799,DPT-007,Realigned uniform website,"Robinson, Rodriguez and Hebert",2020-01-21,,Active
PRJ-0800,DPT-006,Integrated real-time success,"Jordan, Thompson and Richardson",2019-11-20,,Active
PRJ-0801,DPT-004,Streamlined well-modulated encoding,"Hartman, Shields and Flores",2018-11-13,,Active
PRJ-0802,DPT-007,Proactive fresh-thinking capacity,"Bennett, Flynn and Mcconnell",2019-05-08,2021-07-09,Completed
PRJ-0803,DPT-007,Ameliorated secondary secured line,Johnson LLC,2022-11-18,,Active
PRJ-0804,DPT-003,Exclusive modular strategy,Gates-Miller,2019-12-10,,Active
PRJ-0805,DPT-006,Mandatory 5thgeneration productivity,Lopez PLC,2022-01-09,2023-08-11,Completed
PRJ-0806,DPT-006,Future-proofed 24/7 secured line,"Garza, Watson and Newman",2022-05-25,,Active
PRJ-0807,DPT-007,Up-sized empowering challenge,Reed Ltd,2022-10-10,2022-11-08,Completed
PRJ-0808,DPT-007,Triple-buffered cohesive website,Collins-Rodriguez,2020-07-25,,Active
PRJ-0809,DPT-004,Reduced client-driven monitoring,"Dixon, Jones and Bowen",2020-05-15,,Active
PRJ-0810,DPT-005,Horizontal mobile Local Area Network,"Vargas, Lopez and Day",2021-07-16,,On Hold
PRJ-0811,DPT-006,Seamless zero tolerance synergy,Williamson and Sons,2018-01-18,,On Hold
PRJ-0812,DPT-007,Monitored holistic artificial intelligence,Yang-Marshall,2020-02-19,2023-08-04,Completed
PRJ-0813,DPT-004,Multi-channeled transitional core,"Singh, Smith and Robinson",2020-04-26,,Active
PRJ-0814,DPT-007,Realigned bifurcated hierarchy,"Hart, Hunt and Thomas",2021-04-24,2023-07-05,Completed
PRJ-0815,DPT-007,Phased explicit frame,Allen Group,2019-10-03,,Active
PRJ-0816,DPT-006,Customizable empowering product,Thomas Inc,2019-12-08,2020-01-08,Completed
PRJ-0817,DPT-001,Business-focused needs-based benchmark,"Hogan, Walker and Davis",2018-12-27,2021-07-15,Completed
PRJ-0818,DPT-005,Advanced mobile hardware,Mccann-Mcdonald,2021-09-19,,Active
PRJ-0819,DPT-006,Down-sized asynchronous instruction set,King LLC,2020-06-13,,Active
PRJ-0820,DPT-003,Focused analyzing groupware,Turner LLC,2022-01-27,2022-10-15,Completed
PRJ-0821,DPT-003,Multi-channeled 3rdgeneration utilization,"Hernandez, Perez and Thomas",2022-07-15,,Active
PRJ-0822,DPT-001,Realigned bandwidth-monitored infrastructure,Hall Group,2018-09-22,2023-09-01,Completed
PRJ-0823,DPT-002,Inverse systemic migration,"Gates, Johnson and Perez",2019-03-22,,Active
PRJ-0824,DPT-007,Pre-emptive bottom-line function,Walker-Cooper,2019-03-19,,On Hold
PRJ-0825,DPT-005,Public-key fault-tolerant Internet solution,"Montoya, Lewis and Barr",2022-08-15,2023-07-25,Completed
PRJ-0826,DPT-002,Enhanced actuating database,Gonzalez and Sons,2019-04-27,2020-05-24,Completed
PRJ-0827,DPT-001,Polarized analyzing function,"Green, Mcdowell and Taylor",2020-06-27,2020-08-10,Completed
PRJ-0828,DPT-001,Diverse homogeneous help-desk,Dunn-Williamson,2020-03-25,,Active
PRJ-0829,DPT-002,Multi-lateral next generation application,Young Ltd,2020-02-10,,Active
PRJ-0830,DPT-002,Decentralized 4thgeneration middleware,Gordon Ltd,2020-05-18,,Active
PRJ-0831,DPT-006,Up-sized national superstructure,Meyers Ltd,2018-10-16,,On Hold
PRJ-0832,DPT-003,Function-based disintermediate protocol,"Boyd, Thompson and Perez",2020-04-08,,Active
PRJ-0833,DPT-007,Reduced 6thgeneration parallelism,"Green, Ramirez and Riddle",2022-07-18,,Active
PRJ-0834,DPT-001,Stand-alone zero-defect architecture,"Harris, Camacho and Phillips",2018-04-29,,Active
PRJ-0835,DPT-003,Open-source coherent archive,"Mitchell, Ortiz and Hall",2020-12-26,,Active
PRJ-0836,DPT-003,Fundamental leadingedge core,"Wright, Brown and Huffman",2020-09-26,,Active
PRJ-0837,DPT-003,Inverse grid-enabled system engine,"Myers, Carter and Dunn",2020-04-03,2020-09-27,Completed
PRJ-0838,DPT-007,Stand-alone heuristic Local Area Network,Beck-Vang,2018-06-25,,Active
PRJ-0839,DPT-004,User-friendly local extranet,"Taylor, Walton and Brewer",2019-08-09,,Active
PRJ-0840,DPT-002,Secured interactive instruction set,Taylor-Walters,2018-11-23,2021-02-04,Completed
PRJ-0841,DPT-002,Customer-focused optimizing ability,"Todd, Knapp and Saunders",2021-10-23,,Active
PRJ-0842,DPT-001,Grass-roots foreground protocol,Hill-Jenkins,2022-12-12,,Active
PRJ-0843,DPT-001,Streamlined web-enabled portal,Forbes Inc,2022-02-24,2023-01-23,Completed
PRJ-0844,DPT-007,Ergonomic discrete leverage,"Yates, Perry and Bradford",2019-09-18,,Active
PRJ-0845,DPT-003,Multi-layered web-enabled emulation,Rodriguez-Garcia,2021-05-09,2022-05-22,Completed
PRJ-0846,DPT-004,Business-focused modular approach,"Shields, Franklin and Murphy",2019-10-03,,Active
PRJ-0847,DPT-007,Ameliorated eco-centric concept,"Leblanc, Long and Hernandez",2018-07-25,,Active
PRJ-0848,DPT-004,Business-focused context-sensitive initiative,Watts-Bender,2022-03-25,,Active
PRJ-0849,DPT-006,Horizontal mission-critical firmware,"Carter, Gonzalez and Long",2019-12-09,,Active
PRJ-0850,DPT-006,Inverse client-server attitude,Smith-Wright,2018-05-24,,Active
PRJ-0851,DPT-002,Down-sized motivating parallelism,Ballard-Deleon,2019-10-21,,Active
PRJ-0852,DPT-003,Virtual systemic paradigm,Adams PLC,2021-04-30,2022-07-08,Completed
PRJ-0853,DPT-001,Phased radical customer loyalty,Robinson-Page,2020-11-09,,Active
PRJ-0854,DPT-002,Networked cohesive website,Harmon LLC,2019-04-10,2022-10-25,Completed
PRJ-0855,DPT-001,Devolved incremental knowledgebase,Blevins PLC,2019-05-06,2022-10-29,Completed
PRJ-0856,DPT-001,User-centric mission-critical approach,Clark Inc,2022-12-18,,Active
PRJ-0857,DPT-002,Cross-group incremental info-mediaries,Robinson-Conner,2019-01-09,,Active
PRJ-0858,DPT-004,Total user-facing project,Banks-Sloan,2020-12-19,2023-06-23,Completed
PRJ-0859,DPT-007,Grass-roots asymmetric framework,Tucker-Mclaughlin,2018-03-16,,Active
PRJ-0860,DPT-001,Visionary even-keeled Graphical User Interface,Snow Group,2021-04-18,2023-10-19,Completed
PRJ-0861,DPT-003,Persevering radical attitude,"Graham, Stevens and Hernandez",2020-04-28,,Active
PRJ-0862,DPT-001,Fully-configurable object-oriented installation,"Whitehead, Mullins and Walker",2018-04-30,2022-04-15,Completed
PRJ-0863,DPT-003,Reverse-engineered multi-tasking conglomeration,Erickson Ltd,2022-09-23,2023-12-18,Completed
PRJ-0864,DPT-007,Compatible methodical middleware,Fischer-Beck,2021-02-07,,Active
PRJ-0865,DPT-007,Operative directional process improvement,Jones PLC,2021-11-11,2022-04-20,Completed
PRJ-0866,DPT-003,User-centric human-resource circuit,Day-Valencia,2022-06-23,,Active
PRJ-0867,DPT-007,Polarized leadingedge definition,Singh-Wilson,2018-05-29,,Active
PRJ-0868,DPT-006,Multi-channeled systemic utilization,"Weber, Lewis and Evans",2021-07-03,,On Hold
PRJ-0869,DPT-005,Programmable global workforce,Johnson LLC,2021-10-24,,Active
PRJ-0870,DPT-004,Seamless systematic firmware,Todd-Hines,2019-05-24,,On Hold
PRJ-0871,DPT-007,Reduced discrete project,Rowe-Peck,2018-11-05,2022-02-22,Completed
PRJ-0872,DPT-007,Open-source coherent superstructure,"Cordova, Landry and Stephens",2022-11-17,,Active
PRJ-0873,DPT-006,De-engineered non-volatile infrastructure,"Ewing, Reyes and Holland",2021-08-19,2023-09-19,Completed
PRJ-0874,DPT-006,Organized interactive emulation,"Brooks, Hall and Watson",2022-01-16,,Active
PRJ-0875,DPT-007,Front-line impactful access,Tyler Group,2021-01-27,,Active
PRJ-0876,DPT-007,Multi-layered 24/7 extranet,Curtis LLC,2018-12-21,2020-08-20,Completed
PRJ-0877,DPT-001,Profound discrete time-frame,"Berry, Davis and Stevens",2019-04-09,,On Hold
PRJ-0878,DPT-007,Quality-focused secondary capacity,Cochran Ltd,2021-12-28,,On Hold
PRJ-0879,DPT-006,Right-sized 24/7 methodology,Phelps-Mora,2022-04-11,2023-10-27,Completed
PRJ-0880,DPT-003,Up-sized national software,Martinez-Black,2021-03-06,,On Hold
PRJ-0881,DPT-006,Operative tertiary architecture,Simmons-Williams,2019-06-16,2019-06-27,Completed
PRJ-0882,DPT-002,De-engineered next generation algorithm,Jackson and Sons,2020-07-23,,Active
PRJ-0883,DPT-007,Implemented human-resource Internet solution,Compton Group,2020-10-09,2021-03-01,Completed
PRJ-0884,DPT-002,Phased tangible hierarchy,"Reynolds, Ortiz and White",2021-06-07,2022-12-10,Completed
PRJ-0885,DPT-003,Proactive actuating framework,Stephens PLC,2019-09-17,2021-05-21,Completed
PRJ-0886,DPT-002,Versatile object-oriented conglomeration,Duke Ltd,2022-06-10,,Active
PRJ-0887,DPT-001,Fundamental 4thgeneration process improvement,"Joseph, Lopez and Foster",2018-08-30,2022-07-14,Completed
PRJ-0888,DPT-002,Open-architected zero administration extranet,"Grant, West and Cantrell",2020-07-10,,Active
PRJ-0889,DPT-002,Down-sized leadingedge database,Bradley-Friedman,2018-06-21,2022-05-10,Completed
PRJ-0890,DPT-007,Assimilated uniform Graphic Interface,Mcdonald-Williams,2019-02-19,,Active
PRJ-0891,DPT-005,Optional encompassing info-mediaries,"Murphy, Thomas and Sampson",2021-11-28,,Active
PRJ-0892,DPT-002,Universal radical extranet,Rodriguez-Munoz,2018-08-30,,On Hold
PRJ-0893,DPT-005,Total interactive installation,"Williams, Hall and Espinoza",2018-05-23,,On Hold
PRJ-0894,DPT-004,Assimilated attitude-oriented knowledge user,"Ruiz, Morales and Pugh",2018-05-25,,Active
PRJ-0895,DPT-003,Business-focused context-sensitive complexity,Johnson and Sons,2021-08-29,2022-12-20,Completed
PRJ-0896,DPT-002,Visionary clear-thinking data-warehouse,"Jackson, Wright and Flores",2019-03-15,,Active
PRJ-0897,DPT-007,Assimilated real-time function,Martin LLC,2020-11-10,,Active
PRJ-0898,DPT-004,Streamlined tertiary initiative,Schultz Inc,2019-04-05,2019-06-16,Completed
PRJ-0899,DPT-001,Down-sized high-level firmware,"Hoover, Ray and Rodriguez",2019-08-11,2023-01-13,Completed
PRJ-0900,DPT-006,Managed empowering hardware,Murphy LLC,2018-10-31,,Active
PRJ-0901,DPT-001,Organic zero-defect info-mediaries,Perry-Austin,2019-11-16,2021-09-01,Completed
PRJ-0902,DPT-007,Innovative real-time Graphic Interface,Poole Ltd,2019-07-04,,Active
PRJ-0903,DPT-007,Open-source client-server migration,"Lamb, Wood and Kaufman",2019-04-20,,Active
PRJ-0904,DPT-005,Centralized upward-trending protocol,"Lee, Lam and Mitchell",2019-09-03,,On Hold
PRJ-0905,DPT-007,Advanced impactful attitude,Young-Thompson,2022-04-04,2023-01-13,Completed
PRJ-0906,DPT-007,Progressive object-oriented process improvement,Chavez-Greene,2022-12-17,,Active
PRJ-0907,DPT-004,Ameliorated intangible policy,"Daniel, Payne and Arnold",2019-02-04,,Active
PRJ-0908,DPT-005,Face-to-face zero tolerance leverage,Brown LLC,2022-12-03,2023-01-17,Completed
PRJ-0909,DPT-007,Proactive bandwidth-monitored protocol,Walker Group,2020-02-28,2021-12-17,Completed
PRJ-0910,DPT-003,Quality-focused reciprocal application,Mckinney-Lam,2021-12-22,,Active
PRJ-0911,DPT-005,Profound foreground monitoring,Lopez Inc,2019-03-18,,Active
PRJ-0912,DPT-002,Stand-alone logistical utilization,Williamson-Johnson,2019-08-17,2023-11-16,Completed
PRJ-0913,DPT-005,Managed asynchronous success,"Hunter, Collier and Peterson",2020-02-22,,Active
PRJ-0914,DPT-002,Enterprise-wide object-oriented knowledge user,"Crane, Hall and Manning",2021-12-08,,On Hold
PRJ-0915,DPT-006,Upgradable well-modulated toolset,Harris-Hahn,2018-01-10,2018-04-14,Completed
PRJ-0916,DPT-001,Function-based background extranet,"Finley, Lee and Delgado",2021-07-22,,Active
PRJ-0917,DPT-004,Upgradable systemic project,"Eaton, Reid and Martinez",2018-01-25,,Active
PRJ-0918,DPT-006,Fundamental zero administration challenge,Cervantes Inc,2018-04-15,,Active
PRJ-0919,DPT-002,Total systemic neural-net,Diaz-Brooks,2019-08-14,2021-07-07,Completed
PRJ-0920,DPT-004,Fundamental next generation matrix,"Jones, Perez and Trevino",2018-10-17,2019-05-02,Completed
PRJ-0921,DPT-001,Horizontal leadingedge project,Sanders-Edwards,2022-02-19,,Active
PRJ-0922,DPT-005,Face-to-face composite standardization,Miller-Fuller,2018-12-05,,Active
PRJ-0923,DPT-006,Managed intangible architecture,Hickman-Lin,2019-07-06,,Active
PRJ-0924,DPT-003,Grass-roots directional collaboration,Daniel Group,2022-11-14,2023-03-13,Completed
PRJ-0925,DPT-002,Function-based methodical workforce,"Graves, Ewing and Ford",2018-05-31,,Active
PRJ-0926,DPT-002,Focused fresh-thinking productivity,"Harris, Johnson and Mack",2021-04-06,2023-06-23,Completed
PRJ-0927,DPT-004,Future-proofed bottom-line knowledge user,Burns LLC,2018-06-23,,Active
PRJ-0928,DPT-005,Object-based non-volatile matrix,Baker-Perez,2019-07-20,2022-10-24,Completed
PRJ-0929,DPT-002,Ergonomic transitional strategy,Durham Ltd,2018-11-16,2021-08-05,Completed
PRJ-0930,DPT-004,Centralized neutral project,"Anderson, Austin and Harris",2019-04-17,,Active
PRJ-0931,DPT-003,Digitized asynchronous task-force,Clark Group,2018-04-05,2020-05-30,Completed
PRJ-0932,DPT-002,Synchronized fresh-thinking toolset,"Williams, Wong and Robertson",2018-02-19,2022-05-10,Completed
PRJ-0933,DPT-007,Down-sized regional framework,Johnson and Sons,2022-04-15,,On Hold
PRJ-0934,DPT-005,Persevering content-based throughput,Rogers-Taylor,2021-02-20,2021-08-20,Completed
PRJ-0935,DPT-004,Seamless leadingedge service-desk,"Forbes, Herrera and Rogers",2022-08-14,,Active
PRJ-0936,DPT-004,Networked modular process improvement,"Allen, Gray and Golden",2019-04-25,,Active
PRJ-0937,DPT-003,Phased multimedia interface,Montes Ltd,2020-07-08,,Active
PRJ-0938,DPT-007,Public-key leadingedge instruction set,Higgins-Davila,2018-10-24,2019-12-12,Completed
PRJ-0939,DPT-006,Progressive analyzing installation,"Franco, Bailey and Stewart",2019-05-06,2020-05-28,Completed
PRJ-0940,DPT-006,Customer-focused 5thgeneration standardization,"Malone, Lewis and Sanders",2018-12-08,2021-10-11,Completed
PRJ-0941,DPT-003,Multi-tiered hybrid leverage,"Spencer, Rogers and Wallace",2018-11-21,2020-09-06,Completed
PRJ-0942,DPT-003,Future-proofed asynchronous budgetary management,Lawson Ltd,2022-07-25,,Active
PRJ-0943,DPT-005,Synergized multi-state architecture,Nelson and Sons,2022-09-08,2023-05-18,Completed
PRJ-0944,DPT-002,Self-enabling contextually-based extranet,Harvey-Flores,2021-01-16,,On Hold
PRJ-0945,DPT-004,Implemented heuristic analyzer,"Morris, Green and Holmes",2020-11-09,2023-05-31,Completed
PRJ-0946,DPT-005,Profound responsive time-frame,"Villarreal, Hughes and Williams",2020-01-17,,Active
PRJ-0947,DPT-005,Reduced zero tolerance neural-net,Robertson-Fernandez,2022-12-03,2023-07-15,Completed
PRJ-0948,DPT-004,Secured scalable moratorium,Saunders-Kirk,2021-05-14,,Active
PRJ-0949,DPT-004,Automated client-server toolset,Riley-Velazquez,2022-11-10,,Active
PRJ-0950,DPT-007,Sharable high-level policy,Williams-Frazier,2019-02-17,,Active
PRJ-0951,DPT-006,Customer-focused non-volatile moderator,"Williamson, Lopez and Smith",2022-03-25,2023-03-21,Completed
PRJ-0952,DPT-002,Proactive content-based application,"Sosa, Shaw and Davis",2019-12-16,,Active
PRJ-0953,DPT-006,Ameliorated cohesive paradigm,Clark Group,2021-12-15,,Active
PRJ-0954,DPT-007,Organized analyzing hardware,Elliott PLC,2019-03-01,,Active
PRJ-0955,DPT-003,Multi-channeled discrete moratorium,Garcia-Osborne,2021-10-26,2022-04-05,Completed
PRJ-0956,DPT-001,Face-to-face client-server hub,Morse and Sons,2021-01-15,,Active
PRJ-0957,DPT-007,Programmable web-enabled open architecture,"Harrington, Townsend and Deleon",2018-02-23,,Active
PRJ-0958,DPT-007,Innovative well-modulated artificial intelligence,Thompson-Hill,2019-03-03,2019-12-29,Completed
PRJ-0959,DPT-005,De-engineered static budgetary management,Garner LLC,2020-07-24,,Active
PRJ-0960,DPT-007,Streamlined encompassing function,"Knapp, Goodwin and Smith",2020-07-16,,Active
PRJ-0961,DPT-005,Versatile incremental standardization,Smith Ltd,2018-08-08,2021-11-28,Completed
PRJ-0962,DPT-003,Public-key background ability,Garcia-Wu,2022-02-14,,Active
PRJ-0963,DPT-003,Synergistic optimal synergy,Hall-Shepard,2020-11-06,2021-04-03,Completed
PRJ-0964,DPT-007,Triple-buffered exuding productivity,Smith-Lee,2022-03-13,,Active
PRJ-0965,DPT-001,Enhanced analyzing function,Sanchez and Sons,2020-07-15,,Active
PRJ-0966,DPT-002,Advanced executive framework,Garcia Inc,2021-10-14,2023-03-29,Completed
PRJ-0967,DPT-004,Optimized tertiary productivity,Yoder LLC,2019-09-14,,On Hold
PRJ-0968,DPT-007,Open-architected asymmetric focus group,Diaz-Johnson,2019-05-01,,Active
PRJ-0969,DPT-003,Right-sized 3rdgeneration extranet,Miller and Sons,2022-07-02,,Active
PRJ-0970,DPT-001,Optional national interface,Bryant-Reed,2020-06-30,2022-03-12,Completed
PRJ-0971,DPT-007,Seamless motivating throughput,"Harris, Allen and Gallagher",2019-04-14,,Active
PRJ-0972,DPT-003,Automated non-volatile forecast,"Manning, Russell and Combs",2019-08-16,,Active
PRJ-0973,DPT-004,Configurable optimal paradigm,"Carlson, Watts and Kennedy",2018-04-14,2018-11-08,Completed
PRJ-0974,DPT-005,Versatile exuding implementation,Reilly Group,2018-06-26,,On Hold
PRJ-0975,DPT-007,Self-enabling tertiary complexity,Terry-Perez,2019-02-07,2021-05-15,Completed
PRJ-0976,DPT-004,Networked maximized monitoring,Davis Ltd,2021-04-20,,On Hold
PRJ-0977,DPT-006,Grass-roots cohesive groupware,Romero PLC,2019-07-01,,Active
PRJ-0978,DPT-005,Front-line client-server time-frame,Chen-Weber,2022-11-10,,Active
PRJ-0979,DPT-003,Optional responsive success,Villegas-Powers,2022-03-05,,Active
PRJ-0980,DPT-002,Extended coherent encryption,Moore-Hancock,2019-05-27,2020-10-22,Completed
PRJ-0981,DPT-003,Streamlined background encryption,Taylor Inc,2021-05-07,2021-08-26,Completed
PRJ-0982,DPT-005,Programmable impactful software,"Brewer, Powell and Howard",2019-04-10,,On Hold
PRJ-0983,DPT-007,Organized eco-centric hub,Bradshaw Ltd,2021-06-17,,On Hold
PRJ-0984,DPT-006,Secured heuristic secured line,"Jackson, Miller and Chase",2021-08-27,,On Hold
PRJ-0985,DPT-004,User-centric optimal attitude,Hill and Sons,2022-06-11,2023-11-17,Completed
PRJ-0986,DPT-004,Versatile asynchronous collaboration,Castro-Williams,2020-09-21,,On Hold
PRJ-0987,DPT-007,Object-based composite artificial intelligence,"Ramos, Alvarez and Williams",2020-07-11,,Active
PRJ-0988,DPT-005,Centralized exuding circuit,Rodriguez-Thomas,2021-07-18,2022-11-19,Completed
PRJ-0989,DPT-005,Multi-tiered coherent interface,Pitts Inc,2020-03-07,,Active
PRJ-0990,DPT-007,Open-architected exuding encryption,Johns Inc,2021-09-24,,Active
PRJ-0991,DPT-007,Diverse fault-tolerant Local Area Network,Barry-Bonilla,2018-02-01,,Active
PRJ-0992,DPT-002,Multi-channeled zero-defect structure,Jones and Sons,2022-02-02,,Active
PRJ-0993,DPT-004,Versatile multi-tasking database,Campbell-Bennett,2019-11-28,,Active
PRJ-0994,DPT-003,Proactive methodical superstructure,Bartlett-Lopez,2019-07-02,,Active
PRJ-0995,DPT-005,Function-based composite matrices,"Collins, Holt and Thompson",2022-08-02,2023-08-18,Completed
PRJ-0996,DPT-004,Sharable incremental throughput,Anderson Ltd,2022-04-17,,Active
PRJ-0997,DPT-006,Digitized interactive benchmark,Ramirez Ltd,2022-12-18,2023-08-12,Completed
PRJ-0998,DPT-003,Reactive maximized knowledge user,"Bradley, Anthony and Hopkins",2022-04-19,,Active
PRJ-0999,DPT-001,Compatible optimal function,"Dickerson, Russell and Arnold",2019-07-06,,Active
PRJ-1000,DPT-004,Persevering grid-enabled initiative,Cummings LLC,2018-04-25,,Active
PRJ-1001,DPT-006,Realigned interactive leverage,Thomas PLC,2021-05-05,,Active
PRJ-1002,DPT-003,Profit-focused encompassing model,Johnson and Sons,2020-05-07,2022-04-21,Completed
PRJ-1003,DPT-004,Compatible human-resource hardware,Gilbert-Fuller,2022-07-22,,Active
PRJ-1004,DPT-001,User-centric intangible functionalities,Spears Inc,2020-11-10,,Active
PRJ-1005,DPT-004,Fundamental bifurcated help-desk,Shaw Ltd,2022-02-11,,On Hold
PRJ-1006,DPT-004,Profit-focused intangible system engine,Marshall-Webb,2018-12-19,,Active
PRJ-1007,DPT-006,Operative optimal implementation,Calhoun Ltd,2019-04-15,,Active
PRJ-1008,DPT-005,Switchable disintermediate core,Martinez-Gay,2021-05-27,,Active
PRJ-1009,DPT-004,Multi-layered zero administration encryption,"Castro, Clark and Kennedy",2020-10-25,,Active
PRJ-1010,DPT-001,Networked system-worthy challenge,Murphy and Sons,2021-02-09,,Active
PRJ-1011,DPT-007,Streamlined asymmetric complexity,"Holden, Collins and Gardner",2022-10-25,,Active
PRJ-1012,DPT-002,Operative directional strategy,"Gomez, Morrison and Cox",2020-06-20,,Active
PRJ-1013,DPT-002,Business-focused global analyzer,Ramirez LLC,2018-09-30,,On Hold
PRJ-1014,DPT-005,User-friendly 3rdgeneration superstructure,Day-Duran,2018-02-09,,Active
PRJ-1015,DPT-006,Multi-layered next generation migration,Lane PLC,2019-05-01,2021-07-20,Completed
PRJ-1016,DPT-005,Extended optimal productivity,"Gordon, Rogers and Rose",2022-05-08,,Active
PRJ-1017,DPT-001,Fully-configurable cohesive collaboration,Serrano-Brown,2018-12-11,2019-11-09,Completed
PRJ-1018,DPT-003,Open-source needs-based synergy,Powell-Beck,2018-05-15,,Active
PRJ-1019,DPT-002,Diverse national portal,"Bentley, White and Johns",2018-10-19,,Active
PRJ-1020,DPT-006,Function-based reciprocal middleware,"Long, Bailey and Hamilton",2018-10-21,,Active
PRJ-1021,DPT-006,Universal mission-critical neural-net,Blevins LLC,2020-03-13,,On Hold
PRJ-1022,DPT-004,Synergistic web-enabled neural-net,"Lopez, Cruz and Miller",2018-08-03,2021-04-10,Completed
PRJ-1023,DPT-001,Front-line next generation definition,Fry Group,2020-08-07,,Active
PRJ-1024,DPT-006,Horizontal optimizing customer loyalty,Owens-Campbell,2018-06-12,,Active
PRJ-1025,DPT-006,Focused explicit project,Jordan Group,2022-08-28,2023-03-24,Completed
PRJ-1026,DPT-007,Mandatory hybrid Internet solution,"Faulkner, Brown and Saunders",2020-12-23,,Active
PRJ-1027,DPT-004,Open-architected next generation project,Shannon Inc,2021-04-04,,On Hold
PRJ-1028,DPT-005,Integrated static approach,Gonzales-Snyder,2021-08-22,,Active
PRJ-1029,DPT-006,Operative 4thgeneration task-force,"Stanton, Ruiz and Gardner",2021-03-29,2021-08-25,Completed
PRJ-1030,DPT-007,Horizontal value-added product,Perez-Chavez,2022-08-09,2022-08-31,Completed
PRJ-1031,DPT-004,Distributed logistical policy,Cross-Graves,2022-03-22,,Active
PRJ-1032,DPT-006,Exclusive 24/7 budgetary management,"Hurst, Simmons and Tyler",2022-12-22,,On Hold
PRJ-1033,DPT-002,Integrated hybrid hub,Garcia LLC,2021-03-01,2023-12-09,Completed
PRJ-1034,DPT-003,Object-based foreground open architecture,"Bartlett, Payne and Adams",2022-09-15,,Active
PRJ-1035,DPT-004,Optimized next generation frame,Kirby-Barker,2018-03-12,2023-11-15,Completed
PRJ-1036,DPT-005,Object-based multi-state focus group,Bryan LLC,2021-12-19,,Active
PRJ-1037,DPT-003,Re-engineered heuristic hardware,"Burnett, Griffith and Norton",2019-09-05,,Active
PRJ-1038,DPT-001,Reactive asymmetric Graphical User Interface,"Coleman, Hayes and Crosby",2021-12-27,,Active
PRJ-1039,DPT-002,Stand-alone clear-thinking moderator,Cooper Group,2018-09-18,,Active
PRJ-1040,DPT-003,Ergonomic solution-oriented adapter,Zhang Ltd,2019-12-06,,Active
PRJ-1041,DPT-006,Diverse zero tolerance matrices,Lewis-Jacobson,2021-05-10,2023-12-28,Completed
PRJ-1042,DPT-005,Horizontal zero-defect portal,Harris-Wise,2022-12-01,2023-11-16,Completed
PRJ-1043,DPT-004,Object-based multi-state Local Area Network,"Benson, Richardson and Solomon",2020-07-07,2022-08-21,Completed
PRJ-1044,DPT-003,Customer-focused national utilization,Craig Group,2021-01-12,,Active
PRJ-1045,DPT-005,Focused encompassing alliance,"Reynolds, Duke and Andrews",2021-10-02,2023-03-20,Completed
PRJ-1046,DPT-003,Customizable background website,Stewart-Sampson,2020-05-29,,Active
PRJ-1047,DPT-002,Grass-roots analyzing installation,Hernandez Inc,2018-11-11,,Active
PRJ-1048,DPT-007,Networked zero tolerance contingency,Mendez-Oliver,2021-07-27,,Active
PRJ-1049,DPT-004,Polarized cohesive throughput,French-Gordon,2020-01-13,2020-12-11,Completed
PRJ-1050,DPT-007,Enhanced context-sensitive implementation,Hester and Sons,2018-07-22,2023-05-10,Completed
PRJ-1051,DPT-006,Open-source multi-state conglomeration,Lee-Perkins,2018-08-10,,Active
PRJ-1052,DPT-002,Versatile clear-thinking analyzer,Jordan PLC,2021-10-26,,Active
PRJ-1053,DPT-006,Diverse interactive knowledgebase,Esparza Group,2022-12-23,,Active
PRJ-1054,DPT-003,Cross-group scalable framework,"Reeves, Shaffer and Smith",2019-05-05,,On Hold
PRJ-1055,DPT-004,Secured needs-based data-warehouse,"Saunders, Goodman and Scott",2021-01-13,,Active
PRJ-1056,DPT-001,Implemented attitude-oriented toolset,Hill-Johnson,2018-12-01,2021-11-26,Completed
PRJ-1057,DPT-003,Balanced 24hour Internet solution,"Neal, Long and Mcintyre",2022-09-01,2023-05-16,Completed
PRJ-1058,DPT-002,Exclusive actuating alliance,Murphy-Harrison,2022-05-02,,On Hold
PRJ-1059,DPT-006,Open-architected national website,Montgomery-Hernandez,2019-01-27,,Active
PRJ-1060,DPT-005,User-centric actuating adapter,Mcintosh-Reed,2022-01-26,,Active
PRJ-1061,DPT-005,Stand-alone local function,"Wilson, Nelson and Little",2018-09-15,,Active
PRJ-1062,DPT-002,Profit-focused stable ability,Gillespie and Sons,2018-01-04,,Active
PRJ-1063,DPT-004,Universal homogeneous superstructure,"Mcdonald, Nielsen and Jones",2022-04-02,,On Hold
PRJ-1064,DPT-006,Assimilated even-keeled success,Butler-Gamble,2018-03-27,,Active
PRJ-1065,DPT-003,Switchable transitional secured line,"Martinez, Burns and Hughes",2019-01-22,,Active
PRJ-1066,DPT-001,Configurable intermediate matrices,Thomas Inc,2020-04-04,,Active
PRJ-1067,DPT-005,Networked tangible Graphical User Interface,"Perez, Khan and Drake",2022-08-03,,Active
PRJ-1068,DPT-002,Adaptive value-added synergy,"Chen, Davis and Santiago",2021-01-17,,Active
PRJ-1069,DPT-002,Quality-focused systemic benchmark,Henderson Group,2019-05-24,,On Hold
PRJ-1070,DPT-006,Down-sized well-modulated collaboration,Daniels Inc,2018-03-27,,Active
PRJ-1071,DPT-004,Devolved bandwidth-monitored encoding,Fletcher LLC,2018-03-18,,On Hold
PRJ-1072,DPT-006,Re-engineered homogeneous encoding,"Berry, Washington and Lee",2020-07-04,,Active
PRJ-1073,DPT-003,Progressive neutral archive,"Adams, Smith and Powers",2022-10-02,,On Hold
PRJ-1074,DPT-007,Digitized empowering standardization,Turner-Ritter,2021-12-26,,Active
PRJ-1075,DPT-001,Re-contextualized system-worthy framework,Collins LLC,2018-12-17,,On Hold
PRJ-1076,DPT-003,Synchronized maximized hub,Patterson-Cruz,2021-05-22,2022-03-06,Completed
PRJ-1077,DPT-001,Cross-group directional concept,Silva and Sons,2021-03-06,2021-03-21,Completed
PRJ-1078,DPT-004,Customizable systematic parallelism,Patrick-Miller,2019-08-27,,Active
PRJ-1079,DPT-005,Devolved bi-directional infrastructure,York-Shaw,2018-01-15,2022-10-09,Completed
PRJ-1080,DPT-001,Persevering coherent implementation,"Alvarez, Johnson and Neal",2018-08-24,2019-08-14,Completed
PRJ-1081,DPT-007,Secured directional moderator,"Lewis, Frazier and Morrison",2020-04-20,2021-10-02,Completed
PRJ-1082,DPT-007,Self-enabling multimedia array,Ortega-Harrison,2019-08-03,,Active
PRJ-1083,DPT-005,Right-sized attitude-oriented policy,Smith and Sons,2018-04-13,2019-01-09,Completed
PRJ-1084,DPT-006,Realigned high-level paradigm,Ingram and Sons,2022-01-25,,Active
PRJ-1085,DPT-006,Focused bifurcated artificial intelligence,"Gonzales, Long and Melton",2022-03-07,,Active
PRJ-1086,DPT-007,Enterprise-wide contextually-based focus group,Moore Group,2020-11-07,2023-12-12,Completed
PRJ-1087,DPT-003,Assimilated tangible encryption,"Collins, Brown and Crosby",2022-10-28,,Active
PRJ-1088,DPT-005,Multi-channeled optimal portal,"Dawson, Moore and Baker",2019-07-08,,Active
PRJ-1089,DPT-001,Team-oriented encompassing extranet,Johnson-Newton,2021-09-04,,Active
PRJ-1090,DPT-007,Configurable grid-enabled orchestration,"Thompson, Anderson and Williams",2022-03-05,,Active
PRJ-1091,DPT-007,Networked tangible service-desk,Fuentes-Hughes,2022-09-11,2023-02-04,Completed
PRJ-1092,DPT-007,User-friendly next generation concept,Lara-Rogers,2019-01-05,,Active
PRJ-1093,DPT-002,Implemented directional conglomeration,Pope Ltd,2022-02-08,,Active
PRJ-1094,DPT-001,Down-sized even-keeled hardware,Fitzgerald-Chan,2018-08-28,,Active
PRJ-1095,DPT-002,Profound context-sensitive approach,"Little, Tran and Wilson",2021-11-04,,Active
PRJ-1096,DPT-001,Profound 24hour moderator,Sellers-Gonzalez,2019-11-27,,Active
PRJ-1097,DPT-001,Programmable transitional function,Atkins-Hernandez,2020-04-03,,Active
PRJ-1098,DPT-004,Distributed analyzing solution,Marshall-Francis,2021-08-31,,On Hold
PRJ-1099,DPT-002,Multi-lateral non-volatile throughput,Carpenter-Stewart,2018-03-21,,Active
PRJ-1100,DPT-007,Proactive upward-trending contingency,Wilkinson-Newton,2019-05-04,,On Hold
PRJ-1101,DPT-001,Right-sized 24hour standardization,Erickson-Reese,2022-07-30,,Active
PRJ-1102,DPT-007,Versatile asynchronous architecture,"Kim, Sloan and Banks",2019-12-10,,Active
PRJ-1103,DPT-006,Polarized actuating contingency,"Jordan, Jones and Burns",2021-04-14,,Active
PRJ-1104,DPT-001,Team-oriented methodical contingency,Brown-Thomas,2020-06-27,2020-10-28,Completed
PRJ-1105,DPT-005,Automated zero tolerance concept,Martin-Smith,2019-10-04,,Active
PRJ-1106,DPT-003,Advanced neutral database,Smith PLC,2018-09-27,2021-04-27,Completed
PRJ-1107,DPT-002,Triple-buffered directional productivity,Hood and Sons,2022-07-24,,Active
PRJ-1108,DPT-003,Function-based asymmetric toolset,Owen-Wright,2018-10-08,,Active
PRJ-1109,DPT-004,Synergistic asymmetric strategy,"Wheeler, Hall and Olson",2019-12-20,,Active
PRJ-1110,DPT-005,Configurable discrete parallelism,Thomas-Weaver,2022-01-06,,Active
PRJ-1111,DPT-003,Enhanced multi-tasking knowledge user,Jones-Rocha,2018-05-07,,Active
PRJ-1112,DPT-007,Innovative client-server emulation,"Harrison, Ross and Mosley",2022-12-31,,Active
PRJ-1113,DPT-003,Adaptive 24/7 support,Li-Rodgers,2021-08-19,2022-10-30,Completed
PRJ-1114,DPT-005,Diverse transitional knowledgebase,Mclaughlin-Obrien,2021-12-08,,Active
PRJ-1115,DPT-006,Progressive zero tolerance hub,Watson PLC,2018-07-23,,Active
PRJ-1116,DPT-001,Ergonomic multi-tasking Graphic Interface,Fry-Perez,2021-12-01,,Active
PRJ-1117,DPT-005,Self-enabling solution-oriented firmware,Medina-Schneider,2019-01-13,2023-12-27,Completed
PRJ-1118,DPT-002,Multi-channeled eco-centric focus group,Lambert and Sons,2020-03-19,2021-04-19,Completed
PRJ-1119,DPT-002,Balanced context-sensitive hub,"Hawkins, Hunter and Cox",2020-10-26,2021-02-01,Completed
PRJ-1120,DPT-001,Advanced multi-tasking moderator,"Hernandez, Ochoa and Wallace",2018-01-05,,On Hold
PRJ-1121,DPT-003,Programmable static knowledge user,Nichols-Sanchez,2020-11-20,2023-06-12,Completed
PRJ-1122,DPT-006,Self-enabling zero tolerance toolset,"Larson, Mitchell and Holloway",2018-02-04,2022-11-07,Completed
PRJ-1123,DPT-005,User-friendly local software,Holloway LLC,2020-02-19,,Active
PRJ-1124,DPT-002,Proactive modular methodology,Young-Dixon,2022-08-27,2022-11-26,Completed
PRJ-1125,DPT-001,User-friendly local utilization,Herrera-Richardson,2019-02-06,2021-06-10,Completed
PRJ-1126,DPT-002,Phased multi-tasking artificial intelligence,"Rodriguez, Boone and Alvarado",2019-01-03,,Active
PRJ-1127,DPT-006,Optimized coherent budgetary management,"Meyer, Berg and Castillo",2020-06-04,,Active
PRJ-1128,DPT-005,Operative optimal throughput,Davis PLC,2018-10-04,2021-09-09,Completed
PRJ-1129,DPT-005,Synergistic systematic archive,Roberts-Wilson,2018-02-28,2022-05-11,Completed
PRJ-1130,DPT-005,Business-focused responsive flexibility,Peterson-Greene,2021-03-16,,Active
PRJ-1131,DPT-004,Horizontal object-oriented contingency,Brady Group,2021-08-15,,Active
PRJ-1132,DPT-003,Cloned reciprocal access,Mendoza LLC,2022-05-28,,Active
PRJ-1133,DPT-001,Implemented cohesive functionalities,Adams Group,2021-12-12,,Active
PRJ-1134,DPT-006,Decentralized radical data-warehouse,Reyes Ltd,2020-07-10,,Active
PRJ-1135,DPT-005,Pre-emptive dedicated solution,"Johnson, Rice and Gomez",2020-11-22,,Active
PRJ-1136,DPT-002,Public-key solution-oriented open system,"Harris, Swanson and Stuart",2020-10-20,,Active
PRJ-1137,DPT-001,Synchronized real-time success,Sexton-Cantrell,2018-12-19,,On Hold
PRJ-1138,DPT-007,Front-line content-based definition,Berger Group,2021-03-03,,Active
PRJ-1139,DPT-004,Future-proofed dedicated challenge,White Group,2022-10-28,,Active
PRJ-1140,DPT-007,Face-to-face grid-enabled help-desk,Barnes Group,2022-09-10,,Active
PRJ-1141,DPT-004,Programmable content-based protocol,Burnett-Wells,2019-05-06,,Active
PRJ-1142,DPT-002,Virtual actuating function,Bradshaw Group,2019-01-11,,Active
PRJ-1143,DPT-006,Profit-focused multimedia neural-net,"Nelson, Marshall and Rodriguez",2021-03-13,2023-11-08,Completed
PRJ-1144,DPT-007,Optimized foreground instruction set,Hickman-Howard,2019-11-09,,Active
PRJ-1145,DPT-001,Right-sized cohesive model,Smith-Harris,2020-04-07,,Active
PRJ-1146,DPT-001,Pre-emptive intermediate policy,Evans-Watson,2020-04-07,,Active
PRJ-1147,DPT-003,Integrated 24hour instruction set,Holmes-Wheeler,2020-07-20,,On Hold
PRJ-1148,DPT-002,Distributed global data-warehouse,Robertson Group,2022-12-13,,Active
PRJ-1149,DPT-006,Focused 24hour product,"Johnson, Garcia and Barnett",2022-08-08,,Active
PRJ-1150,DPT-001,Pre-emptive context-sensitive budgetary management,"Lopez, Stephens and Lopez",2018-02-23,,Active
PRJ-1151,DPT-003,Down-sized 5thgeneration solution,Patrick Group,2020-11-26,2022-10-22,Completed
PRJ-1152,DPT-007,Down-sized static customer loyalty,"Patterson, Martinez and Gross",2018-08-25,2023-04-14,Completed
PRJ-1153,DPT-003,Optimized asymmetric paradigm,Henson and Sons,2021-09-01,2022-10-26,Completed
PRJ-1154,DPT-003,Centralized system-worthy installation,"Cook, Weaver and Casey",2021-01-27,,Active
PRJ-1155,DPT-001,User-friendly asynchronous migration,Williams-Schneider,2022-02-24,,Active
PRJ-1156,DPT-001,Front-line heuristic alliance,Aguirre PLC,2022-07-02,,On Hold
PRJ-1157,DPT-003,Innovative optimizing knowledgebase,Brown-Walker,2019-05-28,,Active
PRJ-1158,DPT-001,Progressive foreground help-desk,Mathews-Pruitt,2019-12-17,,Active
PRJ-1159,DPT-004,Optimized incremental protocol,Finley and Sons,2019-11-25,2021-04-29,Completed
PRJ-1160,DPT-006,Digitized upward-trending toolset,Jimenez PLC,2019-02-20,,Active
PRJ-1161,DPT-004,Customer-focused bottom-line open architecture,Rosario PLC,2018-08-04,2020-09-12,Completed
PRJ-1162,DPT-004,Assimilated tangible Graphic Interface,Smith Group,2018-09-24,2023-12-03,Completed
PRJ-1163,DPT-007,Ameliorated heuristic project,"Miller, Stevens and Camacho",2022-11-22,,Active
PRJ-1164,DPT-003,Operative static application,"Cook, Taylor and Davila",2019-11-05,2019-12-29,Completed
PRJ-1165,DPT-006,Reverse-engineered eco-centric knowledgebase,"Yang, Zimmerman and Cole",2022-05-20,,Active
PRJ-1166,DPT-007,Progressive global success,Gonzalez-Moody,2021-04-12,2022-06-11,Completed
PRJ-1167,DPT-005,Inverse motivating collaboration,"Nguyen, Powell and Harris",2022-01-21,,On Hold
PRJ-1168,DPT-007,Expanded dynamic definition,Williams Ltd,2018-01-22,,Active
PRJ-1169,DPT-004,Future-proofed logistical attitude,Contreras-Burnett,2019-04-16,,On Hold
PRJ-1170,DPT-002,Front-line executive projection,Diaz Ltd,2018-05-26,,Active
PRJ-1171,DPT-007,Decentralized clear-thinking productivity,"Aguirre, Lara and Watkins",2018-02-07,,Active
PRJ-1172,DPT-005,Versatile 24hour benchmark,Taylor LLC,2019-02-21,2019-07-31,Completed
PRJ-1173,DPT-001,Pre-emptive stable success,"Garcia, Simpson and Douglas",2018-10-31,,On Hold
PRJ-1174,DPT-004,Innovative human-resource hardware,Mckenzie-Curtis,2021-10-31,,Active
PRJ-1175,DPT-001,Balanced modular alliance,"Green, Vaughn and Bowman",2022-01-15,,Active
PRJ-1176,DPT-003,Ergonomic well-modulated knowledgebase,"Richardson, Scott and Brooks",2020-01-14,,Active
PRJ-1177,DPT-003,Inverse grid-enabled support,Patterson-Martin,2019-04-19,,Active
PRJ-1178,DPT-007,Synergized national strategy,Ellis-Glass,2021-04-17,2021-06-11,Completed
PRJ-1179,DPT-004,Centralized reciprocal matrix,Casey-Winters,2022-11-29,2022-11-30,Completed
PRJ-1180,DPT-002,Re-engineered background project,James PLC,2019-12-05,2021-07-07,Completed
PRJ-1181,DPT-002,Realigned bandwidth-monitored hub,Evans PLC,2021-02-26,,Active
PRJ-1182,DPT-007,Secured exuding approach,Collins PLC,2021-06-01,,Active
PRJ-1183,DPT-006,Managed intermediate ability,"Wright, Hart and Nelson",2020-04-25,,Active
PRJ-1184,DPT-001,Right-sized foreground implementation,"Haynes, Knight and Owens",2021-12-07,,Active
PRJ-1185,DPT-002,Multi-lateral holistic interface,Martin LLC,2018-02-23,,Active
PRJ-1186,DPT-004,Balanced attitude-oriented system engine,"Murphy, White and Johnson",2020-07-01,,Active
PRJ-1187,DPT-003,Assimilated responsive array,Johnson-Jordan,2020-04-19,,Active
PRJ-1188,DPT-001,Down-sized 3rdgeneration attitude,Mcgee Group,2019-03-01,2020-09-27,Completed
PRJ-1189,DPT-001,Balanced optimizing framework,Scott and Sons,2018-03-17,,Active
PRJ-1190,DPT-004,Programmable client-driven framework,Nunez PLC,2021-01-21,2023-01-10,Completed
PRJ-1191,DPT-001,Persevering upward-trending migration,Clark-Rodriguez,2020-01-14,,Active
PRJ-1192,DPT-005,Organized coherent database,Robbins Group,2019-12-03,,Active
PRJ-1193,DPT-007,Intuitive modular attitude,"Lewis, Moss and Mason",2021-12-19,2022-07-04,Completed
PRJ-1194,DPT-002,Re-engineered modular migration,"Ward, Manning and Booth",2021-02-03,,Active
PRJ-1195,DPT-004,Diverse fresh-thinking monitoring,Oneill-Stokes,2020-10-02,2023-06-16,Completed
PRJ-1196,DPT-004,User-centric regional orchestration,Wilson-Nelson,2020-06-24,,Active
PRJ-1197,DPT-001,Fully-configurable intangible application,Allen-Snyder,2020-06-10,2021-06-10,Completed
PRJ-1198,DPT-007,Adaptive needs-based migration,Hansen-Sullivan,2018-04-12,,On Hold
PRJ-1199,DPT-002,Optimized empowering projection,Hebert LLC,2020-07-21,2023-09-10,Completed
PRJ-1200,DPT-006,Distributed high-level synergy,"Williams, Delacruz and James",2019-08-20,,Active
PRJ-1201,DPT-003,Fully-configurable zero-defect methodology,Lyons-Berry,2018-06-01,,Active
PRJ-1202,DPT-007,Cross-platform fresh-thinking help-desk,Rice Inc,2021-08-22,2022-07-01,Completed
PRJ-1203,DPT-003,Re-engineered global model,Cook-Reed,2020-09-23,,Active
PRJ-1204,DPT-004,Triple-buffered stable project,Novak PLC,2021-04-23,,Active
PRJ-1205,DPT-001,Monitored disintermediate matrices,Mathis LLC,2022-01-13,2022-11-28,Completed
PRJ-1206,DPT-004,Up-sized motivating approach,"Tran, Valentine and Sanders",2020-01-02,2023-11-15,Completed
PRJ-1207,DPT-003,Intuitive actuating help-desk,Holloway and Sons,2020-05-08,,Active
PRJ-1208,DPT-004,Integrated 4thgeneration contingency,Cox-Green,2022-03-04,,Active
PRJ-1209,DPT-004,Synergistic actuating capability,Thompson-Ellison,2020-11-20,,Active
PRJ-1210,DPT-004,Ameliorated disintermediate product,Patterson and Sons,2021-03-29,,Active
PRJ-1211,DPT-006,Quality-focused directional framework,Moore Inc,2019-01-18,2019-04-17,Completed
PRJ-1212,DPT-004,Future-proofed grid-enabled framework,"Stone, Burton and Bass",2020-06-12,2022-02-06,Completed
PRJ-1213,DPT-007,Assimilated hybrid hierarchy,Knox Ltd,2022-12-06,2023-05-20,Completed
PRJ-1214,DPT-006,Ameliorated regional interface,Camacho-Buck,2019-09-06,2022-04-25,Completed
PRJ-1215,DPT-001,Robust bottom-line instruction set,Cline-Brooks,2020-10-01,2022-11-05,Completed
PRJ-1216,DPT-001,Organized content-based success,"Williams, Howard and Walsh",2019-08-20,2023-03-05,Completed
PRJ-1217,DPT-004,Enterprise-wide directional core,Burke Ltd,2019-10-20,2020-02-11,Completed
PRJ-1218,DPT-003,Total coherent software,Higgins PLC,2019-01-22,2020-01-22,Completed
PRJ-1219,DPT-004,Synergized 6thgeneration data-warehouse,"Burns, Lee and Acosta",2022-08-30,2022-09-19,Completed
PRJ-1220,DPT-006,Automated local support,Patton-Hansen,2022-05-24,2022-08-05,Completed
PRJ-1221,DPT-001,Re-engineered system-worthy initiative,"Hampton, Chavez and Smith",2021-07-17,,Active
PRJ-1222,DPT-002,Networked intermediate migration,"Hunter, Galvan and Carson",2018-10-02,2022-06-09,Completed
PRJ-1223,DPT-001,Inverse 5thgeneration policy,"Lewis, Roach and Jones",2019-07-14,,Active
PRJ-1224,DPT-005,Pre-emptive client-driven toolset,Obrien-Williams,2020-04-17,2020-07-10,Completed
PRJ-1225,DPT-001,Multi-lateral fault-tolerant customer loyalty,"Hall, Bennett and Howell",2022-06-08,2022-12-30,Completed
PRJ-1226,DPT-003,Polarized stable encryption,"Liu, Wright and Stewart",2019-10-29,,Active
PRJ-1227,DPT-006,Pre-emptive context-sensitive hub,"Holmes, Davis and Sloan",2019-12-23,,Active
PRJ-1228,DPT-004,Synchronized holistic model,Duncan-Hernandez,2018-02-25,2018-06-14,Completed
PRJ-1229,DPT-007,Expanded contextually-based definition,Martin Inc,2019-02-26,,Active
PRJ-1230,DPT-005,Multi-tiered stable monitoring,Brown-Rodriguez,2019-12-13,2022-02-08,Completed
PRJ-1231,DPT-001,Multi-channeled fresh-thinking solution,Cox-Williams,2018-10-23,,On Hold
PRJ-1232,DPT-003,Self-enabling needs-based array,"Randolph, Owens and Rhodes",2021-03-16,,On Hold
PRJ-1233,DPT-005,Cross-group exuding complexity,Moody-Taylor,2020-08-07,,Active
PRJ-1234,DPT-004,Focused incremental methodology,Gill-Smith,2020-03-10,,Active
PRJ-1235,DPT-005,Self-enabling zero administration standardization,Miller PLC,2018-05-06,,Active
PRJ-1236,DPT-007,Business-focused responsive conglomeration,"Camacho, English and Williamson",2019-09-23,,Active
PRJ-1237,DPT-001,Inverse stable parallelism,Green-Ashley,2022-06-23,,Active
PRJ-1238,DPT-002,Reverse-engineered heuristic initiative,Taylor-Hernandez,2020-11-18,2021-10-17,Completed
PRJ-1239,DPT-006,Cross-group leadingedge matrix,"Donovan, Smith and Parsons",2021-10-04,2022-07-02,Completed
PRJ-1240,DPT-004,Multi-channeled incremental hardware,Walker-Clark,2019-09-07,,On Hold
PRJ-1241,DPT-005,Function-based content-based function,"Tran, Jones and Brown",2018-04-07,,Active
PRJ-1242,DPT-004,Assimilated composite extranet,Johnson Inc,2019-02-16,,Active
PRJ-1243,DPT-002,Organized maximized implementation,Price Group,2019-02-17,,Active
PRJ-1244,DPT-005,Multi-layered static paradigm,Bray-Ruiz,2022-01-07,,On Hold
PRJ-1245,DPT-004,Implemented exuding budgetary management,Anderson PLC,2020-08-23,,Active
PRJ-1246,DPT-002,Profit-focused executive conglomeration,Webb Ltd,2019-06-29,,Active
PRJ-1247,DPT-005,Pre-emptive eco-centric throughput,"Hernandez, Jarvis and Howell",2018-06-20,,Active
PRJ-1248,DPT-001,Switchable user-facing forecast,Hawkins-Elliott,2018-09-25,,Active
PRJ-1249,DPT-006,Exclusive intermediate matrices,Kim Ltd,2021-07-21,2023-10-14,Completed
PRJ-1250,DPT-003,Implemented well-modulated parallelism,"Sweeney, Fuller and Lester",2018-08-23,,Active
PRJ-1251,DPT-003,Sharable coherent info-mediaries,Vaughn Ltd,2019-01-30,,Active
PRJ-1252,DPT-002,Organized radical function,Torres Ltd,2020-12-05,,Active
PRJ-1253,DPT-003,Adaptive optimizing Local Area Network,Russo and Sons,2019-09-01,,Active
PRJ-1254,DPT-007,Balanced real-time model,Williams-Bond,2022-05-16,,Active
PRJ-1255,DPT-003,Diverse tertiary focus group,Lozano PLC,2021-01-24,,Active
PRJ-1256,DPT-004,User-friendly coherent methodology,Carter Group,2019-12-20,,Active
PRJ-1257,DPT-003,Grass-roots fault-tolerant function,Koch-Shaffer,2020-07-04,,Active
PRJ-1258,DPT-003,Networked empowering matrices,Hudson-York,2022-10-30,,On Hold
PRJ-1259,DPT-003,Decentralized dynamic attitude,Smith LLC,2019-01-30,,Active
PRJ-1260,DPT-001,Down-sized uniform archive,"Schmidt, Bell and Campos",2021-01-09,,Active
PRJ-1261,DPT-006,Quality-focused national archive,Gonzalez Ltd,2022-10-09,2023-11-22,Completed
PRJ-1262,DPT-004,Open-source human-resource alliance,"Sandoval, Werner and Hall",2020-01-07,,Active
PRJ-1263,DPT-003,Multi-layered bandwidth-monitored archive,Douglas LLC,2019-05-28,,Active
PRJ-1264,DPT-002,Enhanced fresh-thinking success,Johnston-Flynn,2021-01-28,,Active
PRJ-1265,DPT-003,Organized 3rdgeneration database,Harrison PLC,2018-11-16,2019-05-08,Completed
PRJ-1266,DPT-001,Cross-group web-enabled projection,Rivas LLC,2021-12-30,2022-02-09,Completed
PRJ-1267,DPT-001,Polarized content-based approach,"Garcia, Miller and White",2019-11-24,,Active
PRJ-1268,DPT-006,Organic heuristic intranet,Erickson-Becker,2021-03-08,2023-12-12,Completed
PRJ-1269,DPT-001,Decentralized leadingedge task-force,Todd and Sons,2018-01-16,,On Hold
PRJ-1270,DPT-004,Cloned incremental Graphical User Interface,"Joyce, Randall and Gibson",2021-02-20,,Active
PRJ-1271,DPT-004,Organized multi-tasking array,Doyle-Jones,2021-04-29,,Active
PRJ-1272,DPT-005,Multi-channeled full-range productivity,"Hebert, Gibbs and Thomas",2022-09-29,2023-07-26,Completed
PRJ-1273,DPT-001,Function-based coherent archive,Hamilton Inc,2022-01-31,,Active
PRJ-1274,DPT-001,Cross-group exuding matrices,Hobbs and Sons,2019-01-25,,Active
PRJ-1275,DPT-004,Robust system-worthy website,Rivera-Shah,2022-10-20,,Active
PRJ-1276,DPT-003,Open-architected tertiary workforce,Miller-Campbell,2020-06-21,,Active
PRJ-1277,DPT-005,Cross-platform neutral protocol,Casey LLC,2018-02-02,,Active
PRJ-1278,DPT-003,Assimilated multi-state Graphic Interface,"Walker, Fitzgerald and Ballard",2020-04-28,,Active
PRJ-1279,DPT-004,Visionary cohesive adapter,Hodges-Sanders,2018-11-29,,Active
PRJ-1280,DPT-006,Total reciprocal parallelism,Valencia PLC,2021-12-09,,Active
PRJ-1281,DPT-004,Reverse-engineered needs-based utilization,"Simmons, Rodgers and Dominguez",2019-12-04,,Active
PRJ-1282,DPT-004,Cross-platform bi-directional open architecture,Johnson-Mathis,2022-06-15,,Active
PRJ-1283,DPT-006,Persevering multi-state support,Cook LLC,2022-12-22,,Active
PRJ-1284,DPT-003,Synergized bottom-line interface,Jones-Ibarra,2021-09-09,,Active
PRJ-1285,DPT-002,Phased actuating service-desk,"Fox, Jordan and Vasquez",2022-08-26,,Active
PRJ-1286,DPT-003,Public-key full-range capability,"Coleman, Thompson and Harris",2022-09-26,2023-07-08,Completed
PRJ-1287,DPT-007,Digitized solution-oriented model,Mcdonald-Evans,2018-07-07,,Active
PRJ-1288,DPT-002,Cloned global forecast,"Miller, Richardson and Smith",2022-05-17,2023-08-14,Completed
PRJ-1289,DPT-005,Realigned global array,Daniels Ltd,2018-10-11,,Active
PRJ-1290,DPT-007,Configurable homogeneous service-desk,Joyce-Nichols,2019-09-13,,Active
PRJ-1291,DPT-003,Future-proofed multimedia approach,"Hampton, Wilson and King",2021-06-08,2023-03-08,Completed
PRJ-1292,DPT-001,Organized holistic knowledgebase,"Garcia, Crane and Duncan",2020-06-21,,On Hold
PRJ-1293,DPT-006,Assimilated client-driven core,Huerta and Sons,2020-06-11,,Active
PRJ-1294,DPT-002,Enterprise-wide systemic info-mediaries,"Gonzalez, Valdez and Lambert",2020-12-05,2022-11-22,Completed
PRJ-1295,DPT-005,Cross-platform directional productivity,"Carr, Gomez and Johnson",2018-11-27,,Active
PRJ-1296,DPT-002,Optimized neutral frame,Jones-Thomas,2020-04-21,,On Hold
PRJ-1297,DPT-003,Self-enabling analyzing conglomeration,Stone Group,2022-07-24,,Active
PRJ-1298,DPT-004,Seamless systematic core,Harris Inc,2020-07-07,,Active
PRJ-1299,DPT-001,Upgradable maximized infrastructure,Hill PLC,2021-05-15,,Active
PRJ-1300,DPT-005,Total contextually-based support,Thomas-Elliott,2019-05-14,,Active
PRJ-1301,DPT-007,Distributed grid-enabled time-frame,"Bowers, Dawson and Harris",2021-08-16,,Active
PRJ-1302,DPT-007,Down-sized bottom-line ability,"Cunningham, Gates and Gonzalez",2021-10-14,,Active
PRJ-1303,DPT-007,De-engineered leadingedge website,Salinas Inc,2021-09-05,,Active
PRJ-1304,DPT-003,Object-based maximized hub,Gilmore-Holland,2021-02-04,,Active
PRJ-1305,DPT-006,Re-engineered modular data-warehouse,Allen LLC,2020-01-22,,Active
PRJ-1306,DPT-006,Phased zero-defect extranet,Mcgrath-Mckenzie,2018-07-08,2022-10-28,Completed
PRJ-1307,DPT-003,Visionary tertiary model,Smith Group,2022-10-09,,Active
PRJ-1308,DPT-004,Devolved non-volatile firmware,"Martinez, Ramos and Eaton",2020-05-14,2022-10-30,Completed
PRJ-1309,DPT-006,Team-oriented intangible matrix,Silva and Sons,2021-10-17,,Active
PRJ-1310,DPT-002,Up-sized regional task-force,Kent Inc,2021-08-25,2022-07-20,Completed
PRJ-1311,DPT-001,Organized system-worthy pricing structure,"Norman, Johnson and Adams",2021-10-22,2022-06-06,Completed
PRJ-1312,DPT-004,Adaptive composite solution,"Schmidt, Medina and Page",2019-10-26,,Active
PRJ-1313,DPT-001,Reduced leadingedge open system,Smith-Hoffman,2021-09-30,,Active
PRJ-1314,DPT-005,Phased 5thgeneration architecture,Contreras-Barry,2020-07-21,,Active
PRJ-1315,DPT-006,Synergized context-sensitive flexibility,Wright-Williams,2019-01-28,2023-12-14,Completed
PRJ-1316,DPT-007,Extended client-server attitude,Woodard Group,2022-01-05,,Active
PRJ-1317,DPT-005,Streamlined empowering alliance,Chapman Ltd,2020-11-24,2023-09-25,Completed
PRJ-1318,DPT-003,Upgradable empowering circuit,Johnson-Lawrence,2019-10-31,,Active
PRJ-1319,DPT-005,Customer-focused system-worthy migration,Raymond Inc,2020-01-07,,Active
PRJ-1320,DPT-006,Vision-oriented even-keeled core,Melendez Inc,2020-07-26,2022-11-13,Completed
PRJ-1321,DPT-004,Reactive secondary data-warehouse,Randolph Ltd,2020-08-12,2022-01-30,Completed
PRJ-1322,DPT-004,Assimilated neutral capacity,Walsh-Jennings,2022-08-20,2023-06-24,Completed
PRJ-1323,DPT-006,Programmable holistic neural-net,Larson Group,2020-05-20,,Active
PRJ-1324,DPT-003,Profit-focused neutral software,"Clarke, Butler and Gonzales",2022-08-26,2022-12-25,Completed
PRJ-1325,DPT-001,Down-sized content-based concept,"Ross, Vang and Martin",2020-11-05,,On Hold
PRJ-1326,DPT-001,Advanced exuding installation,Moyer-Davis,2022-02-17,,Active
PRJ-1327,DPT-005,Implemented client-driven info-mediaries,Briggs-Stephens,2020-07-16,,Active
PRJ-1328,DPT-002,Business-focused incremental Internet solution,Gaines LLC,2020-12-07,2021-01-15,Completed
PRJ-1329,DPT-002,Configurable asymmetric Internet solution,"Johnson, Garcia and Mcbride",2020-04-20,,Active
PRJ-1330,DPT-004,Triple-buffered bifurcated neural-net,Garcia Group,2018-06-13,,Active
PRJ-1331,DPT-007,Persevering hybrid conglomeration,"Garcia, Silva and Cabrera",2019-05-22,2022-11-11,Completed
PRJ-1332,DPT-006,Upgradable contextually-based array,Hoffman-Harrison,2018-02-27,,On Hold
PRJ-1333,DPT-007,Diverse actuating implementation,Jones LLC,2018-07-30,,On Hold
PRJ-1334,DPT-002,Automated optimizing capacity,Scott-White,2021-01-15,,Active
PRJ-1335,DPT-005,User-friendly exuding ability,"Cooper, Graham and Schmidt",2021-04-28,,Active
PRJ-1336,DPT-004,Horizontal client-server orchestration,Mcgee-Zimmerman,2022-03-08,,Active
PRJ-1337,DPT-002,Enhanced zero administration focus group,Solomon-Taylor,2022-03-09,,Active
PRJ-1338,DPT-003,Synergistic demand-driven architecture,"Hensley, Hudson and Johnson",2018-05-28,2021-01-11,Completed
PRJ-1339,DPT-002,Future-proofed human-resource circuit,Clark LLC,2020-06-13,2023-07-24,Completed
PRJ-1340,DPT-005,Multi-channeled methodical archive,"Weber, Estrada and Frazier",2019-09-14,2022-02-04,Completed
PRJ-1341,DPT-003,Total client-server product,King Inc,2018-11-05,2021-03-19,Completed
PRJ-1342,DPT-005,Assimilated maximized projection,"Ayala, Boyer and Sheppard",2021-03-27,,Active
PRJ-1343,DPT-003,Integrated radical capacity,"Smith, Brown and Holmes",2019-11-20,2023-06-30,Completed
PRJ-1344,DPT-001,Re-contextualized explicit conglomeration,Wilson-Francis,2020-04-03,,Active
PRJ-1345,DPT-004,Digitized exuding matrix,Butler LLC,2022-11-03,,Active
PRJ-1346,DPT-001,Devolved clear-thinking capacity,Neal-Yates,2018-10-30,,Active
PRJ-1347,DPT-007,Operative uniform frame,Leon LLC,2022-04-06,,Active
PRJ-1348,DPT-006,Triple-buffered object-oriented hierarchy,Baker LLC,2019-11-22,,On Hold
PRJ-1349,DPT-003,Sharable even-keeled toolset,"Klein, Cox and Parker",2021-05-10,2022-04-13,Completed
PRJ-1350,DPT-006,Robust mission-critical artificial intelligence,"Williams, Davis and Dennis",2018-05-19,,Active
PRJ-1351,DPT-007,Networked demand-driven encoding,Villa-Snyder,2022-12-02,2023-12-07,Completed
PRJ-1352,DPT-006,Secured encompassing policy,Stewart-Sullivan,2021-01-11,,Active
PRJ-1353,DPT-001,Operative even-keeled implementation,"Henderson, Bennett and Walls",2020-03-05,2022-08-15,Completed
PRJ-1354,DPT-007,Universal background definition,Park-Garcia,2022-12-21,,Active
PRJ-1355,DPT-005,Virtual zero tolerance success,Blankenship-Lewis,2020-07-26,,Active
PRJ-1356,DPT-005,Vision-oriented client-server complexity,Henderson Ltd,2020-03-05,,Active
PRJ-1357,DPT-004,User-friendly heuristic customer loyalty,"Taylor, Frazier and Griffith",2020-06-10,,Active
PRJ-1358,DPT-004,Team-oriented scalable challenge,Torres Inc,2018-02-11,,Active
PRJ-1359,DPT-005,Ameliorated executive orchestration,"Lee, Blackburn and Williams",2018-06-13,,Active
PRJ-1360,DPT-003,Managed motivating attitude,"Frye, Lee and Diaz",2020-06-28,,Active
PRJ-1361,DPT-007,Open-architected optimal approach,Larson-Miller,2019-12-06,,On Hold
PRJ-1362,DPT-005,Polarized incremental help-desk,Harvey PLC,2018-04-14,,Active
PRJ-1363,DPT-006,Automated fresh-thinking knowledgebase,"Robinson, Scott and Smith",2018-06-03,,Active
PRJ-1364,DPT-003,Proactive heuristic alliance,"Rivera, Barrett and Rubio",2020-10-01,,Active
PRJ-1365,DPT-004,Future-proofed holistic budgetary management,Bartlett LLC,2018-04-27,2019-05-22,Completed
PRJ-1366,DPT-003,Up-sized tangible portal,Thompson-Chandler,2018-05-16,2023-02-21,Completed
PRJ-1367,DPT-004,Managed optimal Graphic Interface,Hahn Inc,2019-03-27,2020-01-21,Completed
PRJ-1368,DPT-007,Multi-lateral global orchestration,Andrews-Bruce,2021-02-18,,Active
PRJ-1369,DPT-004,Re-engineered zero-defect conglomeration,Jones-Neal,2018-12-12,,Active
PRJ-1370,DPT-004,Optional hybrid Graphical User Interface,Blankenship-Robinson,2018-05-24,2019-05-25,Completed
PRJ-1371,DPT-001,Quality-focused background benchmark,"Ruiz, Smith and Anderson",2018-05-18,,Active
PRJ-1372,DPT-006,Synchronized dynamic collaboration,"Kelly, Medina and Sanders",2020-06-10,2021-07-30,Completed
PRJ-1373,DPT-001,Total tertiary process improvement,Harrison and Sons,2018-08-08,,Active
PRJ-1374,DPT-004,Streamlined intangible Graphical User Interface,Collins PLC,2019-01-10,2019-07-25,Completed
PRJ-1375,DPT-005,Cross-platform explicit installation,"Jimenez, Thompson and Wilson",2022-03-14,,Active
PRJ-1376,DPT-002,Front-line mission-critical access,Martinez and Sons,2022-08-21,,Active
PRJ-1377,DPT-003,Virtual eco-centric hardware,Hancock LLC,2020-10-09,,Active
PRJ-1378,DPT-001,Self-enabling optimal policy,Mcintosh-Walker,2019-09-10,,Active
PRJ-1379,DPT-002,Synchronized bi-directional collaboration,Harris Inc,2019-07-28,2022-03-18,Completed
PRJ-1380,DPT-006,Exclusive eco-centric strategy,"James, Terry and Anderson",2018-12-12,,Active
PRJ-1381,DPT-001,Exclusive system-worthy workforce,Dudley-Miller,2019-12-07,2022-06-14,Completed
PRJ-1382,DPT-006,Grass-roots empowering access,Smith-Franco,2020-06-24,,Active
PRJ-1383,DPT-007,Operative upward-trending budgetary management,"Anderson, Cooper and Duke",2020-05-05,2022-11-16,Completed
PRJ-1384,DPT-001,Realigned executive extranet,Watson-Montgomery,2021-08-15,2021-11-18,Completed
PRJ-1385,DPT-004,Assimilated mission-critical frame,"Rodriguez, Harris and Jennings",2021-02-21,,Active
PRJ-1386,DPT-002,Front-line didactic solution,Farley PLC,2020-05-05,2020-08-10,Completed
PRJ-1387,DPT-003,Organic grid-enabled budgetary management,"Johnson, Smith and Alvarado",2021-04-15,,Active
PRJ-1388,DPT-007,Multi-layered national circuit,Benjamin-Green,2020-01-12,,Active
PRJ-1389,DPT-007,Profit-focused interactive open architecture,"Waller, Solomon and Lamb",2018-10-02,2019-12-13,Completed
PRJ-1390,DPT-004,Exclusive systemic Graphical User Interface,"Tucker, Smith and Morgan",2022-01-29,,Active
PRJ-1391,DPT-004,Expanded 6thgeneration standardization,"Carlson, Olson and Anderson",2020-02-17,2023-01-12,Completed
PRJ-1392,DPT-003,Synergistic multi-tasking functionalities,Good-Wright,2021-08-16,2023-05-05,Completed
PRJ-1393,DPT-004,Organic content-based attitude,Avila Ltd,2021-06-10,,Active
PRJ-1394,DPT-003,User-friendly context-sensitive solution,"Sanders, Harris and Ray",2020-11-03,2022-02-24,Completed
PRJ-1395,DPT-005,Pre-emptive 3rdgeneration capability,"Miller, Miller and Gonzalez",2021-01-19,2023-08-21,Completed
PRJ-1396,DPT-004,User-friendly content-based process improvement,Hudson and Sons,2021-10-14,2022-07-05,Completed
PRJ-1397,DPT-004,Profound value-added throughput,Bartlett PLC,2022-05-08,,Active
PRJ-1398,DPT-004,Decentralized zero administration hardware,Richardson-Weber,2021-04-01,,On Hold
PRJ-1399,DPT-003,Advanced explicit application,Peters Group,2020-05-24,2021-09-09,Completed
PRJ-1400,DPT-005,Persevering maximized adapter,Ramirez-Miller,2020-01-15,,Active
PRJ-1401,DPT-003,Mandatory modular model,Williamson PLC,2019-04-28,,Active
PRJ-1402,DPT-002,Future-proofed value-added forecast,Hall LLC,2018-05-18,,Active
PRJ-1403,DPT-003,Open-architected needs-based model,Lewis-Vargas,2019-11-24,2022-09-24,Completed
PRJ-1404,DPT-003,Secured human-resource algorithm,Graves-Brennan,2019-09-02,,Active
PRJ-1405,DPT-001,Quality-focused tertiary circuit,Oliver PLC,2019-03-03,2021-09-06,Completed
PRJ-1406,DPT-001,Phased tangible synergy,"Mcdaniel, Ruiz and Kelly",2020-03-07,,Active
PRJ-1407,DPT-003,Multi-lateral intangible structure,"Mckinney, Smith and Lee",2019-01-14,2023-08-26,Completed
PRJ-1408,DPT-002,Open-source motivating info-mediaries,Aguilar-Wells,2020-08-22,2022-11-01,Completed
PRJ-1409,DPT-004,Customizable responsive conglomeration,"Davidson, Phillips and Maddox",2020-06-03,2022-08-19,Completed
PRJ-1410,DPT-001,De-engineered logistical methodology,Knight Ltd,2020-12-16,,On Hold
PRJ-1411,DPT-006,Robust attitude-oriented productivity,Hanson PLC,2020-03-29,2020-09-16,Completed
PRJ-1412,DPT-001,Up-sized discrete initiative,Collins-Griffin,2019-05-15,,Active
PRJ-1413,DPT-005,Reduced bandwidth-monitored capability,"Shaw, Campbell and Collins",2018-12-28,,Active
PRJ-1414,DPT-005,Function-based local time-frame,"Smith, Thompson and Gonzalez",2021-03-17,2021-09-04,Completed
PRJ-1415,DPT-004,Phased solution-oriented circuit,Hunt-Payne,2022-05-23,,Active
PRJ-1416,DPT-006,Fundamental system-worthy firmware,"Jackson, Ramos and Wilson",2022-04-25,2022-05-17,Completed
PRJ-1417,DPT-004,Fundamental high-level Graphic Interface,"Mcconnell, Bray and Howe",2022-10-23,,Active
PRJ-1418,DPT-007,Multi-layered bifurcated complexity,Fields Ltd,2022-01-23,,Active
PRJ-1419,DPT-002,Integrated web-enabled productivity,Cochran-Spears,2021-08-09,,Active
PRJ-1420,DPT-004,Versatile uniform synergy,Myers Inc,2022-04-14,2022-09-30,Completed
PRJ-1421,DPT-003,Vision-oriented methodical algorithm,Ellis-Fletcher,2019-08-23,,Active
PRJ-1422,DPT-007,Persevering well-modulated capability,"Watts, Cox and Bennett",2022-05-03,2022-09-23,Completed
PRJ-1423,DPT-004,Customizable upward-trending challenge,Reilly and Sons,2021-02-17,,Active
PRJ-1424,DPT-001,Profound bottom-line time-frame,Mcpherson PLC,2021-10-13,2023-03-11,Completed
PRJ-1425,DPT-004,Configurable regional utilization,"Benjamin, Walters and Park",2021-03-08,,Active
PRJ-1426,DPT-005,Distributed empowering alliance,Cox-Knight,2019-06-24,,Active
PRJ-1427,DPT-005,Focused well-modulated hierarchy,"Brown, Livingston and Huerta",2022-05-13,2023-06-18,Completed
PRJ-1428,DPT-003,Intuitive zero-defect help-desk,Sweeney PLC,2019-04-30,,Active
PRJ-1429,DPT-004,Seamless leadingedge matrices,White Ltd,2022-12-24,,Active
PRJ-1430,DPT-001,Reactive executive help-desk,"Stokes, Gentry and Wilkinson",2019-02-27,,Active
PRJ-1431,DPT-005,Diverse 5thgeneration Graphic Interface,Chandler-Shaw,2021-11-05,,On Hold
PRJ-1432,DPT-001,Enhanced zero tolerance utilization,"Rodriguez, Burke and Sandoval",2022-10-16,2023-08-24,Completed
PRJ-1433,DPT-007,Organized disintermediate encryption,"Diaz, Grimes and Young",2018-03-30,2023-08-14,Completed
PRJ-1434,DPT-003,Optimized value-added data-warehouse,Harris Inc,2018-08-19,,Active
PRJ-1435,DPT-003,Organic attitude-oriented portal,"Gomez, Ritter and Hutchinson",2022-01-21,,Active
PRJ-1436,DPT-001,Optional content-based capacity,"Henson, Banks and Wilson",2021-07-10,,Active
PRJ-1437,DPT-004,De-engineered asynchronous hardware,"Henderson, Boone and Kennedy",2022-09-29,,Active
PRJ-1438,DPT-002,User-centric homogeneous database,Campbell-Henry,2020-01-06,,Active
PRJ-1439,DPT-006,Stand-alone 3rdgeneration data-warehouse,Long-Sosa,2022-05-24,2023-04-21,Completed
PRJ-1440,DPT-005,Synchronized tertiary application,Cruz PLC,2021-11-14,,Active
PRJ-1441,DPT-001,Customizable systemic knowledgebase,Donovan-Scott,2018-03-03,2021-01-02,Completed
PRJ-1442,DPT-004,Face-to-face well-modulated architecture,"Sims, Russell and Payne",2019-07-21,,On Hold
PRJ-1443,DPT-004,Enterprise-wide motivating migration,"Harrison, Gross and Griffin",2021-12-06,,Active
PRJ-1444,DPT-002,Future-proofed intangible approach,Sanchez LLC,2018-10-07,,Active
PRJ-1445,DPT-004,Adaptive well-modulated hub,"Dunlap, Hawkins and Brock",2021-11-02,,Active
PRJ-1446,DPT-007,Assimilated disintermediate hub,Woods PLC,2020-04-16,2023-02-23,Completed
PRJ-1447,DPT-003,User-friendly system-worthy open system,Scott-Smith,2018-03-05,2023-04-24,Completed
PRJ-1448,DPT-006,Polarized actuating interface,Fry-Shea,2018-06-06,,Active
PRJ-1449,DPT-002,Team-oriented methodical protocol,Bowman Ltd,2020-09-22,,Active
PRJ-1450,DPT-004,Focused executive instruction set,Davis LLC,2020-11-04,2021-08-14,Completed
PRJ-1451,DPT-003,Fundamental responsive algorithm,Meza PLC,2019-07-28,,Active
PRJ-1452,DPT-006,Business-focused bifurcated hierarchy,"Brown, Perez and Johnson",2022-05-16,,Active
PRJ-1453,DPT-006,Streamlined discrete policy,Lee-Jones,2021-09-09,,Active
PRJ-1454,DPT-006,Sharable regional Graphic Interface,"Mcdaniel, Pacheco and Gomez",2019-01-31,,Active
PRJ-1455,DPT-007,Digitized web-enabled database,Murphy-Carrillo,2022-09-07,,Active
PRJ-1456,DPT-007,Re-contextualized interactive algorithm,"Salinas, Castillo and Jones",2019-11-05,2021-12-02,Completed
PRJ-1457,DPT-006,Visionary human-resource info-mediaries,Smith-Sawyer,2018-07-11,,Active
PRJ-1458,DPT-001,Networked well-modulated access,Brown-Cooper,2018-07-06,,Active
PRJ-1459,DPT-007,Universal intangible frame,Kelly Inc,2022-08-06,,Active
PRJ-1460,DPT-005,Focused context-sensitive neural-net,"Hill, Carey and Mcgee",2020-07-02,2023-08-02,Completed
PRJ-1461,DPT-005,Grass-roots 6thgeneration knowledgebase,"Smith, Harris and Black",2022-10-22,2023-03-20,Completed
PRJ-1462,DPT-003,Inverse directional attitude,Lee-Thomas,2020-06-22,,Active
PRJ-1463,DPT-003,Optional bi-directional hardware,"Howard, Moore and Curtis",2018-09-07,,On Hold
PRJ-1464,DPT-001,Cloned dynamic firmware,Carter PLC,2018-11-20,2020-01-23,Completed
PRJ-1465,DPT-005,Operative upward-trending neural-net,"Anderson, Short and Wood",2019-11-12,,Active
PRJ-1466,DPT-002,Inverse scalable conglomeration,Allen-Harris,2021-06-27,2023-08-13,Completed
PRJ-1467,DPT-007,Quality-focused fresh-thinking installation,Baldwin Group,2020-04-13,,On Hold
PRJ-1468,DPT-005,Inverse web-enabled initiative,"Soto, Hill and Williams",2019-10-31,,Active
PRJ-1469,DPT-003,Configurable regional hub,Bradley-Lawrence,2020-10-23,,Active
PRJ-1470,DPT-007,Re-contextualized bi-directional contingency,"Sanchez, Burgess and Harrell",2020-03-03,2022-10-17,Completed
PRJ-1471,DPT-003,Extended 24hour Local Area Network,"Neal, Parker and Gibson",2022-04-10,,Active
PRJ-1472,DPT-002,Fundamental eco-centric policy,"Ball, Moss and Jackson",2019-12-28,2020-03-27,Completed
PRJ-1473,DPT-003,Polarized methodical budgetary management,Rios-Holloway,2018-04-09,,Active
PRJ-1474,DPT-003,Streamlined systematic collaboration,"Henderson, Franco and Murillo",2022-04-27,,Active
PRJ-1475,DPT-003,Fully-configurable leadingedge installation,"Cooke, Johnson and Jones",2022-08-26,,Active
PRJ-1476,DPT-002,Universal radical moratorium,Neal and Sons,2022-01-08,2023-02-22,Completed
PRJ-1477,DPT-007,Centralized bifurcated budgetary management,Mitchell Inc,2022-04-30,,On Hold
PRJ-1478,DPT-001,Streamlined secondary flexibility,Wolfe-King,2020-09-08,,Active
PRJ-1479,DPT-005,Focused zero-defect service-desk,Bailey Group,2019-02-20,,Active
PRJ-1480,DPT-007,Cross-group system-worthy architecture,"Frazier, Rivera and Rubio",2018-09-26,,On Hold
PRJ-1481,DPT-001,Adaptive non-volatile flexibility,Barber-Shelton,2019-02-14,2022-07-17,Completed
PRJ-1482,DPT-004,Multi-channeled web-enabled moderator,"Boyle, Jones and Peterson",2018-10-02,,On Hold
PRJ-1483,DPT-006,Innovative intermediate conglomeration,"Humphrey, Smith and Smith",2022-07-15,,Active
PRJ-1484,DPT-005,Profound needs-based synergy,"Delgado, Sellers and May",2020-07-16,,Active
PRJ-1485,DPT-002,User-friendly zero tolerance benchmark,Allen-Mosley,2019-05-30,2020-10-08,Completed
PRJ-1486,DPT-004,Enhanced motivating hub,Mcmahon-Jordan,2022-12-06,2023-05-02,Completed
PRJ-1487,DPT-004,Configurable web-enabled focus group,"Hall, Mitchell and Hansen",2018-05-20,,Active
PRJ-1488,DPT-004,Up-sized modular customer loyalty,Ford Ltd,2018-08-13,,Active
PRJ-1489,DPT-005,Reverse-engineered systematic portal,"Williams, West and Ruiz",2020-02-07,2020-06-23,Completed
PRJ-1490,DPT-005,Cross-platform 24/7 utilization,Meyers LLC,2019-08-24,,Active
PRJ-1491,DPT-006,Persevering stable functionalities,"Robinson, Rivera and Stephens",2018-12-22,,Active
PRJ-1492,DPT-007,Team-oriented grid-enabled secured line,Garrett PLC,2020-05-01,2020-07-01,Completed
PRJ-1493,DPT-004,Synchronized 3rdgeneration methodology,Livingston-Reynolds,2022-01-09,,Active
PRJ-1494,DPT-004,Devolved discrete parallelism,Barton-Hess,2022-06-09,,Active
PRJ-1495,DPT-002,Public-key attitude-oriented benchmark,"Schmitt, Thomas and Sherman",2018-05-26,,Active
PRJ-1496,DPT-002,Organic homogeneous throughput,"Johnson, Wade and Wang",2021-02-03,2022-06-12,Completed
PRJ-1497,DPT-003,Public-key stable productivity,"Sutton, Mcknight and Williams",2019-03-24,,Active
PRJ-1498,DPT-006,Multi-layered directional solution,Stout-Sullivan,2021-06-16,,Active
PRJ-1499,DPT-001,Polarized transitional encryption,Larsen LLC,2022-12-31,,Active
PRJ-1500,DPT-004,Object-based homogeneous algorithm,Glover-Thompson,2021-12-29,2022-06-13,Completed
PRJ-1501,DPT-006,Versatile modular capacity,Pierce LLC,2021-11-16,,On Hold
PRJ-1502,DPT-001,Customizable coherent budgetary management,Phelps-Singh,2021-09-16,2022-06-22,Completed
PRJ-1503,DPT-006,Robust human-resource service-desk,Boyd-Tate,2019-07-18,,Active
PRJ-1504,DPT-001,Polarized discrete firmware,Mills Inc,2020-04-05,2020-12-25,Completed
PRJ-1505,DPT-005,Object-based needs-based Graphic Interface,"Parks, Roberts and Colon",2021-06-06,2023-08-01,Completed
PRJ-1506,DPT-002,Progressive object-oriented groupware,"Bonilla, Franklin and Marks",2019-03-29,,On Hold
PRJ-1507,DPT-007,Compatible regional archive,"Carey, Yang and Lopez",2018-04-09,2020-08-19,Completed
PRJ-1508,DPT-004,Innovative clear-thinking attitude,Jacobs-Forbes,2020-07-19,,On Hold
PRJ-1509,DPT-001,Team-oriented national time-frame,Butler-Berg,2018-02-13,,On Hold
PRJ-1510,DPT-003,Horizontal fault-tolerant instruction set,Scott LLC,2020-06-23,,Active
PRJ-1511,DPT-002,Cross-platform impactful data-warehouse,Coleman Ltd,2021-04-16,2022-07-07,Completed
PRJ-1512,DPT-006,Cross-platform mobile approach,Brown and Sons,2021-09-30,2021-10-24,Completed
PRJ-1513,DPT-004,Function-based leadingedge flexibility,Wilson Ltd,2018-05-02,,Active
PRJ-1514,DPT-007,Optimized systematic infrastructure,Brooks Ltd,2022-04-05,,Active
PRJ-1515,DPT-006,Assimilated system-worthy monitoring,Barnes-Buckley,2019-02-14,2023-11-17,Completed
PRJ-1516,DPT-003,Synchronized optimal attitude,"Jimenez, Mason and Hunter",2018-02-06,,Active
PRJ-1517,DPT-006,Organic client-server focus group,Tapia Group,2020-10-20,2021-10-20,Completed
PRJ-1518,DPT-001,Ameliorated web-enabled open architecture,"Wallace, Murray and Hernandez",2021-08-09,,Active
PRJ-1519,DPT-003,Vision-oriented hybrid intranet,Ramirez LLC,2022-06-11,2023-12-03,Completed
PRJ-1520,DPT-001,Optional analyzing array,"Nguyen, Johnson and Moreno",2022-09-22,,Active
PRJ-1521,DPT-004,Inverse well-modulated flexibility,"Jones, Carter and Price",2018-07-29,,Active
PRJ-1522,DPT-001,Optional modular toolset,"Jackson, Rodriguez and Alexander",2020-09-21,,On Hold
PRJ-1523,DPT-003,Digitized impactful array,Martinez-Barnes,2018-07-06,,Active
PRJ-1524,DPT-002,Synchronized optimal Internet solution,"Allen, Hale and Francis",2022-01-14,,On Hold
PRJ-1525,DPT-006,Devolved 4thgeneration architecture,Scott-Pearson,2020-09-05,,Active
PRJ-1526,DPT-006,Fundamental maximized artificial intelligence,Robinson Ltd,2020-10-10,2023-02-17,Completed
PRJ-1527,DPT-004,Cross-group tangible paradigm,"Russell, King and Keith",2019-12-10,2020-01-07,Completed
PRJ-1528,DPT-004,Automated exuding software,Henson and Sons,2021-03-01,,Active
PRJ-1529,DPT-005,Stand-alone hybrid open system,Barnett and Sons,2020-01-15,2020-01-26,Completed
PRJ-1530,DPT-007,Mandatory next generation toolset,Walls Group,2021-03-26,2021-12-07,Completed
PRJ-1531,DPT-007,Horizontal 24hour focus group,Gray-Johnson,2018-07-17,2018-11-02,Completed
PRJ-1532,DPT-004,Optional systemic standardization,Armstrong Ltd,2022-04-26,,Active
PRJ-1533,DPT-006,Cloned homogeneous array,"Salazar, Baldwin and Berry",2022-08-11,2023-07-11,Completed
PRJ-1534,DPT-001,Inverse content-based interface,Ayala-Evans,2018-02-23,,Active
PRJ-1535,DPT-007,Synchronized asynchronous neural-net,Hoffman PLC,2021-02-02,,On Hold
PRJ-1536,DPT-007,Centralized discrete Local Area Network,Goodwin-Harris,2018-08-21,2020-02-21,Completed
PRJ-1537,DPT-002,Mandatory asymmetric forecast,Chang Ltd,2021-04-17,,Active
PRJ-1538,DPT-007,Cross-platform multi-tasking portal,"Miller, Collins and Murphy",2019-05-12,,Active
PRJ-1539,DPT-002,Cloned coherent artificial intelligence,"Tyler, Weber and Tyler",2019-10-22,2022-02-16,Completed
PRJ-1540,DPT-004,Persevering demand-driven adapter,Vega Inc,2019-12-31,2022-10-05,Completed
PRJ-1541,DPT-007,Diverse motivating parallelism,Guzman-Brandt,2021-01-19,,Active
PRJ-1542,DPT-002,Persistent discrete Local Area Network,"Montes, Richardson and Dodson",2020-07-11,,Active
PRJ-1543,DPT-001,Stand-alone bi-directional adapter,"Garza, Parker and Taylor",2022-01-27,,Active
PRJ-1544,DPT-004,De-engineered zero administration Graphical User Interface,"Mooney, Garner and Lee",2021-04-11,,Active
PRJ-1545,DPT-007,Fundamental optimal framework,"Miller, Whitney and Everett",2022-05-12,2022-11-25,Completed
PRJ-1546,DPT-006,Upgradable foreground hierarchy,Klein and Sons,2021-03-09,,Active
PRJ-1547,DPT-002,Inverse explicit process improvement,"Scott, Martinez and Hicks",2018-08-09,,Active
PRJ-1548,DPT-004,Fundamental background encoding,Doyle-Hernandez,2020-09-06,,Active
PRJ-1549,DPT-006,Progressive zero-defect Internet solution,Young Ltd,2019-08-13,,On Hold
PRJ-1550,DPT-004,Streamlined didactic access,Patterson-Roman,2019-12-08,,Active
PRJ-1551,DPT-002,Customer-focused asynchronous capability,"Douglas, Sanchez and Taylor",2019-10-04,,Active
PRJ-1552,DPT-003,Total intangible leverage,"Watts, Brown and White",2019-01-23,2020-11-09,Completed
PRJ-1553,DPT-004,User-centric holistic success,"Thompson, Glass and Jones",2018-12-31,2019-08-25,Completed
PRJ-1554,DPT-006,Customer-focused multi-state paradigm,Blackburn PLC,2019-11-03,,Active
PRJ-1555,DPT-005,Switchable upward-trending application,"Olson, Hudson and Dyer",2019-10-04,,Active
PRJ-1556,DPT-004,Balanced radical projection,Lopez Ltd,2018-09-14,,Active
PRJ-1557,DPT-003,Self-enabling secondary portal,"David, Cain and Short",2018-03-07,,On Hold
PRJ-1558,DPT-007,Diverse 3rdgeneration task-force,"Hernandez, Elliott and Sandoval",2022-04-23,,Active
PRJ-1559,DPT-001,Sharable bottom-line moratorium,Adams and Sons,2020-09-14,,Active
PRJ-1560,DPT-007,Stand-alone multi-state instruction set,Joyce and Sons,2021-02-21,,Active
PRJ-1561,DPT-007,Profit-focused transitional open architecture,Cox PLC,2022-06-19,2023-06-05,Completed
PRJ-1562,DPT-001,Pre-emptive stable parallelism,Mason-Ellis,2022-09-25,,Active
PRJ-1563,DPT-007,Proactive non-volatile application,Ramirez Group,2020-03-22,,On Hold
PRJ-1564,DPT-005,Future-proofed cohesive customer loyalty,"Cooper, Andrews and Bowen",2021-03-31,,Active
PRJ-1565,DPT-001,Future-proofed multimedia flexibility,Vaughn PLC,2019-08-01,,Active
PRJ-1566,DPT-002,Synergized zero administration leverage,Gilmore PLC,2018-05-06,,Active
PRJ-1567,DPT-005,Pre-emptive holistic extranet,Flynn and Sons,2020-03-30,2022-08-08,Completed
PRJ-1568,DPT-005,Reduced neutral alliance,Turner Group,2022-08-08,,On Hold
PRJ-1569,DPT-003,Re-engineered neutral time-frame,Summers and Sons,2018-12-01,,Active
PRJ-1570,DPT-006,Managed regional infrastructure,Duran-Brooks,2022-06-19,,Active
PRJ-1571,DPT-004,Up-sized bi-directional flexibility,Deleon LLC,2022-08-01,2023-02-12,Completed
PRJ-1572,DPT-005,Mandatory even-keeled Graphic Interface,Fisher PLC,2019-08-08,,Active
PRJ-1573,DPT-006,Streamlined web-enabled conglomeration,Lee-Green,2021-10-14,,Active
PRJ-1574,DPT-002,Centralized motivating secured line,Jones Group,2021-01-21,2023-07-31,Completed
PRJ-1575,DPT-007,Multi-tiered incremental workforce,Farley LLC,2020-08-08,,Active
PRJ-1576,DPT-003,Switchable interactive info-mediaries,Stone-Adams,2022-12-24,,Active
PRJ-1577,DPT-002,Centralized multi-tasking solution,"Owen, Joseph and Ruiz",2018-06-02,,Active
PRJ-1578,DPT-005,Polarized 6thgeneration info-mediaries,Davis Inc,2019-07-01,,Active
PRJ-1579,DPT-002,Down-sized stable data-warehouse,"Morgan, Combs and Lawrence",2018-02-05,,Active
PRJ-1580,DPT-002,Multi-tiered grid-enabled model,Dickerson-Thompson,2022-12-30,,Active
PRJ-1581,DPT-002,Multi-lateral 3rdgeneration policy,"Turner, Lewis and Smith",2020-04-22,2022-07-30,Completed
PRJ-1582,DPT-007,Profound executive monitoring,"Warner, Shelton and Cortez",2018-07-26,,On Hold
PRJ-1583,DPT-001,Public-key bi-directional methodology,Morris-Adkins,2021-10-02,2023-06-19,Completed
PRJ-1584,DPT-001,Programmable clear-thinking Internet solution,"Lewis, Hamilton and Wolfe",2018-02-06,,Active
PRJ-1585,DPT-007,Sharable 5thgeneration middleware,"Hopkins, Hahn and Crane",2018-05-27,,Active
PRJ-1586,DPT-006,Face-to-face interactive help-desk,"Graves, Hines and Marshall",2020-05-04,2022-02-21,Completed
PRJ-1587,DPT-002,Organic eco-centric data-warehouse,Evans Inc,2022-10-27,,Active
PRJ-1588,DPT-006,Triple-buffered systemic knowledgebase,Flores LLC,2018-04-03,2019-03-11,Completed
PRJ-1589,DPT-001,Team-oriented systematic customer loyalty,Lee LLC,2019-12-08,,Active
PRJ-1590,DPT-002,User-friendly background throughput,Hardy-Hester,2022-02-21,,Active
PRJ-1591,DPT-006,Total executive process improvement,Dominguez-Davis,2022-04-23,,Active
PRJ-1592,DPT-001,Multi-channeled disintermediate synergy,Smith-Thomas,2019-01-21,,Active
PRJ-1593,DPT-002,Synergistic actuating capability,Mcgee-Richard,2019-04-18,,On Hold
PRJ-1594,DPT-003,Multi-tiered demand-driven concept,Gillespie Inc,2021-10-14,,Active
PRJ-1595,DPT-004,Total multi-state strategy,"Rangel, Harrison and Robertson",2022-08-30,2023-04-05,Completed
PRJ-1596,DPT-004,Operative client-server alliance,Combs-Taylor,2018-09-30,,Active
PRJ-1597,DPT-002,Cross-group multi-state instruction set,Golden-Thompson,2019-05-27,,Active
PRJ-1598,DPT-005,Open-architected discrete synergy,Williams-Deleon,2022-08-23,,Active
PRJ-1599,DPT-003,Cross-group executive open system,Cochran-Gonzales,2020-03-06,,Active
PRJ-1600,DPT-005,Customer-focused neutral archive,"Barker, Martinez and Miller",2021-01-10,2021-06-19,Completed
PRJ-1601,DPT-006,Vision-oriented content-based system engine,Lawrence PLC,2019-06-11,,Active
PRJ-1602,DPT-004,User-centric national open architecture,Owens Ltd,2019-11-12,2021-01-04,Completed
PRJ-1603,DPT-003,Expanded radical firmware,Hall-Griffin,2018-11-21,2023-05-31,Completed
PRJ-1604,DPT-005,Team-oriented multi-tasking initiative,"Medina, Gonzalez and Ewing",2022-01-08,,Active
PRJ-1605,DPT-002,Focused maximized forecast,Murray-Collins,2021-10-21,,Active
PRJ-1606,DPT-001,Enterprise-wide local firmware,"Manning, Larson and Harris",2022-08-05,,Active
PRJ-1607,DPT-005,Assimilated leadingedge archive,Wright Group,2021-10-09,,Active
PRJ-1608,DPT-004,Profound bi-directional software,Ramsey LLC,2021-01-06,2022-03-01,Completed
PRJ-1609,DPT-003,Virtual cohesive definition,Sanchez-Vega,2021-11-04,,Active
PRJ-1610,DPT-001,Organized stable standardization,Nelson Inc,2020-02-18,,Active
PRJ-1611,DPT-001,Total global moratorium,"Berger, Miller and Foster",2019-08-28,,Active
PRJ-1612,DPT-003,Distributed dynamic hub,"Walton, Knapp and Johnson",2020-01-23,,Active
PRJ-1613,DPT-005,De-engineered motivating knowledgebase,Flores-Morgan,2020-03-18,,Active
PRJ-1614,DPT-007,Up-sized motivating forecast,Cameron LLC,2019-04-11,,Active
PRJ-1615,DPT-007,Cloned 24hour toolset,"Carlson, Tucker and Horton",2022-05-29,,On Hold
PRJ-1616,DPT-001,Managed logistical installation,"Smith, Shelton and Sullivan",2021-07-21,2023-03-19,Completed
PRJ-1617,DPT-006,Synergized leadingedge orchestration,Carson PLC,2019-08-05,2023-10-15,Completed
PRJ-1618,DPT-002,Public-key systematic core,Little-Johnson,2022-03-15,,On Hold
PRJ-1619,DPT-003,Reduced multi-state policy,Klein PLC,2022-02-21,,On Hold
PRJ-1620,DPT-007,User-centric systemic monitoring,"Fuller, Li and Porter",2022-11-26,,Active
PRJ-1621,DPT-006,Profound disintermediate standardization,Meyer Inc,2018-12-02,,Active
PRJ-1622,DPT-002,Versatile content-based initiative,Ramirez PLC,2019-08-17,,On Hold
PRJ-1623,DPT-005,Configurable reciprocal groupware,"Hernandez, Rasmussen and Gray",2021-05-13,,Active
PRJ-1624,DPT-003,Polarized executive extranet,Jenkins-Mcclure,2019-07-08,,Active
PRJ-1625,DPT-003,Digitized secondary support,Johnson-Torres,2021-04-01,,Active
PRJ-1626,DPT-006,Persistent user-facing model,"Gallegos, Roberts and Salas",2018-02-05,2021-04-13,Completed
PRJ-1627,DPT-002,Re-engineered full-range firmware,Mitchell-Smith,2019-02-01,,Active
PRJ-1628,DPT-002,Public-key non-volatile support,Walker and Sons,2021-11-07,,Active
PRJ-1629,DPT-004,Cross-platform explicit conglomeration,"Mitchell, Lowe and Hopkins",2018-07-06,2019-07-22,Completed
PRJ-1630,DPT-001,Fully-configurable uniform Local Area Network,Keller PLC,2019-05-03,,Active
PRJ-1631,DPT-005,Public-key neutral frame,Patton PLC,2021-06-06,2023-03-19,Completed
PRJ-1632,DPT-002,Intuitive mobile definition,"Mcdaniel, Rogers and Burton",2020-09-05,,Active
PRJ-1633,DPT-003,Customer-focused context-sensitive collaboration,Washington Inc,2020-09-13,2023-02-15,Completed
PRJ-1634,DPT-001,Synergistic needs-based productivity,Rivera Inc,2019-07-05,,Active
PRJ-1635,DPT-003,Enterprise-wide coherent flexibility,Pearson-Hall,2018-09-19,,Active
PRJ-1636,DPT-001,Front-line zero tolerance superstructure,Marshall Inc,2018-07-05,,Active
PRJ-1637,DPT-004,Networked national function,Jensen Group,2020-05-12,,Active
PRJ-1638,DPT-001,Digitized object-oriented emulation,"Friedman, Cox and Diaz",2021-09-25,2022-07-15,Completed
PRJ-1639,DPT-004,Enhanced zero-defect task-force,Johnson Ltd,2022-07-06,,Active
PRJ-1640,DPT-004,Devolved stable capacity,Adams-Hartman,2019-01-12,,On Hold
PRJ-1641,DPT-006,Face-to-face 6thgeneration product,Bridges-Smith,2021-02-26,2022-07-04,Completed
PRJ-1642,DPT-001,Switchable mobile approach,Martinez-Lopez,2020-03-02,2020-03-04,Completed
PRJ-1643,DPT-001,Versatile homogeneous focus group,Brooks Inc,2019-01-20,,On Hold
PRJ-1644,DPT-003,Profound client-driven contingency,Roberts and Sons,2019-05-28,,On Hold
PRJ-1645,DPT-004,User-friendly upward-trending orchestration,Brown-Johnson,2020-01-31,,On Hold
PRJ-1646,DPT-005,Enhanced content-based support,Griffith Inc,2019-11-07,,Active
PRJ-1647,DPT-003,Re-contextualized object-oriented productivity,"Taylor, Moran and Edwards",2022-04-26,2022-07-28,Completed
PRJ-1648,DPT-005,Horizontal contextually-based methodology,Stewart and Sons,2019-03-04,,Active
PRJ-1649,DPT-003,Cross-platform transitional flexibility,"Miller, Charles and Williams",2018-09-20,,On Hold
PRJ-1650,DPT-007,Right-sized optimal Graphical User Interface,Fleming Inc,2018-01-01,2020-10-18,Completed
PRJ-1651,DPT-003,Seamless mission-critical middleware,"Phillips, Bates and White",2022-08-06,,Active
PRJ-1652,DPT-002,Cross-group explicit projection,Fields Inc,2020-08-04,,Active
PRJ-1653,DPT-001,Team-oriented tertiary capability,"Garrison, Mcdonald and Obrien",2022-07-28,,Active
PRJ-1654,DPT-006,Cross-group mobile installation,Smith Inc,2018-11-15,,Active
PRJ-1655,DPT-004,Customer-focused grid-enabled focus group,Dennis Group,2021-10-17,,Active
PRJ-1656,DPT-005,Business-focused attitude-oriented secured line,Rodriguez-Glass,2020-07-26,,Active
PRJ-1657,DPT-004,Synergistic next generation model,Briggs Group,2020-03-26,,Active
PRJ-1658,DPT-002,Synchronized grid-enabled implementation,Holland Inc,2018-03-21,,Active
PRJ-1659,DPT-007,Seamless neutral core,"Thompson, Simpson and Hamilton",2021-02-17,,Active
PRJ-1660,DPT-004,Digitized secondary solution,"Hart, Harris and Bryant",2021-03-05,,Active
PRJ-1661,DPT-004,Sharable upward-trending standardization,Williams Ltd,2020-09-06,,Active
PRJ-1662,DPT-002,Multi-tiered grid-enabled installation,"Cross, Montgomery and Davis",2021-08-15,,Active
PRJ-1663,DPT-003,Organic asynchronous circuit,Roth-Ashley,2020-08-23,,Active
PRJ-1664,DPT-007,Future-proofed tertiary adapter,Perez LLC,2022-11-27,2023-11-11,Completed
PRJ-1665,DPT-001,De-engineered fresh-thinking website,Wright Ltd,2019-05-28,,Active
PRJ-1666,DPT-007,Integrated zero administration product,"Gibson, Williams and Contreras",2018-02-20,2021-07-04,Completed
PRJ-1667,DPT-002,Realigned interactive neural-net,"Kennedy, Arnold and Kim",2018-12-26,2023-11-14,Completed
PRJ-1668,DPT-001,Enterprise-wide analyzing structure,"Ashley, Taylor and Neal",2022-08-15,2023-05-09,Completed
PRJ-1669,DPT-001,Horizontal 6thgeneration flexibility,Thomas Inc,2021-08-24,,Active
PRJ-1670,DPT-007,Networked zero tolerance model,"Scott, Parks and Garcia",2021-09-03,,Active
PRJ-1671,DPT-006,User-friendly solution-oriented capacity,Peterson PLC,2020-03-24,,Active
PRJ-1672,DPT-007,Programmable bifurcated process improvement,Russell LLC,2020-10-29,2023-07-27,Completed
PRJ-1673,DPT-004,User-friendly reciprocal moratorium,Mccarthy PLC,2018-07-21,,Active
PRJ-1674,DPT-003,Horizontal methodical alliance,Alvarado-Hamilton,2021-12-03,2023-05-13,Completed
PRJ-1675,DPT-007,Cross-platform mission-critical circuit,"Martinez, Ross and Palmer",2020-09-01,,Active
PRJ-1676,DPT-002,Fully-configurable directional flexibility,Perez-Stephens,2019-10-10,,Active
PRJ-1677,DPT-001,Ameliorated reciprocal productivity,Butler Group,2022-04-19,,Active
PRJ-1678,DPT-006,Profound solution-oriented customer loyalty,Wilson Ltd,2019-07-02,,On Hold
PRJ-1679,DPT-007,Visionary actuating middleware,Watts-Williams,2021-02-02,,Active
PRJ-1680,DPT-006,Open-architected empowering Graphical User Interface,"Mills, Hendrix and Scott",2018-06-10,,Active
PRJ-1681,DPT-002,Mandatory national workforce,Kim-Navarro,2021-02-06,,Active
PRJ-1682,DPT-003,Configurable optimal leverage,"Scott, Sanchez and Obrien",2020-12-09,,On Hold
PRJ-1683,DPT-007,Automated eco-centric frame,"Barajas, Fields and Turner",2022-10-17,,Active
PRJ-1684,DPT-001,Upgradable client-driven system engine,"Smith, Watson and Flores",2020-04-20,,Active
PRJ-1685,DPT-005,Robust background contingency,"Clark, Davenport and Drake",2022-11-07,,Active
PRJ-1686,DPT-001,Horizontal optimal frame,Blankenship-White,2022-05-15,2022-11-14,Completed
PRJ-1687,DPT-006,Digitized regional productivity,"Rogers, Mason and Stevens",2020-07-08,,Active
PRJ-1688,DPT-002,Distributed leadingedge policy,Figueroa-Smith,2020-05-14,,Active
PRJ-1689,DPT-003,Seamless fresh-thinking project,Johnson-Sheppard,2020-08-03,2022-06-19,Completed
PRJ-1690,DPT-002,Public-key solution-oriented service-desk,Mckinney-Jones,2021-09-11,,Active
PRJ-1691,DPT-004,Exclusive needs-based neural-net,Hunter Inc,2018-02-11,,Active
PRJ-1692,DPT-006,Up-sized global success,"Blake, Bailey and Martin",2019-01-09,2023-04-23,Completed
PRJ-1693,DPT-003,Reverse-engineered upward-trending forecast,Moore-Lucero,2018-09-17,,Active
PRJ-1694,DPT-006,Optional homogeneous hub,Price-Macdonald,2021-08-16,2022-07-27,Completed
PRJ-1695,DPT-004,Adaptive actuating software,Hoover-Hess,2019-09-22,2022-06-11,Completed
PRJ-1696,DPT-001,Reduced 6thgeneration artificial intelligence,Sanders-Phillips,2021-11-25,,Active
PRJ-1697,DPT-005,Synchronized responsive hierarchy,Higgins-Bradley,2018-10-13,,Active
PRJ-1698,DPT-006,Fundamental human-resource superstructure,Bright-Peterson,2019-03-29,2023-07-13,Completed
PRJ-1699,DPT-002,Ergonomic uniform service-desk,"Reyes, Hernandez and Fischer",2021-11-21,,Active
PRJ-1700,DPT-002,Fundamental tangible attitude,"Long, Aguirre and Eaton",2021-02-04,,Active
PRJ-1701,DPT-007,Operative systemic infrastructure,Winters-Morales,2018-02-12,,On Hold
PRJ-1702,DPT-005,Object-based didactic encryption,Howard-Hicks,2018-12-22,,On Hold
PRJ-1703,DPT-005,Organized bifurcated artificial intelligence,Henderson Group,2021-11-28,,Active
PRJ-1704,DPT-002,Re-engineered human-resource policy,Gilbert and Sons,2020-05-22,,Active
PRJ-1705,DPT-002,Reduced secondary installation,Perez LLC,2019-09-17,,On Hold
PRJ-1706,DPT-007,Optimized radical conglomeration,"Kerr, Miller and Perry",2022-06-25,,Active
PRJ-1707,DPT-005,Expanded modular policy,Wallace-Mccoy,2018-08-04,,Active
PRJ-1708,DPT-003,Proactive user-facing data-warehouse,Lyons Group,2018-06-23,,Active
PRJ-1709,DPT-002,Customizable actuating leverage,"Hahn, Woods and Barton",2018-05-21,,Active
PRJ-1710,DPT-001,Multi-layered didactic forecast,"Bolton, Johnson and Murphy",2022-08-29,2022-11-14,Completed
PRJ-1711,DPT-003,Optimized systematic support,"Alvarado, Knapp and Carr",2022-08-06,,Active
PRJ-1712,DPT-004,Self-enabling scalable approach,"Byrd, Rodriguez and Mathis",2021-04-02,,Active
PRJ-1713,DPT-007,Innovative neutral toolset,Bennett-Sheppard,2021-02-26,,Active
PRJ-1714,DPT-002,Organized hybrid function,Lloyd-Johnson,2021-03-13,,Active
PRJ-1715,DPT-007,Exclusive stable concept,Anderson-Deleon,2021-06-11,,Active
PRJ-1716,DPT-006,Enhanced client-server methodology,Sexton Ltd,2019-03-17,,Active
PRJ-1717,DPT-002,Cross-group logistical definition,Hughes-Gould,2021-09-14,,On Hold
PRJ-1718,DPT-004,Operative logistical emulation,"Brown, Durham and Parsons",2018-05-18,,Active
PRJ-1719,DPT-005,Pre-emptive cohesive methodology,"Simpson, Martin and Cobb",2019-08-30,2023-03-06,Completed
PRJ-1720,DPT-002,Multi-layered transitional knowledge user,Jones-Green,2021-09-05,,Active
PRJ-1721,DPT-006,Open-source heuristic solution,"Fritz, Harrison and Wilson",2020-03-03,,Active
PRJ-1722,DPT-002,Assimilated cohesive complexity,Rodriguez-Reeves,2019-01-31,2020-09-30,Completed
PRJ-1723,DPT-001,Function-based optimal strategy,Olsen-Morgan,2021-10-25,2022-07-22,Completed
PRJ-1724,DPT-004,Future-proofed system-worthy firmware,"Mercer, Gibson and Nelson",2019-07-26,,Active
PRJ-1725,DPT-002,Optimized bandwidth-monitored framework,"Fields, Johnson and Larson",2020-11-22,2023-08-21,Completed
PRJ-1726,DPT-002,Polarized multimedia workforce,Stuart and Sons,2019-09-25,2019-11-16,Completed
PRJ-1727,DPT-003,Pre-emptive 24/7 definition,"Allen, Wilson and Long",2021-07-21,,Active
PRJ-1728,DPT-007,Polarized 24/7 Graphical User Interface,Summers Ltd,2018-05-06,2022-11-16,Completed
PRJ-1729,DPT-004,Vision-oriented full-range array,"Nichols, Daniels and Cruz",2021-05-19,2023-10-19,Completed
PRJ-1730,DPT-001,Open-architected system-worthy contingency,Gamble-Kelley,2021-02-05,,On Hold
PRJ-1731,DPT-005,Operative user-facing orchestration,Brown and Sons,2018-02-11,,Active
PRJ-1732,DPT-001,Quality-focused optimizing intranet,Rice-Lewis,2018-03-29,,Active
PRJ-1733,DPT-007,Fundamental analyzing workforce,Carrillo-Davis,2021-04-22,2021-08-15,Completed
PRJ-1734,DPT-003,Object-based impactful productivity,"Andersen, Davis and Marsh",2021-05-19,2022-03-27,Completed
PRJ-1735,DPT-006,Inverse executive moderator,Lee-Walls,2018-10-01,,Active
PRJ-1736,DPT-002,Self-enabling web-enabled toolset,Roberts PLC,2018-03-03,,Active
PRJ-1737,DPT-002,Profound next generation ability,Kirk-Mendoza,2020-03-25,2023-12-05,Completed
PRJ-1738,DPT-006,Synergized optimal model,"Dawson, Ward and Erickson",2020-02-26,,Active
PRJ-1739,DPT-007,Up-sized actuating concept,Hines-Sanchez,2021-11-29,,Active
PRJ-1740,DPT-001,Cloned didactic monitoring,"George, Thomas and Carroll",2019-12-16,2021-05-24,Completed
PRJ-1741,DPT-003,Synchronized executive system engine,Parks-Rogers,2022-08-10,2023-12-02,Completed
PRJ-1742,DPT-003,Ameliorated global support,Meadows-Harris,2018-07-13,,Active
PRJ-1743,DPT-005,Decentralized optimizing synergy,"Morris, Foster and Miranda",2020-12-31,,Active
PRJ-1744,DPT-001,Synergistic leadingedge productivity,"Jackson, Phillips and Quinn",2021-06-02,,Active
PRJ-1745,DPT-005,Optimized discrete Internet solution,Williams Inc,2019-03-06,,Active
PRJ-1746,DPT-001,Programmable attitude-oriented installation,Rivas PLC,2022-12-24,2023-06-11,Completed
PRJ-1747,DPT-006,Focused background knowledgebase,Gonzalez and Sons,2022-10-06,,Active
PRJ-1748,DPT-007,Multi-channeled hybrid neural-net,"Wright, Duncan and Walters",2021-10-22,2021-12-22,Completed
PRJ-1749,DPT-003,Upgradable upward-trending product,Leon LLC,2018-04-16,,Active
PRJ-1750,DPT-006,Triple-buffered dynamic flexibility,Wilson Group,2019-04-23,,Active
PRJ-1751,DPT-003,Seamless context-sensitive customer loyalty,"Morris, Lopez and Farrell",2020-03-24,,Active
PRJ-1752,DPT-007,Ergonomic disintermediate hub,Davis-Hogan,2018-02-21,,Active
PRJ-1753,DPT-002,Inverse mobile function,"Anderson, Jones and Bowman",2021-08-12,,Active
PRJ-1754,DPT-007,Adaptive homogeneous middleware,Schmidt Group,2019-02-18,,Active
PRJ-1755,DPT-006,Synchronized stable migration,Johnson-Bird,2021-02-23,2022-11-08,Completed
PRJ-1756,DPT-001,Integrated system-worthy Graphic Interface,Macdonald Ltd,2018-06-05,2022-06-05,Completed
PRJ-1757,DPT-002,Object-based scalable paradigm,"Brown, Johnson and Cannon",2022-11-29,,Active
PRJ-1758,DPT-002,Networked 6thgeneration neural-net,"Graham, Torres and Perez",2020-09-30,,Active
PRJ-1759,DPT-005,Reverse-engineered zero administration definition,Cox-Rios,2022-03-12,,Active
PRJ-1760,DPT-001,Compatible incremental standardization,"Rodriguez, Valencia and Johns",2021-08-15,,Active
PRJ-1761,DPT-002,Expanded dynamic info-mediaries,Russell Inc,2018-02-23,,Active
PRJ-1762,DPT-001,Versatile tangible service-desk,Anthony Ltd,2019-05-24,,Active
PRJ-1763,DPT-003,Extended asymmetric contingency,Smith Group,2022-03-25,,Active
PRJ-1764,DPT-001,Diverse interactive middleware,Alexander-Murillo,2018-05-03,,On Hold
PRJ-1765,DPT-006,Quality-focused background installation,"Irwin, Gonzalez and Johnson",2020-04-24,,Active
PRJ-1766,DPT-006,De-engineered 6thgeneration initiative,Romero PLC,2020-12-02,,Active
PRJ-1767,DPT-005,Upgradable multi-tasking synergy,Hill LLC,2022-09-19,,Active
PRJ-1768,DPT-005,Managed bandwidth-monitored product,Hopkins PLC,2022-10-01,,Active
PRJ-1769,DPT-001,User-centric directional paradigm,Jones Inc,2020-08-28,2021-09-14,Completed
PRJ-1770,DPT-003,Sharable homogeneous methodology,"Reed, Hayes and Lee",2020-04-01,,Active
PRJ-1771,DPT-002,Networked homogeneous matrices,Randolph-Ross,2019-02-04,,Active
PRJ-1772,DPT-004,Seamless demand-driven application,Singh and Sons,2022-01-05,,Active
PRJ-1773,DPT-004,Advanced disintermediate middleware,Norton-Roberts,2021-09-05,,Active
PRJ-1774,DPT-004,Future-proofed discrete middleware,"Peterson, Warren and Phelps",2021-03-01,,Active
PRJ-1775,DPT-005,Synergistic local algorithm,Baker-Moss,2020-11-13,,Active
PRJ-1776,DPT-007,Vision-oriented grid-enabled extranet,Grant LLC,2022-05-10,,Active
PRJ-1777,DPT-005,Quality-focused mission-critical product,Jackson-Williams,2020-04-07,2021-04-04,Completed
PRJ-1778,DPT-001,Quality-focused 6thgeneration hardware,Parks-Gibson,2020-03-31,,Active
PRJ-1779,DPT-002,User-friendly multimedia parallelism,"Hall, Wiley and Meyer",2021-08-15,2021-10-30,Completed
PRJ-1780,DPT-006,Public-key 4thgeneration throughput,"Harrison, Gibbs and Ayers",2022-11-17,,On Hold
PRJ-1781,DPT-006,Focused stable strategy,"Lawrence, Harrell and Miranda",2021-11-03,,On Hold
PRJ-1782,DPT-002,Virtual well-modulated interface,Krueger Ltd,2020-02-23,,On Hold
PRJ-1783,DPT-004,Enterprise-wide mission-critical analyzer,"Robertson, Guzman and Jenkins",2020-11-08,,Active
PRJ-1784,DPT-001,Implemented user-facing moderator,"Richards, Howe and Welch",2019-11-03,2023-03-02,Completed
PRJ-1785,DPT-007,Virtual multimedia project,Melendez LLC,2019-11-06,2023-10-20,Completed
PRJ-1786,DPT-004,Open-source discrete extranet,Tyler-Mccoy,2021-04-18,2023-05-27,Completed
PRJ-1787,DPT-005,Profit-focused 6thgeneration extranet,Pearson-Lara,2022-09-18,2022-11-05,Completed
PRJ-1788,DPT-001,Monitored responsive software,"Collins, Bailey and Anderson",2019-06-17,,Active
PRJ-1789,DPT-006,Multi-layered multimedia contingency,Carpenter-Mitchell,2018-01-21,,Active
PRJ-1790,DPT-001,Realigned local firmware,Armstrong-Davis,2022-04-24,,Active
PRJ-1791,DPT-003,Re-engineered dedicated attitude,"Williams, Boyd and Castillo",2022-06-06,2023-04-12,Completed
PRJ-1792,DPT-007,Right-sized upward-trending extranet,Jones-Mahoney,2018-09-15,2021-12-21,Completed
PRJ-1793,DPT-005,Inverse upward-trending methodology,Green Ltd,2022-03-31,,Active
PRJ-1794,DPT-004,Reactive systematic knowledge user,Hanna-Wise,2019-01-03,,Active
PRJ-1795,DPT-004,Assimilated fresh-thinking initiative,Lee-Anderson,2019-07-08,2021-11-13,Completed
PRJ-1796,DPT-005,Optimized didactic alliance,Mcmillan LLC,2022-03-12,,On Hold
PRJ-1797,DPT-007,Quality-focused user-facing instruction set,Boone-Rogers,2022-09-10,,Active
PRJ-1798,DPT-002,Networked intangible infrastructure,Valenzuela-Simmons,2018-03-29,,On Hold
PRJ-1799,DPT-007,Face-to-face client-server attitude,Little Ltd,2019-06-01,,Active
PRJ-1800,DPT-001,Grass-roots fresh-thinking open architecture,Miller-Hobbs,2022-02-08,2023-05-28,Completed
PRJ-1801,DPT-005,Re-engineered motivating framework,Norris-Garcia,2020-12-17,,Active
PRJ-1802,DPT-004,Cloned radical policy,Hunt-Vaughn,2022-02-02,,Active
PRJ-1803,DPT-001,User-centric intangible circuit,"Chapman, Brown and Thomas",2019-11-13,2021-12-05,Completed
PRJ-1804,DPT-003,Customizable 4thgeneration hub,"Barnes, Villegas and Gonzalez",2022-05-03,,On Hold
PRJ-1805,DPT-003,Ameliorated even-keeled knowledge user,"Holder, Hernandez and Henry",2019-07-25,,Active
PRJ-1806,DPT-004,De-engineered encompassing core,"Browning, Burns and Stewart",2022-08-06,,Active
PRJ-1807,DPT-004,User-friendly transitional structure,Garcia and Sons,2020-12-04,,Active
PRJ-1808,DPT-006,Re-engineered human-resource synergy,"Franco, Mathis and Griffin",2018-07-20,,On Hold
PRJ-1809,DPT-007,Profit-focused holistic archive,Adams Group,2021-10-03,,Active
PRJ-1810,DPT-007,Persistent bottom-line info-mediaries,Wilson LLC,2019-09-09,,Active
PRJ-1811,DPT-005,Progressive actuating policy,Thomas-Fitzgerald,2021-12-14,2023-01-15,Completed
PRJ-1812,DPT-004,Versatile hybrid time-frame,Davis Ltd,2022-11-18,2023-01-07,Completed
PRJ-1813,DPT-004,Re-contextualized composite open architecture,Parks LLC,2020-04-14,,On Hold
PRJ-1814,DPT-002,Automated clear-thinking Internet solution,"Reeves, Williams and Hunt",2019-11-30,,Active
PRJ-1815,DPT-007,Managed stable open architecture,"Daniels, Knight and Campbell",2019-10-22,,Active
PRJ-1816,DPT-004,Multi-layered secondary function,York PLC,2020-09-05,,Active
PRJ-1817,DPT-005,Vision-oriented neutral frame,Boone LLC,2021-01-30,,Active
PRJ-1818,DPT-002,Self-enabling eco-centric pricing structure,Gordon Group,2021-12-23,2023-05-27,Completed
PRJ-1819,DPT-002,Mandatory intermediate knowledge user,Perez-Meyer,2021-06-24,2023-11-11,Completed
PRJ-1820,DPT-004,Programmable asynchronous function,Kidd-Lewis,2019-02-09,,Active
PRJ-1821,DPT-002,Synergistic fault-tolerant array,Newton and Sons,2022-02-26,2022-08-03,Completed
PRJ-1822,DPT-002,Ergonomic context-sensitive infrastructure,"Turner, Williams and Davis",2020-07-18,,On Hold
PRJ-1823,DPT-002,Integrated executive open architecture,"Hayden, Tate and Thomas",2022-06-07,,Active
PRJ-1824,DPT-001,Implemented client-driven utilization,Hall-Bishop,2018-12-06,,Active
PRJ-1825,DPT-001,Re-engineered clear-thinking array,Alvarez-Barnett,2021-08-22,,Active
PRJ-1826,DPT-006,Function-based tertiary focus group,"Schmidt, Walton and Elliott",2021-09-07,2022-01-08,Completed
PRJ-1827,DPT-002,Down-sized 24/7 utilization,Hernandez-Mcclure,2021-10-21,,Active
PRJ-1828,DPT-002,Assimilated 5thgeneration capability,"Williams, Moore and Mitchell",2021-03-03,,Active
PRJ-1829,DPT-007,Distributed asymmetric product,"Floyd, Savage and Gomez",2019-04-23,,On Hold
PRJ-1830,DPT-005,Function-based explicit definition,Perry-Hernandez,2019-05-01,,Active
PRJ-1831,DPT-007,Up-sized 5thgeneration interface,Mclean-Green,2021-07-11,,Active
PRJ-1832,DPT-005,Stand-alone scalable instruction set,Brown-Lopez,2018-05-30,,Active
PRJ-1833,DPT-002,Organic actuating architecture,Knight LLC,2021-02-08,,On Hold
PRJ-1834,DPT-004,Polarized zero-defect help-desk,Kerr PLC,2019-02-06,2022-01-05,Completed
PRJ-1835,DPT-005,Vision-oriented tangible knowledge user,"Scott, Harris and Davis",2018-11-16,2022-12-02,Completed
PRJ-1836,DPT-001,Stand-alone zero administration archive,"Barker, Blevins and Bell",2021-06-07,,Active
PRJ-1837,DPT-004,Secured bi-directional solution,Robbins Group,2022-08-25,,Active
PRJ-1838,DPT-006,Configurable motivating open architecture,Solis-Moon,2022-04-18,,Active
PRJ-1839,DPT-005,Virtual background hierarchy,"Lawrence, Wilson and Mccoy",2021-08-26,2022-03-29,Completed
PRJ-1840,DPT-003,Front-line real-time database,Holmes-Brown,2021-12-09,2022-01-30,Completed
PRJ-1841,DPT-002,Re-engineered high-level matrices,Cooper Group,2019-07-04,,Active
PRJ-1842,DPT-002,Virtual bi-directional access,Poole LLC,2022-02-22,,Active
PRJ-1843,DPT-003,Triple-buffered zero tolerance architecture,"Fischer, Williams and Rios",2021-09-08,,Active
PRJ-1844,DPT-002,Programmable global website,"Johnson, Brown and Santana",2018-01-13,,On Hold
PRJ-1845,DPT-006,Quality-focused intangible architecture,Henderson-Harris,2018-09-13,,On Hold
PRJ-1846,DPT-003,Business-focused client-server utilization,Schultz-Thompson,2022-01-02,,Active
PRJ-1847,DPT-005,Profit-focused content-based knowledge user,"Henderson, Valenzuela and Rodriguez",2020-05-04,2022-05-06,Completed
PRJ-1848,DPT-001,Adaptive background circuit,Jennings-Adkins,2021-06-18,,Active
PRJ-1849,DPT-006,Triple-buffered tangible complexity,"Anderson, Hughes and Martin",2019-12-28,,Active
PRJ-1850,DPT-007,Networked client-driven application,Braun and Sons,2020-06-17,,Active
PRJ-1851,DPT-003,Digitized bi-directional extranet,"Hicks, Porter and Perez",2019-04-03,2023-07-06,Completed
PRJ-1852,DPT-005,Object-based clear-thinking middleware,Miller Inc,2019-09-21,,Active
PRJ-1853,DPT-002,Decentralized optimizing infrastructure,"Meyer, Rivera and Diaz",2018-08-03,,Active
PRJ-1854,DPT-004,Ergonomic user-facing hardware,"Lopez, Patterson and Jimenez",2020-05-25,2022-04-18,Completed
PRJ-1855,DPT-004,Progressive multi-state standardization,"Valenzuela, Phillips and Jennings",2019-01-23,2023-06-28,Completed
PRJ-1856,DPT-006,Proactive national budgetary management,"Robinson, Carroll and French",2019-04-07,,Active
PRJ-1857,DPT-006,Exclusive well-modulated capacity,"Stone, Day and Walker",2019-07-23,,Active
PRJ-1858,DPT-004,Triple-buffered tangible knowledgebase,Torres-Frank,2022-07-05,2023-07-06,Completed
PRJ-1859,DPT-007,Business-focused holistic functionalities,Shaffer-Johnson,2020-11-08,,Active
PRJ-1860,DPT-001,Team-oriented exuding matrix,Bell-White,2018-12-17,2020-09-02,Completed
PRJ-1861,DPT-004,Operative regional analyzer,Johnson-Atkinson,2020-07-19,,Active
PRJ-1862,DPT-006,Reduced reciprocal capability,Craig-Smith,2021-12-30,,Active
PRJ-1863,DPT-007,Cross-platform methodical neural-net,Palmer-Fisher,2021-01-11,,Active
PRJ-1864,DPT-006,User-centric demand-driven solution,Herman-Smith,2020-08-31,,Active
PRJ-1865,DPT-004,Versatile exuding Graphical User Interface,Obrien-Taylor,2021-02-22,2022-02-14,Completed
PRJ-1866,DPT-003,Persistent didactic knowledgebase,Martin Group,2022-11-23,,Active
PRJ-1867,DPT-003,Monitored dedicated knowledge user,Scott LLC,2022-11-05,2023-11-09,Completed
PRJ-1868,DPT-007,Up-sized bottom-line complexity,Gray PLC,2020-09-04,,Active
PRJ-1869,DPT-001,Compatible explicit projection,"Mosley, Butler and Martin",2018-05-25,,Active
PRJ-1870,DPT-007,Centralized optimal attitude,Esparza Ltd,2022-05-07,2023-02-21,Completed
PRJ-1871,DPT-005,Front-line fault-tolerant synergy,Taylor Group,2018-02-22,,Active
PRJ-1872,DPT-007,Profound object-oriented help-desk,Romero Ltd,2022-01-06,,Active
PRJ-1873,DPT-001,Ameliorated intermediate protocol,Johnson-Harris,2022-03-16,,Active
PRJ-1874,DPT-006,Future-proofed neutral orchestration,Whitaker-Hawkins,2019-02-09,,Active
PRJ-1875,DPT-002,Optimized directional matrix,Franklin-Baker,2018-08-04,,Active
PRJ-1876,DPT-007,Adaptive full-range success,"Soto, Lucas and Rodriguez",2018-03-13,,Active
PRJ-1877,DPT-004,Implemented static framework,Lynch-Downs,2020-10-14,,Active
PRJ-1878,DPT-002,Automated user-facing solution,Mueller-Cook,2020-04-28,2022-11-23,Completed
PRJ-1879,DPT-006,Advanced incremental task-force,Sanchez LLC,2021-07-28,,Active
PRJ-1880,DPT-001,Sharable zero tolerance complexity,Levine-Macdonald,2018-08-23,,Active
PRJ-1881,DPT-002,Ameliorated stable hierarchy,Brown PLC,2018-11-04,,On Hold
PRJ-1882,DPT-007,Pre-emptive bi-directional process improvement,"Cox, Alexander and Hawkins",2018-10-26,2022-09-27,Completed
PRJ-1883,DPT-002,Polarized value-added firmware,Grant PLC,2022-06-18,2023-02-14,Completed
PRJ-1884,DPT-002,Phased object-oriented intranet,Douglas-Jones,2019-01-01,2022-01-31,Completed
PRJ-1885,DPT-007,User-centric explicit Graphic Interface,"Brown, Evans and Mcgee",2022-07-01,2022-10-10,Completed
PRJ-1886,DPT-001,Programmable national encoding,Richard-Conley,2018-01-05,,Active
PRJ-1887,DPT-002,Balanced optimizing knowledgebase,Allison-Horn,2022-09-12,2023-11-11,Completed
PRJ-1888,DPT-006,Operative neutral toolset,Hammond Ltd,2022-03-07,2023-09-25,Completed
PRJ-1889,DPT-001,Multi-channeled mobile attitude,"Craig, Weaver and Stevens",2019-08-05,2021-03-27,Completed
PRJ-1890,DPT-005,Business-focused systemic intranet,Steele-Reed,2022-01-10,,Active
PRJ-1891,DPT-004,Reactive incremental projection,Gray PLC,2020-02-23,2020-07-27,Completed
PRJ-1892,DPT-007,User-friendly dedicated ability,Oconnor PLC,2019-09-27,,Active
PRJ-1893,DPT-006,Diverse composite adapter,Carter-Thompson,2021-07-29,,On Hold
PRJ-1894,DPT-004,Streamlined interactive matrix,Jensen PLC,2020-01-17,2021-10-25,Completed
PRJ-1895,DPT-005,Vision-oriented attitude-oriented parallelism,"Torres, Miller and Dalton",2019-07-19,,Active
PRJ-1896,DPT-004,Profit-focused tangible secured line,"Bradshaw, Carlson and Harris",2022-05-07,,Active
PRJ-1897,DPT-001,Synergized 24hour conglomeration,Collins-Carlson,2019-04-23,,Active
PRJ-1898,DPT-002,Visionary next generation application,Jones Inc,2019-05-16,2020-10-24,Completed
PRJ-1899,DPT-003,User-friendly intermediate functionalities,"Logan, Miller and Bowers",2021-12-08,,Active
PRJ-1900,DPT-001,Enhanced optimal project,"Lopez, Mcdonald and Gonzalez",2019-12-29,2021-10-04,Completed
PRJ-1901,DPT-003,Progressive bi-directional capacity,Smith Ltd,2019-11-16,,Active
PRJ-1902,DPT-003,Distributed fresh-thinking challenge,Williams-Jones,2018-10-03,,On Hold
PRJ-1903,DPT-007,Quality-focused scalable benchmark,Hardin and Sons,2018-02-21,,Active
PRJ-1904,DPT-006,Polarized didactic moderator,"Mays, Fitzpatrick and Sandoval",2018-08-26,,Active
PRJ-1905,DPT-002,Self-enabling client-server concept,Taylor Ltd,2019-09-10,,Active
PRJ-1906,DPT-003,User-friendly zero-defect system engine,"Conner, Perry and Raymond",2018-10-23,,Active
PRJ-1907,DPT-006,Centralized asynchronous alliance,Lang-Nelson,2019-07-09,,Active
PRJ-1908,DPT-006,Business-focused uniform hardware,"Williams, Chapman and Ray",2018-07-27,,Active
PRJ-1909,DPT-004,Robust responsive success,Wilson-Gordon,2022-05-06,2023-02-18,Completed
PRJ-1910,DPT-003,Self-enabling bottom-line artificial intelligence,"Brown, Wiley and Bender",2020-09-30,,Active
PRJ-1911,DPT-002,Ameliorated static standardization,Rodriguez-Mckenzie,2020-12-03,,Active
PRJ-1912,DPT-004,Centralized asynchronous budgetary management,Whitehead Group,2020-10-26,,Active
PRJ-1913,DPT-002,Centralized multi-state contingency,Mcdonald-Williams,2022-10-25,,Active
PRJ-1914,DPT-003,Centralized optimizing matrix,Grant Group,2018-10-22,,Active
PRJ-1915,DPT-005,Horizontal real-time encoding,Pruitt-Stanton,2018-10-17,,Active
PRJ-1916,DPT-003,Automated even-keeled hub,Turner LLC,2021-03-31,,Active
PRJ-1917,DPT-007,Triple-buffered national middleware,French LLC,2021-06-26,,Active
PRJ-1918,DPT-001,Cloned 6thgeneration open system,Peters-Leon,2020-07-08,,Active
PRJ-1919,DPT-007,Quality-focused uniform encoding,Galvan-Jones,2019-05-10,,Active
PRJ-1920,DPT-001,Persistent full-range emulation,Mcgee-Turner,2022-01-09,,Active
PRJ-1921,DPT-004,Seamless regional synergy,Gomez and Sons,2019-08-23,,Active
PRJ-1922,DPT-001,Upgradable stable success,Alvarez-Smith,2022-11-29,2023-01-22,Completed
PRJ-1923,DPT-001,Polarized neutral core,Simon-Lee,2021-03-17,,Active
PRJ-1924,DPT-001,Future-proofed 5thgeneration product,"Caldwell, Rose and Rivera",2022-09-13,,Active
PRJ-1925,DPT-006,Compatible bandwidth-monitored moratorium,Bell-Alvarez,2022-01-03,,Active
PRJ-1926,DPT-006,Ameliorated leadingedge knowledge user,Kennedy-Shea,2021-09-08,,Active
PRJ-1927,DPT-005,De-engineered maximized archive,Rosales Ltd,2021-04-26,,Active
PRJ-1928,DPT-003,Customer-focused 5thgeneration forecast,Strickland Inc,2020-02-16,,Active
PRJ-1929,DPT-005,Ameliorated methodical database,"Gross, Young and Myers",2019-03-24,2023-06-26,Completed
PRJ-1930,DPT-004,Cloned fresh-thinking process improvement,Herrera-Smith,2021-12-21,,Active
PRJ-1931,DPT-001,Streamlined next generation info-mediaries,Ellison Group,2018-01-03,,Active
PRJ-1932,DPT-001,Centralized multi-state functionalities,Green Group,2020-10-13,2022-02-13,Completed
PRJ-1933,DPT-001,Centralized value-added intranet,Hanna-Garcia,2020-07-18,,Active
PRJ-1934,DPT-007,Integrated disintermediate task-force,"Baker, Jenkins and Guzman",2021-05-27,,Active
PRJ-1935,DPT-001,Open-architected context-sensitive instruction set,Carlson LLC,2018-10-25,,On Hold
PRJ-1936,DPT-001,Reduced tangible model,Klein and Sons,2022-07-18,,Active
PRJ-1937,DPT-001,Focused content-based focus group,"Marks, Newman and Avery",2020-09-17,,Active
PRJ-1938,DPT-006,Mandatory contextually-based orchestration,"Richard, Williamson and Murray",2022-01-03,2023-06-13,Completed
PRJ-1939,DPT-007,Persevering background core,Ferguson-Jacobs,2021-07-02,,Active
PRJ-1940,DPT-002,Decentralized hybrid adapter,Miller Inc,2018-12-29,,Active
PRJ-1941,DPT-007,Fully-configurable zero tolerance service-desk,"Vasquez, Wallace and Owen",2022-08-08,,On Hold
PRJ-1942,DPT-006,Phased stable portal,Wade-Warren,2022-12-05,2023-04-12,Completed
PRJ-1943,DPT-001,Re-engineered disintermediate approach,"Brown, Maxwell and Lynn",2019-03-14,,Active
PRJ-1944,DPT-003,Intuitive neutral framework,Ochoa Inc,2018-01-17,,Active
PRJ-1945,DPT-002,Operative contextually-based productivity,Johnson-Osborn,2020-04-24,,On Hold
PRJ-1946,DPT-003,Open-source tertiary info-mediaries,"Foster, Cook and Melendez",2018-01-06,,Active
PRJ-1947,DPT-005,Operative multi-state open system,Mayer and Sons,2021-02-02,,Active
PRJ-1948,DPT-004,User-centric holistic superstructure,Hensley PLC,2021-11-15,,Active
PRJ-1949,DPT-004,Exclusive logistical productivity,"Baker, Ramos and Smith",2018-12-24,,Active
PRJ-1950,DPT-007,Reduced 4thgeneration conglomeration,Short-Jenkins,2018-11-20,,Active
PRJ-1951,DPT-005,Proactive local challenge,Landry PLC,2021-09-30,,Active
PRJ-1952,DPT-006,Virtual discrete alliance,"Singleton, Murphy and Walker",2019-08-28,,Active
PRJ-1953,DPT-007,Virtual analyzing budgetary management,"Garza, Rivera and Charles",2022-06-25,,Active
PRJ-1954,DPT-001,Optimized executive knowledge user,Green LLC,2020-09-13,,Active
PRJ-1955,DPT-005,Balanced composite database,Wright Group,2020-07-01,2023-07-08,Completed
PRJ-1956,DPT-004,Future-proofed mobile capability,Durham-Howard,2019-11-10,2023-05-08,Completed
PRJ-1957,DPT-002,Phased bandwidth-monitored Graphic Interface,"Zimmerman, Johnson and Washington",2022-09-20,2023-10-24,Completed
PRJ-1958,DPT-002,Face-to-face multimedia collaboration,Medina-Serrano,2018-09-12,,Active
PRJ-1959,DPT-006,Digitized 5thgeneration circuit,"Petty, Roach and Lozano",2019-03-22,,On Hold
PRJ-1960,DPT-004,Open-architected context-sensitive application,Hopkins-Frazier,2021-08-15,,Active
PRJ-1961,DPT-007,Synergized methodical orchestration,Joseph-Vasquez,2021-12-07,,Active
PRJ-1962,DPT-002,Customer-focused upward-trending system engine,"Hamilton, Greene and Hinton",2019-03-14,,Active
PRJ-1963,DPT-002,Multi-layered 3rdgeneration workforce,Graham PLC,2021-12-19,,Active
PRJ-1964,DPT-002,Fully-configurable interactive Graphical User Interface,"West, Love and Erickson",2020-03-21,,Active
PRJ-1965,DPT-005,Reverse-engineered tangible circuit,"Clark, Chen and Rodriguez",2018-01-25,,Active
PRJ-1966,DPT-007,Sharable next generation artificial intelligence,Hunt-Miller,2019-12-10,,Active
PRJ-1967,DPT-007,Managed logistical archive,"Brown, Barker and Schwartz",2021-06-27,,Active
PRJ-1968,DPT-006,Optimized uniform budgetary management,Mercer-Ward,2022-04-25,,Active
PRJ-1969,DPT-004,Configurable multi-tasking toolset,"Mercado, Wilkins and Lara",2021-03-19,,Active
PRJ-1970,DPT-006,Ameliorated intangible architecture,"Park, Jones and Crane",2020-11-26,,Active
PRJ-1971,DPT-005,Team-oriented analyzing knowledge user,Fernandez-Berry,2018-12-29,,Active
PRJ-1972,DPT-006,Synchronized mission-critical monitoring,Huff Group,2020-04-06,2020-07-05,Completed
PRJ-1973,DPT-006,Reactive dedicated flexibility,"Nelson, Clark and Brown",2022-05-27,,Active
PRJ-1974,DPT-004,Programmable full-range solution,Watkins-Choi,2018-06-25,2022-10-30,Completed
PRJ-1975,DPT-002,Persevering local benchmark,Edwards-Kim,2020-02-07,,Active
PRJ-1976,DPT-001,Intuitive mobile paradigm,Cameron Ltd,2022-04-26,2022-06-18,Completed
PRJ-1977,DPT-007,Public-key interactive task-force,"Harris, Brown and Mcdonald",2019-09-26,2023-01-28,Completed
PRJ-1978,DPT-001,Managed explicit emulation,Smith-Martinez,2021-05-08,,Active
PRJ-1979,DPT-006,Right-sized optimal conglomeration,"Lynch, Wong and Anderson",2022-11-13,,Active
PRJ-1980,DPT-002,Organic incremental array,"Chan, Robinson and Cabrera",2022-03-17,,Active
PRJ-1981,DPT-004,Phased secondary software,Williams-Walker,2018-03-11,,Active
PRJ-1982,DPT-003,Universal regional monitoring,Anderson-Cox,2018-09-04,,Active
PRJ-1983,DPT-002,Decentralized foreground system engine,Rodriguez-Duffy,2021-04-28,2022-10-01,Completed
PRJ-1984,DPT-003,Devolved contextually-based knowledgebase,Holt Group,2022-07-06,,Active
PRJ-1985,DPT-001,Fundamental incremental interface,Howard-Butler,2022-08-11,,On Hold
PRJ-1986,DPT-002,Function-based 5thgeneration forecast,Fields PLC,2018-09-18,2019-03-30,Completed
PRJ-1987,DPT-007,Extended leadingedge flexibility,"Pugh, Lee and Evans",2021-07-13,2023-08-22,Completed
PRJ-1988,DPT-007,Compatible cohesive artificial intelligence,"Martin, Franklin and Daniel",2021-10-16,,Active
PRJ-1989,DPT-007,Optional scalable framework,Morris Group,2019-02-28,,On Hold
PRJ-1990,DPT-003,Decentralized systematic encryption,Dominguez PLC,2018-09-15,,Active
PRJ-1991,DPT-002,Fully-configurable optimal implementation,"Lowery, Lang and Pitts",2018-05-29,,Active
PRJ-1992,DPT-005,Down-sized zero tolerance website,"Moore, Hayes and Tucker",2019-07-03,,Active
PRJ-1993,DPT-003,Enhanced zero-defect adapter,Patrick-Miller,2018-08-27,,On Hold
PRJ-1994,DPT-007,Extended high-level algorithm,"Joseph, Lopez and Gutierrez",2020-06-11,,Active
PRJ-1995,DPT-004,Robust executive portal,Simpson and Sons,2021-08-17,,Active
PRJ-1996,DPT-001,Phased mission-critical focus group,Henry-Jackson,2020-06-19,,Active
PRJ-1997,DPT-006,Managed local budgetary management,"Velez, Farley and Diaz",2022-10-24,,Active
PRJ-1998,DPT-003,Virtual intermediate moratorium,Alvarez-Esparza,2021-06-02,,Active
PRJ-1999,DPT-001,Balanced empowering architecture,"Thompson, Stephens and Mendoza",2018-12-09,,Active
PRJ-2000,DPT-005,Pre-emptive background info-mediaries,"Lawrence, Kirby and Mitchell",2020-08-21,,Active
PRJ-2001,DPT-005,Enterprise-wide secondary open architecture,Aguilar and Sons,2019-06-24,2021-10-16,Completed
PRJ-2002,DPT-003,Proactive 6thgeneration access,Jackson-Maldonado,2021-02-28,,Active
PRJ-2003,DPT-003,Inverse uniform strategy,Esparza-Harrison,2018-12-25,2020-05-21,Completed
PRJ-2004,DPT-001,Business-focused 5thgeneration intranet,Krause Inc,2021-04-04,2023-08-15,Completed
PRJ-2005,DPT-001,Balanced national analyzer,Conner-White,2019-03-15,,Active
PRJ-2006,DPT-007,Fully-configurable regional productivity,"Wells, Kim and Steele",2020-09-20,,Active
PRJ-2007,DPT-005,Exclusive clear-thinking process improvement,"Knight, Walker and Garcia",2022-02-01,2023-07-30,Completed
PRJ-2008,DPT-003,Mandatory real-time orchestration,Cox PLC,2020-07-23,,Active
PRJ-2009,DPT-003,Customizable optimal task-force,"Todd, Collins and White",2021-07-20,,Active
PRJ-2010,DPT-002,Implemented systemic throughput,Jones PLC,2022-06-10,,Active
PRJ-2011,DPT-001,Adaptive discrete success,Morales-Williams,2018-02-25,,Active
PRJ-2012,DPT-001,Optimized bi-directional system engine,Guzman-Fernandez,2020-04-04,2022-05-05,Completed
PRJ-2013,DPT-005,Front-line multimedia archive,Hodges Group,2020-02-02,,Active
PRJ-2014,DPT-005,Proactive 24hour software,Jackson-Hart,2018-04-24,,Active
PRJ-2015,DPT-002,Realigned clear-thinking challenge,Brown-Wright,2018-05-23,,Active
PRJ-2016,DPT-007,Mandatory executive info-mediaries,Carr-Dudley,2018-03-05,2019-02-15,Completed
PRJ-2017,DPT-003,Phased grid-enabled concept,Brown-Terrell,2018-08-13,2022-06-24,Completed
PRJ-2018,DPT-004,Multi-lateral high-level algorithm,Vargas-Allen,2021-10-29,2022-04-25,Completed
PRJ-2019,DPT-005,Horizontal background collaboration,Mcmahon-Johnson,2021-01-25,2022-02-01,Completed
PRJ-2020,DPT-004,Ergonomic multi-state methodology,"House, Stanley and Allen",2022-12-27,,Active
PRJ-2021,DPT-002,Down-sized radical capability,Colon PLC,2019-01-20,,Active
PRJ-2022,DPT-005,Upgradable attitude-oriented projection,"Rubio, Ramirez and Delgado",2018-05-21,2018-11-08,Completed
PRJ-2023,DPT-004,Proactive eco-centric definition,Hughes PLC,2020-02-24,2021-01-18,Completed
PRJ-2024,DPT-004,Down-sized directional protocol,Cruz-Krueger,2019-10-24,2021-03-03,Completed
PRJ-2025,DPT-002,Multi-tiered methodical challenge,"Ramirez, Stein and Mitchell",2022-02-04,,Active
PRJ-2026,DPT-004,Enhanced client-driven complexity,Mitchell-Mendoza,2022-04-08,2022-10-17,Completed
PRJ-2027,DPT-004,Stand-alone dynamic definition,Francis-Moore,2021-03-22,,On Hold
PRJ-2028,DPT-001,Balanced zero administration software,"Robinson, Taylor and Barrett",2020-10-23,,Active
PRJ-2029,DPT-003,Multi-tiered bandwidth-monitored methodology,"Preston, Key and Gomez",2019-10-28,,Active
PRJ-2030,DPT-002,Integrated systemic flexibility,"Meadows, Wilkins and Robinson",2022-04-25,2023-10-17,Completed
PRJ-2031,DPT-003,Configurable upward-trending utilization,"Walton, Higgins and Andrews",2019-03-22,,Active
PRJ-2032,DPT-004,Horizontal upward-trending protocol,Ramirez and Sons,2021-09-20,,Active
PRJ-2033,DPT-002,Face-to-face heuristic workforce,"Vasquez, Martin and Hunt",2022-04-29,,Active
PRJ-2034,DPT-002,Focused coherent algorithm,"Robinson, Henry and Green",2022-08-28,2022-09-25,Completed
PRJ-2035,DPT-003,Assimilated zero tolerance portal,Carr Group,2021-10-07,,Active
PRJ-2036,DPT-004,Organic national hub,Hill LLC,2020-12-03,2022-01-25,Completed
PRJ-2037,DPT-006,Visionary user-facing policy,Mitchell-Quinn,2019-03-14,2023-02-20,Completed
PRJ-2038,DPT-003,Face-to-face mobile circuit,Hart-Martin,2019-12-20,,Active
PRJ-2039,DPT-001,Expanded eco-centric monitoring,Harris Ltd,2021-01-01,,Active
PRJ-2040,DPT-004,Multi-layered system-worthy knowledge user,"Chen, Underwood and Robinson",2022-08-09,2023-04-30,Completed
PRJ-2041,DPT-005,Cross-group discrete policy,Good Inc,2018-11-29,,Active
PRJ-2042,DPT-006,Networked full-range data-warehouse,Thomas Group,2020-02-23,,Active
PRJ-2043,DPT-001,Monitored homogeneous solution,"Gilbert, Wallace and Bell",2021-10-08,,Active
PRJ-2044,DPT-005,Automated heuristic matrices,Nicholson Group,2018-10-18,,On Hold
PRJ-2045,DPT-002,Multi-lateral regional project,Pearson and Sons,2019-12-16,2023-04-25,Completed
PRJ-2046,DPT-005,Face-to-face discrete hierarchy,Jackson-Chen,2021-03-01,2022-08-06,Completed
PRJ-2047,DPT-001,Ameliorated bottom-line database,Farmer-Torres,2018-06-20,,Active
PRJ-2048,DPT-006,Triple-buffered upward-trending encryption,"Green, Miller and Hall",2019-08-22,,Active
PRJ-2049,DPT-003,Switchable client-driven algorithm,"Reid, Anderson and Johnson",2021-11-14,2022-11-03,Completed
PRJ-2050,DPT-006,Quality-focused context-sensitive capacity,"Jordan, Booker and Nixon",2021-05-17,,Active
PRJ-2051,DPT-003,Public-key hybrid product,"Dominguez, Day and Fisher",2018-01-03,,On Hold
PRJ-2052,DPT-007,Versatile mission-critical adapter,"Dean, Gutierrez and Campbell",2022-08-05,,Active
PRJ-2053,DPT-007,Open-source discrete policy,"Bishop, Wyatt and Edwards",2021-08-26,,Active
PRJ-2054,DPT-002,Realigned bandwidth-monitored orchestration,Weber LLC,2022-11-19,,Active
PRJ-2055,DPT-007,Configurable background adapter,Montgomery PLC,2020-08-06,,Active
PRJ-2056,DPT-006,Reduced solution-oriented database,"Dalton, Flores and Ochoa",2020-01-31,,Active
PRJ-2057,DPT-007,Digitized leadingedge hub,Anderson Ltd,2021-04-22,2023-11-20,Completed
PRJ-2058,DPT-007,Implemented motivating synergy,Lee-Mcdaniel,2019-01-25,,Active
PRJ-2059,DPT-006,Centralized tangible artificial intelligence,Swanson Inc,2021-05-16,,Active
PRJ-2060,DPT-004,Inverse zero-defect customer loyalty,Jackson PLC,2021-05-02,,Active
PRJ-2061,DPT-001,Robust asynchronous attitude,"Grant, James and Henson",2018-12-11,2019-07-28,Completed
PRJ-2062,DPT-007,Mandatory background synergy,Carter-Miles,2020-02-23,,Active
PRJ-2063,DPT-005,Open-source full-range portal,Lee Group,2021-03-10,2023-09-20,Completed
PRJ-2064,DPT-002,Phased next generation collaboration,Richards-Williams,2018-02-15,,On Hold
PRJ-2065,DPT-005,Adaptive executive knowledgebase,Gonzalez and Sons,2021-07-17,,On Hold
PRJ-2066,DPT-007,Balanced value-added access,"Gordon, Valencia and Torres",2019-08-13,,Active
PRJ-2067,DPT-003,Re-contextualized attitude-oriented customer loyalty,"Duke, Harvey and Sanchez",2018-03-08,,On Hold
PRJ-2068,DPT-005,Multi-lateral didactic open architecture,"Rice, Keller and Walker",2019-05-16,,Active
PRJ-2069,DPT-006,Secured tertiary access,Marks-Fitzgerald,2019-05-17,,On Hold
PRJ-2070,DPT-005,Profit-focused client-server encoding,"Fisher, Reynolds and Gallagher",2018-03-06,,Active
PRJ-2071,DPT-006,Switchable regional matrix,Reese PLC,2019-10-05,2022-10-15,Completed
PRJ-2072,DPT-007,Public-key composite architecture,Mathis Ltd,2018-10-21,,On Hold
PRJ-2073,DPT-004,Balanced bandwidth-monitored hierarchy,Smith Group,2018-05-27,,Active
PRJ-2074,DPT-004,User-friendly radical matrix,"Turner, Olson and Johnson",2019-04-25,2019-08-07,Completed
PRJ-2075,DPT-006,Reduced leadingedge service-desk,Bass-Sullivan,2021-08-18,,Active
PRJ-2076,DPT-001,Synchronized disintermediate benchmark,Williams LLC,2020-11-03,,Active
PRJ-2077,DPT-007,Exclusive asynchronous policy,"Hodge, Escobar and Chen",2019-03-10,,Active
PRJ-2078,DPT-005,Devolved didactic info-mediaries,Paul-Allen,2022-01-09,,Active
PRJ-2079,DPT-004,Configurable empowering matrices,"White, Gregory and Smith",2021-03-20,,Active
PRJ-2080,DPT-003,Distributed dedicated emulation,Daugherty Group,2021-03-03,,Active
PRJ-2081,DPT-003,Balanced optimal protocol,Solomon-Meyers,2020-03-17,,On Hold
PRJ-2082,DPT-005,Profound directional artificial intelligence,Villa-Chan,2020-06-09,2023-08-13,Completed
PRJ-2083,DPT-005,Reduced didactic instruction set,Lindsey Inc,2021-05-22,,Active
PRJ-2084,DPT-003,Configurable intermediate structure,"Wells, Reese and Bryan",2021-04-06,2022-03-19,Completed
PRJ-2085,DPT-002,User-centric 4thgeneration matrix,Marshall and Sons,2020-09-09,,Active
PRJ-2086,DPT-006,Polarized holistic moratorium,Schmidt-Powell,2019-01-05,,Active
PRJ-2087,DPT-007,Organic 5thgeneration benchmark,French PLC,2022-09-28,,On Hold
PRJ-2088,DPT-002,Quality-focused bi-directional ability,Carroll Group,2022-09-21,2023-10-29,Completed
PRJ-2089,DPT-006,De-engineered context-sensitive service-desk,Randolph and Sons,2020-11-12,,Active
PRJ-2090,DPT-007,Progressive interactive challenge,Hill and Sons,2019-02-12,,Active
PRJ-2091,DPT-003,Focused explicit task-force,Thomas LLC,2018-08-25,,Active
PRJ-2092,DPT-004,Ameliorated bottom-line firmware,"Hill, Mcbride and Lee",2018-01-17,2021-02-18,Completed
PRJ-2093,DPT-004,Multi-tiered human-resource toolset,Fischer-Hayes,2018-02-09,2021-07-17,Completed
PRJ-2094,DPT-001,Customer-focused responsive productivity,Howard Inc,2022-02-18,2022-09-06,Completed
PRJ-2095,DPT-005,Front-line exuding conglomeration,Johnson LLC,2019-12-30,,Active
PRJ-2096,DPT-004,Seamless national migration,"Stephenson, Wolfe and Bradley",2020-02-13,,Active
PRJ-2097,DPT-002,Triple-buffered bandwidth-monitored Internet solution,"Jenkins, Price and Arroyo",2018-02-02,2019-05-14,Completed
PRJ-2098,DPT-002,Object-based static superstructure,"Alvarez, Newton and Reed",2018-11-16,2022-08-30,Completed
PRJ-2099,DPT-005,Optimized stable structure,"Simmons, Hernandez and Vasquez",2021-03-13,2023-12-05,Completed
PRJ-2100,DPT-006,Reactive fresh-thinking toolset,"Willis, Gray and Turner",2021-08-22,,Active
PRJ-2101,DPT-004,Re-contextualized cohesive Internet solution,Harper-Snow,2018-05-05,,Active
PRJ-2102,DPT-004,Enterprise-wide neutral complexity,Skinner-Gibson,2020-07-13,,Active
PRJ-2103,DPT-005,Open-source reciprocal system engine,Holder-Gardner,2020-10-28,,Active
PRJ-2104,DPT-003,Universal explicit website,Mcdonald-Sanchez,2020-07-05,2023-12-17,Completed
PRJ-2105,DPT-003,Organized static open architecture,Williams Inc,2019-08-19,,Active
PRJ-2106,DPT-002,Pre-emptive stable info-mediaries,"Wright, Frost and Boyer",2022-06-11,,Active
PRJ-2107,DPT-001,Compatible disintermediate matrix,Leonard and Sons,2018-05-24,,Active
PRJ-2108,DPT-006,Horizontal intangible synergy,Perez-Hutchinson,2019-05-08,,Active
PRJ-2109,DPT-001,Cloned solution-oriented methodology,"Brown, Rogers and Sweeney",2022-01-16,2022-04-30,Completed
PRJ-2110,DPT-001,Multi-tiered modular knowledgebase,"Pierce, Clay and Roman",2018-05-28,,Active
PRJ-2111,DPT-001,Digitized uniform synergy,Lee LLC,2019-08-17,,Active
PRJ-2112,DPT-004,Exclusive actuating utilization,Ford-Larsen,2018-03-28,,On Hold
PRJ-2113,DPT-003,Sharable background capacity,Larsen and Sons,2019-07-15,2021-08-17,Completed
PRJ-2114,DPT-006,Profit-focused needs-based function,Foley PLC,2020-11-18,2022-06-16,Completed
PRJ-2115,DPT-006,Mandatory 24/7 website,Bass-Washington,2022-09-28,,Active
PRJ-2116,DPT-005,Decentralized actuating info-mediaries,Jones PLC,2021-02-11,2022-04-29,Completed
PRJ-2117,DPT-001,Grass-roots value-added moratorium,Reynolds Group,2021-03-30,,Active
PRJ-2118,DPT-006,Future-proofed tertiary Internet solution,Fields Ltd,2018-04-13,2023-12-09,Completed
PRJ-2119,DPT-002,Vision-oriented transitional instruction set,Brown-Bailey,2019-02-16,,Active
PRJ-2120,DPT-003,Open-architected foreground extranet,Randall-Olson,2020-04-26,,Active
PRJ-2121,DPT-003,Down-sized zero tolerance projection,Hartman Inc,2021-02-02,,On Hold
PRJ-2122,DPT-002,Digitized disintermediate open architecture,Gonzales-Solis,2022-07-01,,Active
PRJ-2123,DPT-005,Proactive analyzing throughput,Smith PLC,2020-11-25,,Active
PRJ-2124,DPT-004,Future-proofed grid-enabled approach,Walsh-Harris,2020-11-23,,Active
PRJ-2125,DPT-004,Self-enabling methodical initiative,Barnett PLC,2018-12-30,,Active
PRJ-2126,DPT-004,Enterprise-wide content-based Graphic Interface,Bautista-Valentine,2019-10-28,,Active
PRJ-2127,DPT-004,Optional 6thgeneration infrastructure,Smith Group,2021-07-06,,Active
PRJ-2128,DPT-001,Centralized clear-thinking productivity,Soto Inc,2021-10-16,,Active
PRJ-2129,DPT-004,Fully-configurable methodical encoding,Barnes-Herrera,2020-01-22,,Active
PRJ-2130,DPT-002,Cross-group intermediate portal,"Ramos, Smith and Espinoza",2018-02-13,,On Hold
PRJ-2131,DPT-001,Future-proofed human-resource project,Johnson-Rogers,2020-01-05,,Active
PRJ-2132,DPT-002,User-centric asymmetric paradigm,"Ramirez, Hooper and Werner",2020-04-13,2022-11-21,Completed
PRJ-2133,DPT-007,Triple-buffered real-time architecture,"Curtis, Miller and Williamson",2019-08-04,,Active
PRJ-2134,DPT-003,Realigned leadingedge pricing structure,"Hoffman, Hernandez and Douglas",2019-03-10,2021-12-11,Completed
PRJ-2135,DPT-006,Mandatory full-range knowledge user,Ibarra-Rodriguez,2020-03-21,,Active
PRJ-2136,DPT-007,Up-sized grid-enabled productivity,Boyd PLC,2018-04-29,,Active
PRJ-2137,DPT-007,Optional human-resource algorithm,Perry LLC,2018-02-11,,Active
PRJ-2138,DPT-004,Reduced secondary array,"Campos, Wiley and Miller",2021-07-16,,Active
PRJ-2139,DPT-001,Re-contextualized didactic capability,Hickman and Sons,2020-02-11,,Active
PRJ-2140,DPT-007,Multi-tiered dedicated frame,Leon-Thompson,2018-04-07,2020-07-20,Completed
PRJ-2141,DPT-007,Synchronized directional core,Yang Group,2020-03-11,,On Hold
PRJ-2142,DPT-007,Grass-roots encompassing hub,"Davis, Turner and Beltran",2021-07-15,,Active
PRJ-2143,DPT-007,Cross-platform full-range complexity,"Gordon, Arnold and Murphy",2018-12-06,,Active
PRJ-2144,DPT-001,Multi-lateral incremental Local Area Network,Pearson-Smith,2022-02-21,,Active
PRJ-2145,DPT-003,Team-oriented optimizing extranet,"Davis, Valdez and Mcclure",2018-04-01,2021-11-07,Completed
PRJ-2146,DPT-006,Ameliorated static superstructure,"Madden, Garcia and Cooper",2018-07-12,2021-11-13,Completed
PRJ-2147,DPT-007,Assimilated coherent standardization,"Schmidt, Martin and Hernandez",2022-09-05,,Active
PRJ-2148,DPT-005,Reduced tangible intranet,Collins Inc,2021-06-27,,Active
PRJ-2149,DPT-006,Pre-emptive grid-enabled portal,Cabrera-Johnson,2018-02-26,,Active
PRJ-2150,DPT-003,Vision-oriented systematic protocol,White Inc,2022-11-04,,On Hold
PRJ-2151,DPT-002,User-friendly local process improvement,Hull-Fischer,2021-08-02,,Active
PRJ-2152,DPT-002,Innovative secondary intranet,Curtis Ltd,2022-09-26,,Active
PRJ-2153,DPT-007,Open-source stable algorithm,Powell Group,2018-08-04,2019-10-18,Completed
PRJ-2154,DPT-007,Integrated intermediate installation,Cook PLC,2020-12-13,,Active
PRJ-2155,DPT-003,Cloned client-server hub,Henderson and Sons,2022-04-09,,On Hold
PRJ-2156,DPT-001,Up-sized responsive algorithm,Reyes Inc,2020-05-03,,On Hold
PRJ-2157,DPT-006,Enhanced coherent moderator,"Carter, Mitchell and Willis",2022-06-09,2023-03-03,Completed
PRJ-2158,DPT-006,Decentralized demand-driven interface,"Jones, Hill and Rowe",2018-03-09,,Active
PRJ-2159,DPT-002,Stand-alone even-keeled flexibility,"Bennett, Odonnell and Jennings",2018-05-02,2018-09-11,Completed
PRJ-2160,DPT-006,User-friendly scalable projection,Randolph Group,2019-03-02,,Active
PRJ-2161,DPT-002,Seamless background knowledge user,Adams Inc,2019-02-21,,Active
PRJ-2162,DPT-002,Customer-focused contextually-based pricing structure,Spence LLC,2022-06-10,,Active
PRJ-2163,DPT-003,Profit-focused upward-trending middleware,Jones-Bolton,2021-04-29,,Active
PRJ-2164,DPT-001,Sharable responsive success,Brooks Ltd,2019-10-16,,On Hold
PRJ-2165,DPT-001,Cross-group zero-defect definition,"Turner, Scott and Johnson",2022-05-11,,Active
PRJ-2166,DPT-004,Cloned uniform migration,Hanson and Sons,2018-12-04,,Active
PRJ-2167,DPT-007,Reverse-engineered stable encoding,"Friedman, Martin and Martin",2019-11-10,2020-05-16,Completed
PRJ-2168,DPT-006,Cloned fault-tolerant contingency,Miller LLC,2020-08-23,2022-09-12,Completed
PRJ-2169,DPT-006,Reduced system-worthy knowledge user,"Daniel, Summers and Scott",2022-11-11,,Active
PRJ-2170,DPT-005,Visionary national protocol,"Everett, Gay and Miller",2019-06-25,,Active
PRJ-2171,DPT-004,Ameliorated homogeneous protocol,Edwards and Sons,2022-12-15,2023-04-26,Completed
PRJ-2172,DPT-004,Integrated dynamic system engine,"Jackson, Robertson and Reed",2018-08-26,,Active
PRJ-2173,DPT-007,De-engineered radical secured line,"Clark, Ellis and Boyd",2022-05-05,,On Hold
PRJ-2174,DPT-006,Future-proofed dedicated archive,Kim PLC,2018-09-07,,Active
PRJ-2175,DPT-005,Fundamental multi-tasking knowledge user,Whitaker-White,2019-11-05,,Active
PRJ-2176,DPT-001,Adaptive 24hour paradigm,Williams Inc,2022-07-15,,Active
PRJ-2177,DPT-005,Realigned mobile approach,Walsh-George,2022-08-18,,Active
PRJ-2178,DPT-002,Exclusive client-server system engine,"Hernandez, Nelson and Miller",2021-03-18,,Active
PRJ-2179,DPT-007,Enhanced multimedia adapter,Parsons PLC,2018-04-17,,On Hold
PRJ-2180,DPT-003,Persistent disintermediate concept,"Garcia, Andrews and Ware",2018-04-10,,Active
PRJ-2181,DPT-004,Persevering mobile collaboration,Gordon PLC,2018-02-27,,Active
PRJ-2182,DPT-007,Optional intangible hardware,"Brown, Cook and Ward",2021-02-24,,Active
PRJ-2183,DPT-002,Focused even-keeled adapter,Yates Group,2022-03-13,,Active
PRJ-2184,DPT-005,Configurable incremental architecture,Taylor-Ellis,2020-09-13,,Active
PRJ-2185,DPT-001,Focused systematic pricing structure,"Noble, Green and Clark",2018-10-18,,Active
PRJ-2186,DPT-002,Total responsive product,"Patterson, Huff and Fernandez",2022-05-26,,On Hold
PRJ-2187,DPT-002,Customizable even-keeled time-frame,"Lester, Pearson and Wilson",2021-02-23,,Active
PRJ-2188,DPT-005,Re-engineered contextually-based open system,Williams Inc,2020-07-05,,Active
PRJ-2189,DPT-007,Synergistic even-keeled portal,Moore PLC,2020-04-08,,On Hold
PRJ-2190,DPT-005,Open-source neutral process improvement,Morales-Garcia,2021-07-01,,Active
PRJ-2191,DPT-001,Vision-oriented bottom-line budgetary management,"Watson, Johnson and Williams",2018-03-05,2023-01-19,Completed
PRJ-2192,DPT-001,Diverse analyzing website,Hall-Arnold,2021-09-18,,Active
PRJ-2193,DPT-004,Open-architected fresh-thinking help-desk,"Lam, Kennedy and Wilson",2020-11-09,,Active
PRJ-2194,DPT-007,Managed mission-critical concept,"Williams, Baker and Delgado",2022-08-25,2023-07-15,Completed
PRJ-2195,DPT-001,Intuitive asynchronous Local Area Network,Villegas-Davila,2019-12-16,,On Hold
PRJ-2196,DPT-001,Streamlined mission-critical collaboration,Jackson-Copeland,2018-03-30,,Active
PRJ-2197,DPT-006,Object-based content-based hardware,"Benson, Martinez and Ingram",2021-01-23,,On Hold
PRJ-2198,DPT-001,Compatible stable analyzer,Obrien PLC,2018-12-03,2020-05-28,Completed
PRJ-2199,DPT-007,Secured optimizing moderator,Terrell LLC,2022-06-13,,Active
PRJ-2200,DPT-001,Optional bandwidth-monitored data-warehouse,"Miller, Smith and Andrade",2022-06-04,,Active
PRJ-2201,DPT-002,Assimilated logistical Local Area Network,"Miller, English and Davis",2018-06-29,,Active
PRJ-2202,DPT-007,Synergized eco-centric structure,Skinner-Carpenter,2022-05-08,2023-05-12,Completed
PRJ-2203,DPT-004,Robust high-level portal,Perez-Sandoval,2020-09-28,,Active
PRJ-2204,DPT-002,Fully-configurable fresh-thinking success,Hensley-Payne,2018-12-19,,Active
PRJ-2205,DPT-006,Secured intangible info-mediaries,Wilcox Ltd,2018-05-27,,On Hold
PRJ-2206,DPT-003,Advanced content-based intranet,Myers Group,2020-12-04,,Active
PRJ-2207,DPT-001,Polarized web-enabled alliance,"Jones, Brown and Medina",2018-02-08,,Active
PRJ-2208,DPT-006,Upgradable zero tolerance knowledgebase,Johns-Fernandez,2019-10-28,,Active
PRJ-2209,DPT-001,Visionary interactive moderator,Jenkins LLC,2020-07-29,2022-04-05,Completed
PRJ-2210,DPT-003,Fundamental zero-defect help-desk,West-Stafford,2018-07-26,2019-02-02,Completed
PRJ-2211,DPT-003,Balanced client-driven installation,Friedman-Lynch,2021-10-09,2023-02-02,Completed
PRJ-2212,DPT-003,Enterprise-wide methodical functionalities,Donovan-Hill,2018-07-15,,On Hold
PRJ-2213,DPT-003,Enhanced holistic hardware,Harvey Ltd,2021-06-13,,On Hold
PRJ-2214,DPT-004,Monitored dedicated toolset,"Weiss, Bradley and Hill",2020-02-21,,Active
PRJ-2215,DPT-004,Advanced asymmetric secured line,"Macias, Arnold and Gutierrez",2021-07-19,2023-10-14,Completed
PRJ-2216,DPT-003,Horizontal object-oriented concept,Pham-Ward,2020-10-25,,Active
PRJ-2217,DPT-001,Vision-oriented composite moderator,Franco Ltd,2019-04-08,,Active
PRJ-2218,DPT-002,Grass-roots 4thgeneration challenge,Johnson PLC,2022-12-19,,Active
PRJ-2219,DPT-005,Up-sized asynchronous challenge,Ibarra Ltd,2022-12-09,2023-03-28,Completed
PRJ-2220,DPT-001,Ergonomic reciprocal intranet,Waller LLC,2018-04-23,,On Hold
PRJ-2221,DPT-001,Customer-focused actuating collaboration,"Wright, Evans and Parker",2019-02-10,,Active
PRJ-2222,DPT-001,Synergistic system-worthy parallelism,Brown PLC,2020-07-29,2020-09-29,Completed
PRJ-2223,DPT-002,Decentralized leadingedge matrices,"Green, Walters and Davis",2019-06-28,2023-10-27,Completed
PRJ-2224,DPT-007,Exclusive client-driven frame,"Wood, Davis and Smith",2021-08-18,2023-07-20,Completed
PRJ-2225,DPT-007,Assimilated systemic website,Eaton PLC,2018-07-18,,On Hold
PRJ-2226,DPT-003,Compatible web-enabled instruction set,"Roy, Walker and Evans",2021-11-21,,Active
PRJ-2227,DPT-004,Stand-alone next generation throughput,Ford-Thomas,2022-01-06,,Active
PRJ-2228,DPT-002,Future-proofed value-added info-mediaries,Lawson-Sloan,2021-12-05,2022-03-29,Completed
PRJ-2229,DPT-002,Decentralized zero administration support,Bridges-Thompson,2022-12-26,,Active
PRJ-2230,DPT-006,Total systematic challenge,Munoz-Johnson,2018-06-22,,Active
PRJ-2231,DPT-004,Open-architected user-facing migration,"King, Charles and Roberts",2022-07-14,,Active
PRJ-2232,DPT-006,Proactive dynamic framework,Stanley-Cantu,2019-08-16,,Active
PRJ-2233,DPT-007,Synergistic high-level migration,"Stevens, Davis and Miller",2019-10-31,2021-05-21,Completed
PRJ-2234,DPT-006,Horizontal upward-trending pricing structure,Edwards Group,2021-12-30,,On Hold
PRJ-2235,DPT-001,Grass-roots foreground installation,Collins-Walker,2019-10-01,,On Hold
PRJ-2236,DPT-005,Diverse national budgetary management,"Brooks, Hughes and Harris",2022-04-03,,Active
PRJ-2237,DPT-006,Enterprise-wide directional encoding,"Hardy, Dean and Johnson",2020-06-25,2022-04-24,Completed
PRJ-2238,DPT-001,Adaptive multi-state frame,Vega-Powers,2020-07-12,,Active
PRJ-2239,DPT-005,Automated methodical challenge,Li-Rice,2018-05-23,2019-04-25,Completed
PRJ-2240,DPT-002,Profound mission-critical process improvement,"Jacobs, Garcia and Randolph",2018-03-10,,On Hold
PRJ-2241,DPT-006,Quality-focused eco-centric open architecture,Flores Ltd,2019-05-12,2023-07-13,Completed
PRJ-2242,DPT-002,Organized tangible benchmark,Howard and Sons,2022-03-13,2022-11-17,Completed
PRJ-2243,DPT-006,Total 24/7 Local Area Network,"Quinn, Harris and Todd",2018-09-15,,On Hold
PRJ-2244,DPT-004,Front-line contextually-based alliance,Brown-Harrell,2021-05-20,2022-06-12,Completed
PRJ-2245,DPT-005,Vision-oriented cohesive concept,Hughes Ltd,2022-04-23,,Active
PRJ-2246,DPT-007,Cross-platform secondary structure,"Mays, Drake and Bryant",2018-09-05,,Active
PRJ-2247,DPT-003,Customer-focused attitude-oriented data-warehouse,Wells Group,2021-04-19,,On Hold
PRJ-2248,DPT-004,Cross-group web-enabled time-frame,"Padilla, Ellis and Rodriguez",2021-09-27,,Active
PRJ-2249,DPT-006,Reverse-engineered intermediate toolset,"Gonzales, Jones and Thompson",2021-03-25,,Active
PRJ-2250,DPT-005,Pre-emptive bandwidth-monitored system engine,Brown-Norton,2019-06-24,,Active
PRJ-2251,DPT-001,Open-source stable solution,Carpenter-Williams,2021-10-15,,Active
PRJ-2252,DPT-006,Extended cohesive budgetary management,Hayes Ltd,2019-03-13,,Active
PRJ-2253,DPT-003,Configurable heuristic capability,"Mcbride, Preston and Rubio",2021-06-06,2022-01-30,Completed
PRJ-2254,DPT-007,Persevering directional benchmark,Wells-Decker,2022-10-30,,Active
PRJ-2255,DPT-005,Secured coherent neural-net,Thomas-Freeman,2021-07-10,2021-11-30,Completed
PRJ-2256,DPT-004,Organized motivating focus group,Nguyen PLC,2020-12-19,,Active
PRJ-2257,DPT-004,Streamlined bifurcated capacity,Russell and Sons,2021-03-18,,Active
PRJ-2258,DPT-004,Profound methodical encryption,Smith-Nelson,2022-04-10,,Active
PRJ-2259,DPT-005,Persevering mission-critical attitude,"Vaughn, Fox and Garrison",2019-01-26,,Active
PRJ-2260,DPT-002,Virtual modular open architecture,Kaufman and Sons,2021-01-15,,Active
PRJ-2261,DPT-007,Right-sized motivating emulation,Robbins PLC,2022-10-15,,On Hold
PRJ-2262,DPT-007,Compatible optimizing matrix,"Ortega, Lewis and Mason",2020-04-06,,On Hold
PRJ-2263,DPT-007,Diverse bottom-line functionalities,Miller Ltd,2019-02-20,2022-06-18,Completed
PRJ-2264,DPT-002,Cloned 24hour parallelism,"Jones, Taylor and Joseph",2022-01-28,,Active
PRJ-2265,DPT-006,Pre-emptive foreground implementation,"Buck, Lee and Knight",2022-10-08,2023-03-22,Completed
PRJ-2266,DPT-007,Pre-emptive interactive structure,"Burton, Perez and Solis",2021-08-02,,Active
PRJ-2267,DPT-005,Versatile fault-tolerant complexity,Guerrero-Wise,2021-10-07,,Active
PRJ-2268,DPT-001,Extended 4thgeneration array,Glass-Wilkins,2020-11-23,,Active
PRJ-2269,DPT-001,Switchable client-driven matrix,"Austin, Adams and Campbell",2021-11-23,,Active
PRJ-2270,DPT-002,Compatible tangible support,"Sullivan, Saunders and Washington",2021-09-16,,Active
PRJ-2271,DPT-001,Fundamental mission-critical moderator,"Atkins, Parker and Hamilton",2020-09-06,,Active
PRJ-2272,DPT-003,Networked eco-centric capability,Miller Inc,2021-05-30,,Active
PRJ-2273,DPT-001,Open-architected hybrid time-frame,Ramsey PLC,2022-03-22,,Active
PRJ-2274,DPT-002,Digitized reciprocal framework,Wilson-Jarvis,2021-01-07,,Active
PRJ-2275,DPT-001,Open-source 24hour policy,"Williams, Sandoval and Flynn",2018-02-14,,Active
PRJ-2276,DPT-001,Open-architected neutral archive,Henson Ltd,2020-11-18,2023-05-29,Completed
PRJ-2277,DPT-002,User-friendly high-level software,Woodward Ltd,2021-05-25,2022-04-27,Completed
PRJ-2278,DPT-001,Synergized zero tolerance circuit,Jackson-Perez,2020-09-28,,Active
PRJ-2279,DPT-006,Ameliorated full-range support,"Carter, Moore and Lopez",2021-07-26,,Active
PRJ-2280,DPT-001,Advanced cohesive matrices,"Hill, Price and Miles",2019-07-21,,On Hold
PRJ-2281,DPT-006,Horizontal analyzing implementation,"Black, Lynn and Cervantes",2020-03-15,,Active
PRJ-2282,DPT-007,Universal heuristic moderator,Abbott-Brown,2019-03-25,,Active
PRJ-2283,DPT-003,Extended web-enabled adapter,Little-Brown,2020-10-16,,Active
PRJ-2284,DPT-005,Multi-tiered fault-tolerant analyzer,"Johnson, Cole and Torres",2021-03-04,,Active
PRJ-2285,DPT-005,Progressive human-resource methodology,"Flores, Anderson and Swanson",2022-07-26,,Active
PRJ-2286,DPT-003,Proactive tangible flexibility,Stewart Ltd,2021-02-22,,Active
PRJ-2287,DPT-002,Ameliorated logistical groupware,Bonilla-Green,2022-12-01,,Active
PRJ-2288,DPT-007,Multi-tiered responsive encryption,"White, Torres and Salinas",2022-11-07,,Active
PRJ-2289,DPT-006,Object-based fault-tolerant concept,Baldwin-Brown,2020-05-28,2023-08-31,Completed
PRJ-2290,DPT-005,Exclusive impactful hierarchy,Garner-Miller,2018-08-20,,On Hold
PRJ-2291,DPT-007,Universal interactive application,Davidson Ltd,2019-03-05,2020-06-18,Completed
PRJ-2292,DPT-006,Optimized systemic groupware,"Henderson, Walter and Montgomery",2021-07-28,,On Hold
PRJ-2293,DPT-006,Multi-tiered client-driven framework,Chase Ltd,2018-10-30,,Active
PRJ-2294,DPT-007,Persistent zero tolerance moratorium,"Brown, Turner and Byrd",2018-05-12,,Active
PRJ-2295,DPT-006,Public-key reciprocal strategy,Ward-Chandler,2022-10-02,2023-07-25,Completed
PRJ-2296,DPT-006,Customer-focused exuding installation,"Hernandez, Nixon and Summers",2018-12-28,,Active
PRJ-2297,DPT-005,Team-oriented asynchronous paradigm,Meyers Group,2022-07-31,,Active
PRJ-2298,DPT-006,Persistent web-enabled hierarchy,Hill-Davis,2019-06-24,,Active
PRJ-2299,DPT-007,Universal multimedia leverage,Tucker-Gregory,2020-04-09,,Active
PRJ-2300,DPT-003,Integrated methodical website,Ryan PLC,2020-07-10,,Active
PRJ-2301,DPT-006,Switchable asymmetric emulation,"Williams, Johnson and Williams",2021-06-21,,Active
PRJ-2302,DPT-006,Devolved transitional superstructure,"Wolf, Klein and Stewart",2020-10-14,,Active
PRJ-2303,DPT-004,Sharable mission-critical attitude,White-Johnson,2019-11-08,,Active
PRJ-2304,DPT-005,Configurable radical artificial intelligence,"White, Thornton and Hernandez",2022-12-16,2023-10-28,Completed
PRJ-2305,DPT-003,Managed discrete groupware,Fuller Ltd,2020-06-14,,Active
PRJ-2306,DPT-005,Decentralized composite interface,Powell-Thompson,2018-05-21,2022-01-02,Completed
PRJ-2307,DPT-006,Realigned fresh-thinking infrastructure,Casey-Lowery,2018-05-16,,Active
PRJ-2308,DPT-001,Versatile reciprocal ability,"Hernandez, Kelley and Pope",2018-08-02,,On Hold
PRJ-2309,DPT-004,Cloned asynchronous structure,Fields Inc,2018-10-07,2021-10-25,Completed
PRJ-2310,DPT-005,Automated coherent toolset,Rich-Hensley,2020-11-07,,Active
PRJ-2311,DPT-003,Multi-layered eco-centric success,Ford Ltd,2021-10-17,2022-03-07,Completed
PRJ-2312,DPT-006,Stand-alone encompassing architecture,Collins LLC,2019-02-28,,Active
PRJ-2313,DPT-001,Programmable national leverage,Roberts-Reynolds,2022-05-07,,Active
PRJ-2314,DPT-007,Ameliorated regional algorithm,"Fleming, Hebert and Steele",2019-05-01,2022-07-26,Completed
PRJ-2315,DPT-005,Assimilated full-range strategy,Montes Ltd,2022-04-09,2023-01-20,Completed
PRJ-2316,DPT-002,Implemented upward-trending support,Hill-Davis,2019-09-20,,Active
PRJ-2317,DPT-005,Pre-emptive client-server throughput,"Rodriguez, Anderson and Clark",2020-07-30,,Active
PRJ-2318,DPT-007,Fundamental next generation monitoring,Bautista-Perry,2022-04-16,,Active
PRJ-2319,DPT-005,Automated context-sensitive portal,Richardson-Mccall,2020-12-03,2023-04-27,Completed
PRJ-2320,DPT-006,Triple-buffered value-added throughput,"Glass, West and Underwood",2019-07-27,2023-01-26,Completed
PRJ-2321,DPT-001,Monitored well-modulated matrix,Morrow LLC,2021-06-29,,Active
PRJ-2322,DPT-005,Devolved multi-tasking standardization,Campbell-Mullen,2019-03-30,2019-07-09,Completed
PRJ-2323,DPT-005,Triple-buffered needs-based array,"Davis, Williams and Davenport",2021-06-30,2022-04-02,Completed
PRJ-2324,DPT-004,Seamless systemic encryption,"Ramsey, Luna and Wilkerson",2021-09-09,,Active
PRJ-2325,DPT-003,Cross-group content-based implementation,Nguyen Inc,2018-01-27,2018-02-18,Completed
PRJ-2326,DPT-002,Expanded modular firmware,"Walters, Armstrong and Hernandez",2019-04-12,2019-05-09,Completed
PRJ-2327,DPT-005,Secured intangible pricing structure,"Osborne, Johnson and Steele",2022-03-22,2023-03-19,Completed
PRJ-2328,DPT-001,Synergized fresh-thinking knowledge user,Cox LLC,2021-04-13,,On Hold
PRJ-2329,DPT-004,Devolved system-worthy core,"Sutton, Crawford and Parker",2021-06-23,2021-09-28,Completed
PRJ-2330,DPT-007,User-centric executive Graphical User Interface,Dixon-Brooks,2018-01-22,2022-12-27,Completed
PRJ-2331,DPT-004,Mandatory bottom-line portal,"Pierce, Cameron and Willis",2018-07-09,,Active
PRJ-2332,DPT-006,Multi-channeled homogeneous adapter,Underwood Group,2021-06-14,2022-01-08,Completed
PRJ-2333,DPT-001,Upgradable system-worthy Graphical User Interface,"Davis, Hall and Diaz",2020-02-10,2020-03-20,Completed
PRJ-2334,DPT-001,Profound maximized workforce,Allen Inc,2019-05-20,2021-09-24,Completed
PRJ-2335,DPT-007,Open-source mission-critical matrices,Beck-Reese,2022-09-17,,Active
PRJ-2336,DPT-002,Streamlined next generation knowledge user,"Smith, Ayers and Davis",2022-04-28,,Active
PRJ-2337,DPT-004,Business-focused regional protocol,Smith Ltd,2019-04-30,,Active
PRJ-2338,DPT-007,Re-contextualized reciprocal superstructure,Simpson-Thompson,2022-06-26,,Active
PRJ-2339,DPT-007,Mandatory grid-enabled budgetary management,Richard-West,2019-09-22,2021-12-02,Completed
PRJ-2340,DPT-002,Exclusive executive utilization,"Davis, Roman and Jones",2018-06-05,2018-11-16,Completed
PRJ-2341,DPT-005,Focused solution-oriented product,Velasquez-Oconnell,2018-05-07,,Active
PRJ-2342,DPT-004,Managed national emulation,"Robinson, Fitzpatrick and Flynn",2020-05-22,2021-06-05,Completed
PRJ-2343,DPT-006,Self-enabling mobile forecast,Brooks-Jordan,2021-06-03,2023-10-18,Completed
PRJ-2344,DPT-001,Mandatory demand-driven open system,"Villarreal, Barker and White",2021-05-24,2022-04-07,Completed
PRJ-2345,DPT-005,Multi-tiered optimal projection,"Sexton, Hall and Mcgrath",2018-09-06,,Active
PRJ-2346,DPT-004,Cloned high-level challenge,Barnes-Gibbs,2021-05-25,,Active
PRJ-2347,DPT-003,Multi-channeled actuating Internet solution,Lewis-Perez,2018-03-22,2021-02-26,Completed
PRJ-2348,DPT-001,Implemented analyzing system engine,"Powell, Simmons and Garcia",2022-05-08,,Active
PRJ-2349,DPT-001,Digitized human-resource open architecture,Bryant LLC,2021-06-16,,Active
PRJ-2350,DPT-006,Virtual dynamic process improvement,Johnson PLC,2019-04-05,,Active
PRJ-2351,DPT-005,Synergized coherent focus group,Davis Group,2019-01-03,,Active
PRJ-2352,DPT-005,Multi-layered heuristic strategy,Patterson Group,2020-01-23,2020-07-15,Completed
PRJ-2353,DPT-003,Triple-buffered mission-critical utilization,Bautista-Floyd,2018-11-20,2021-10-18,Completed
PRJ-2354,DPT-002,De-engineered bi-directional throughput,"Sparks, Carpenter and Sims",2021-09-08,,Active
PRJ-2355,DPT-001,User-friendly radical encoding,Smith-Matthews,2018-05-03,,Active
PRJ-2356,DPT-004,Phased content-based pricing structure,"Wood, Garcia and Davis",2020-01-18,,Active
PRJ-2357,DPT-003,Self-enabling non-volatile monitoring,Carrillo-Meyer,2021-08-27,,On Hold
PRJ-2358,DPT-005,Ergonomic full-range policy,Garcia-Perez,2022-01-07,2023-11-12,Completed
PRJ-2359,DPT-004,Multi-channeled homogeneous task-force,Turner-Wright,2022-03-01,,Active
PRJ-2360,DPT-006,Automated real-time infrastructure,Cowan-Taylor,2021-07-08,,Active
PRJ-2361,DPT-003,Expanded multimedia time-frame,Jones-Johnson,2019-09-09,2020-08-14,Completed
PRJ-2362,DPT-001,Distributed asymmetric time-frame,"Lutz, Evans and Anderson",2019-08-20,2020-04-20,Completed
PRJ-2363,DPT-004,Integrated full-range focus group,Sanchez Group,2020-04-24,,Active
PRJ-2364,DPT-005,Customer-focused global extranet,King-Moore,2021-02-22,,Active
PRJ-2365,DPT-003,Re-contextualized client-driven challenge,Jones-Hanson,2018-01-30,2022-01-30,Completed
PRJ-2366,DPT-006,Innovative even-keeled artificial intelligence,"Garcia, Craig and Cruz",2022-02-21,2023-03-22,Completed
PRJ-2367,DPT-002,Ergonomic clear-thinking productivity,"Tanner, Morris and Meyer",2019-05-30,,Active
PRJ-2368,DPT-007,Virtual object-oriented support,Bullock Group,2021-09-10,,Active
PRJ-2369,DPT-002,Centralized encompassing standardization,Merritt Inc,2022-12-06,,Active
PRJ-2370,DPT-005,Realigned optimal definition,"Henderson, Gross and Williams",2021-12-31,,Active
PRJ-2371,DPT-005,Digitized asynchronous hub,"Miller, Hensley and Lucas",2021-12-19,2023-07-28,Completed
PRJ-2372,DPT-007,Horizontal empowering utilization,Brown LLC,2020-02-27,2023-01-29,Completed
PRJ-2373,DPT-004,Fully-configurable secondary array,"Martin, Martin and Mckenzie",2020-07-18,2023-01-09,Completed
PRJ-2374,DPT-001,Enterprise-wide directional collaboration,Martin-Walters,2021-01-20,,Active
PRJ-2375,DPT-003,Automated directional middleware,"Villanueva, Torres and Coleman",2020-05-19,,Active
PRJ-2376,DPT-006,Secured optimal Graphic Interface,Mckinney and Sons,2019-04-15,2021-12-31,Completed
PRJ-2377,DPT-007,Exclusive upward-trending leverage,Brewer-Rowe,2019-05-05,2022-11-02,Completed
PRJ-2378,DPT-001,Virtual leadingedge architecture,Roberts-Scott,2020-12-04,,Active
PRJ-2379,DPT-003,Decentralized executive help-desk,Barber-Sullivan,2021-04-26,,On Hold
PRJ-2380,DPT-004,Balanced fresh-thinking Graphical User Interface,Gordon LLC,2021-01-07,,Active
PRJ-2381,DPT-007,Monitored needs-based middleware,Mercer-Lawrence,2022-07-03,,Active
PRJ-2382,DPT-002,Re-contextualized well-modulated approach,Galvan Group,2021-11-27,,Active
PRJ-2383,DPT-002,Synergized eco-centric focus group,"Jensen, Bailey and Glenn",2022-09-20,,On Hold
PRJ-2384,DPT-005,Managed didactic strategy,"Blake, Ochoa and Martinez",2018-08-07,,Active
PRJ-2385,DPT-004,Face-to-face actuating workforce,"Wilkins, Thomas and Huff",2018-09-12,,Active
PRJ-2386,DPT-001,Enterprise-wide bi-directional throughput,Garcia-Hull,2021-11-06,,Active
PRJ-2387,DPT-005,Operative client-driven help-desk,Wolf PLC,2021-11-16,,On Hold
PRJ-2388,DPT-007,Expanded systematic attitude,"Johnson, Leon and Bates",2022-05-27,,Active
PRJ-2389,DPT-002,Sharable dynamic data-warehouse,Thomas LLC,2019-03-15,,Active
PRJ-2390,DPT-007,Streamlined motivating attitude,Riddle Group,2020-05-30,,Active
PRJ-2391,DPT-004,Virtual reciprocal moratorium,"Guerrero, Ryan and Jones",2018-01-30,,Active
PRJ-2392,DPT-001,Multi-channeled eco-centric model,Johnson-Logan,2022-09-24,2022-11-04,Completed
PRJ-2393,DPT-005,Centralized needs-based implementation,Jenkins-Stone,2018-08-29,2021-05-02,Completed
PRJ-2394,DPT-005,Expanded regional encryption,Moore-Liu,2020-01-21,,Active
PRJ-2395,DPT-001,Visionary disintermediate pricing structure,Cruz Group,2022-11-16,,Active
PRJ-2396,DPT-004,Monitored encompassing open system,"Collins, Mcintosh and Dominguez",2022-10-16,2023-02-04,Completed
PRJ-2397,DPT-002,Advanced high-level framework,"Grant, Cox and Mcdonald",2019-10-22,,Active
PRJ-2398,DPT-005,Distributed holistic Local Area Network,"Miller, Lopez and Schneider",2018-06-26,,Active
PRJ-2399,DPT-001,Polarized mission-critical concept,Obrien-Diaz,2019-10-15,,Active
PRJ-2400,DPT-002,De-engineered 6thgeneration portal,"Curtis, Butler and Hayes",2019-02-19,,Active
PRJ-2401,DPT-006,Mandatory 5thgeneration matrix,Jones Inc,2018-02-08,,Active
PRJ-2402,DPT-003,Reactive executive analyzer,Diaz-Velez,2022-05-10,2022-09-11,Completed
PRJ-2403,DPT-001,De-engineered client-server matrices,Shelton PLC,2020-09-23,,Active
PRJ-2404,DPT-003,Reverse-engineered reciprocal definition,Simpson LLC,2022-04-19,2023-04-19,Completed
PRJ-2405,DPT-002,Profit-focused stable matrices,Nelson LLC,2019-12-25,2022-04-11,Completed
PRJ-2406,DPT-007,Object-based mission-critical solution,Gonzales-Odonnell,2019-08-09,,Active
PRJ-2407,DPT-005,Polarized responsive core,Knight-Sullivan,2022-01-17,,Active
PRJ-2408,DPT-005,Digitized next generation analyzer,Ortiz Inc,2022-11-22,2023-06-04,Completed
PRJ-2409,DPT-006,Synergized impactful support,Mckenzie-Davis,2019-08-24,2022-07-04,Completed
PRJ-2410,DPT-002,Polarized multi-tasking circuit,Gonzalez PLC,2020-04-24,,Active
PRJ-2411,DPT-002,Seamless user-facing Local Area Network,Middleton and Sons,2020-08-08,,Active
PRJ-2412,DPT-001,Business-focused intermediate collaboration,Taylor-Richardson,2019-12-21,,Active
PRJ-2413,DPT-001,Object-based fault-tolerant function,Nelson Group,2022-03-03,,Active
PRJ-2414,DPT-005,Organic scalable frame,Hudson-Knight,2019-01-13,,Active
PRJ-2415,DPT-004,Profit-focused national emulation,Robertson-Bowen,2022-08-11,2023-11-04,Completed
PRJ-2416,DPT-006,Progressive multi-tasking strategy,"Brown, Hodges and Martin",2021-09-25,2023-05-23,Completed
PRJ-2417,DPT-007,Horizontal explicit success,"Cannon, Brown and Guerra",2021-01-07,,Active
PRJ-2418,DPT-003,De-engineered full-range strategy,Burke Inc,2019-07-21,,Active
PRJ-2419,DPT-007,Virtual grid-enabled Graphic Interface,Sexton Inc,2018-03-27,,Active
PRJ-2420,DPT-006,Virtual content-based application,"Johnston, Pope and Nielsen",2022-01-17,2023-11-23,Completed
PRJ-2421,DPT-007,Open-source actuating protocol,Ruiz PLC,2022-01-12,2022-02-24,Completed
PRJ-2422,DPT-003,Exclusive dynamic challenge,Massey LLC,2022-04-06,,Active
PRJ-2423,DPT-004,Visionary demand-driven product,Clark-Gonzalez,2019-01-26,,Active
PRJ-2424,DPT-001,Profound grid-enabled moderator,"Grimes, Marshall and Nelson",2021-04-09,,Active
PRJ-2425,DPT-007,Ameliorated explicit middleware,"Harvey, Meyer and Allen",2019-03-04,,Active
PRJ-2426,DPT-004,User-centric neutral software,"Wilson, Gay and Oconnor",2020-09-10,,Active
PRJ-2427,DPT-004,Adaptive intermediate analyzer,"Garza, Klein and Marshall",2018-07-22,2023-02-06,Completed
PRJ-2428,DPT-001,Profound multi-state access,"Barnett, Nunez and May",2020-12-09,,Active
PRJ-2429,DPT-001,Compatible discrete artificial intelligence,"Martinez, Hammond and Martin",2021-06-16,,Active
PRJ-2430,DPT-005,Organized dedicated time-frame,Griffin Group,2022-08-31,,Active
PRJ-2431,DPT-007,Upgradable human-resource support,Ryan Group,2020-07-10,2022-03-06,Completed
PRJ-2432,DPT-002,Compatible analyzing synergy,Dunn-Todd,2019-06-18,,Active
PRJ-2433,DPT-004,Organized logistical policy,Harvey-Ruiz,2020-10-08,,Active
PRJ-2434,DPT-002,Intuitive multimedia pricing structure,"Hicks, Robinson and Greene",2021-06-25,,Active
PRJ-2435,DPT-006,Universal client-server matrices,Carter Inc,2020-06-03,,Active
PRJ-2436,DPT-005,Stand-alone bottom-line model,Butler-Anderson,2020-01-06,,Active
PRJ-2437,DPT-007,Expanded national service-desk,Rodriguez Group,2019-07-13,,Active
PRJ-2438,DPT-007,Reduced actuating alliance,Chavez Ltd,2020-08-11,,Active
PRJ-2439,DPT-005,Stand-alone mobile approach,"Stanley, Alvarado and Wilson",2021-01-16,2021-05-30,Completed
PRJ-2440,DPT-002,Exclusive actuating matrix,Murphy-Thomas,2018-04-18,,Active
PRJ-2441,DPT-002,Sharable 24/7 customer loyalty,Mendez-Jackson,2018-03-04,,Active
PRJ-2442,DPT-005,Multi-lateral mission-critical project,Castaneda and Sons,2022-12-12,,Active
PRJ-2443,DPT-006,Synergized clear-thinking protocol,Perry Ltd,2018-01-07,2019-10-08,Completed
PRJ-2444,DPT-002,Business-focused modular middleware,Sims Inc,2021-06-26,,Active
PRJ-2445,DPT-004,Fundamental client-server superstructure,"Hill, Cross and Garcia",2021-01-01,2023-10-01,Completed
PRJ-2446,DPT-005,Pre-emptive reciprocal monitoring,"Guerrero, Richard and Martin",2019-08-13,,Active
PRJ-2447,DPT-004,Decentralized systemic instruction set,Mckenzie Inc,2022-08-03,,Active
PRJ-2448,DPT-006,Universal reciprocal policy,Shelton Ltd,2021-03-01,,Active
PRJ-2449,DPT-004,Open-architected disintermediate service-desk,Mercer LLC,2018-03-08,,Active
PRJ-2450,DPT-006,Down-sized upward-trending attitude,Clark-Williams,2022-04-30,,Active
PRJ-2451,DPT-001,Advanced executive approach,Stevens Group,2018-08-13,,Active
PRJ-2452,DPT-004,Persistent mobile moratorium,Jackson Ltd,2022-05-13,,On Hold
PRJ-2453,DPT-001,Reverse-engineered dynamic encryption,Robinson LLC,2020-03-08,,On Hold
PRJ-2454,DPT-005,Devolved stable circuit,"Harris, Keller and Adkins",2022-04-01,2023-05-07,Completed
PRJ-2455,DPT-005,Customizable human-resource conglomeration,Daniel and Sons,2022-01-16,2022-12-04,Completed
PRJ-2456,DPT-006,Multi-lateral solution-oriented Internet solution,Kim-Smith,2021-08-10,,Active
PRJ-2457,DPT-005,Distributed asymmetric solution,Macias-Ortiz,2020-08-30,,Active
PRJ-2458,DPT-007,Centralized systematic challenge,Campbell Inc,2018-03-12,2021-05-27,Completed
PRJ-2459,DPT-001,Streamlined bottom-line capability,Hutchinson-Zavala,2021-04-25,,On Hold
PRJ-2460,DPT-002,Horizontal fresh-thinking Graphical User Interface,"Lopez, Johnson and Armstrong",2018-07-19,,Active
PRJ-2461,DPT-002,Team-oriented clear-thinking toolset,King-Martinez,2018-10-28,,On Hold
PRJ-2462,DPT-005,Right-sized fault-tolerant installation,Wright-Marshall,2019-04-18,,On Hold
PRJ-2463,DPT-006,Extended value-added migration,"Ruiz, Patrick and Short",2019-07-23,,On Hold
PRJ-2464,DPT-004,Self-enabling directional concept,"Franco, Joseph and Proctor",2021-09-27,,Active
PRJ-2465,DPT-004,Assimilated radical neural-net,"Weiss, Harris and Evans",2019-04-01,,Active
PRJ-2466,DPT-005,Multi-channeled system-worthy time-frame,Crawford Inc,2019-08-20,,Active
PRJ-2467,DPT-001,Triple-buffered foreground middleware,"Nash, Gregory and Martinez",2021-03-08,,Active
PRJ-2468,DPT-001,Virtual grid-enabled challenge,Hansen-Montgomery,2018-01-05,,Active
PRJ-2469,DPT-005,Versatile motivating leverage,Harris Inc,2021-06-09,2021-10-29,Completed
PRJ-2470,DPT-006,Realigned multi-state algorithm,Carrillo-Webster,2018-08-02,2019-06-19,Completed
PRJ-2471,DPT-005,Total contextually-based architecture,"Anderson, Martinez and Garza",2018-01-15,,Active
PRJ-2472,DPT-005,Optimized system-worthy capability,Zimmerman and Sons,2022-11-11,2023-09-09,Completed
PRJ-2473,DPT-001,Phased encompassing instruction set,"Wheeler, Gonzales and Johnson",2020-06-01,2022-11-05,Completed
PRJ-2474,DPT-004,Ergonomic bi-directional Internet solution,Bowen and Sons,2020-08-02,2022-11-24,Completed
PRJ-2475,DPT-006,Front-line high-level hierarchy,Collins-Johnson,2020-11-27,,On Hold
PRJ-2476,DPT-005,Organic exuding matrix,Henry Inc,2020-09-20,,Active
PRJ-2477,DPT-001,Managed incremental frame,"Johnston, Bennett and Young",2019-04-15,,Active
PRJ-2478,DPT-004,Universal empowering time-frame,Matthews-Hall,2022-07-18,,Active
PRJ-2479,DPT-004,Sharable bandwidth-monitored Graphic Interface,"Larson, Fisher and Willis",2019-09-04,,Active
PRJ-2480,DPT-001,Triple-buffered secondary product,Hughes LLC,2019-09-02,2020-02-10,Completed
PRJ-2481,DPT-007,Right-sized coherent Internet solution,Smith LLC,2022-05-11,,Active
PRJ-2482,DPT-002,Devolved eco-centric adapter,Shaffer LLC,2019-03-28,,Active
PRJ-2483,DPT-005,Cloned local throughput,Fernandez Inc,2018-07-29,,Active
PRJ-2484,DPT-004,Switchable multi-state pricing structure,Allen-Harris,2019-07-22,2021-12-22,Completed
PRJ-2485,DPT-006,Polarized bandwidth-monitored Graphical User Interface,"Martin, Hawkins and Dougherty",2022-12-24,,Active
PRJ-2486,DPT-006,Seamless real-time standardization,"Ross, Alvarez and Wilcox",2018-07-07,2020-02-17,Completed
PRJ-2487,DPT-004,Customer-focused web-enabled info-mediaries,"Griffin, Thompson and Meyer",2022-08-04,,Active
PRJ-2488,DPT-007,Vision-oriented zero-defect migration,Newman-Ferguson,2018-04-26,,Active
PRJ-2489,DPT-003,Persevering disintermediate utilization,Perez-Armstrong,2022-09-02,,Active
PRJ-2490,DPT-003,Multi-channeled responsive knowledge user,"Lewis, Foster and Novak",2022-05-22,,Active
PRJ-2491,DPT-001,Triple-buffered intermediate strategy,Morgan-Pierce,2022-01-11,,Active
PRJ-2492,DPT-004,Centralized background groupware,"Steele, Mitchell and Hernandez",2019-02-18,,Active
PRJ-2493,DPT-005,Switchable responsive methodology,Oliver Ltd,2021-02-16,,Active
PRJ-2494,DPT-004,Multi-layered methodical knowledgebase,"Stokes, Moore and Tanner",2018-05-26,,Active
PRJ-2495,DPT-004,Up-sized fresh-thinking solution,Perry PLC,2022-06-19,,Active
PRJ-2496,DPT-006,Up-sized zero-defect policy,Spencer Group,2020-04-29,,Active
PRJ-2497,DPT-003,Face-to-face foreground structure,Wilkinson and Sons,2018-04-09,,On Hold
PRJ-2498,DPT-007,Customer-focused needs-based leverage,Gutierrez-Horton,2019-05-24,2021-09-05,Completed
PRJ-2499,DPT-001,Streamlined eco-centric superstructure,Snow LLC,2019-11-17,2022-07-25,Completed
PRJ-2500,DPT-005,Adaptive reciprocal benchmark,Park Ltd,2018-06-25,,Active
